time;open;high;low;close;Volume
2026-03-13;104,370;105,385;94,150;96,810;14 960 000
2026-03-12;115,530;116,910;104,980;106,190;15 400 000
2026-03-11;118,550;128,960;113,880;127,010;10 310 000
2026-03-10;112,100;127,390;112,010;120,490;13 620 000
2026-03-09;95,175;110,870;93,730;110,620;13 840 000
2026-03-06;98,000;114,630;95,070;95,580;15 240 000
2026-03-05;97,490;102,280;91,350;101,140;10 220 000
2026-03-04;101,200;101,497;92,220;99,710;10 470 000
2026-03-03;91,500;97,400;86,050;95,340;16 980 000
2026-03-02;107,550;110,000;93,780;102,510;27 110 000
2026-02-27;65,930;84,310;65,568;84,230;24 890 000
2026-02-26;58,310;58,980;52,850;53,690;5 510 000
2026-02-25;57,200;59,250;56,849;58,120;3 650 000
2026-02-24;52,880;56,610;51,000;56,270;4 200 000
2026-02-23;50,520;55,085;49,950;53,960;6 240 000
2026-02-20;46,000;54,300;45,960;51,680;7 980 000
2026-02-19;43,250;47,000;42,710;46,980;3 210 000
2026-02-18;44,340;44,675;42,560;43,440;1 860 000
2026-02-17;43,200;45,490;41,120;43,910;3 330 000
2026-02-13;44,100;46,662;42,050;44,460;2 750 000
2026-02-12;48,860;48,950;42,510;43,990;4 200 000
2026-02-11;49,115;50,800;45,300;48,400;3 540 000
2026-02-10;47,525;50,100;47,030;48,490;4 350 000
2026-02-09;43,645;49,130;43,110;47,910;5 960 000
2026-02-06;40,150;44,790;39,640;44,300;5 410 000
2026-02-05;38,575;40,400;37,018;38,130;3 850 000
2026-02-04;47,000;47,010;37,990;39,900;7 210 000
2026-02-03;46,200;47,440;42,250;46,120;5 660 000
2026-02-02;42,010;49,110;42,010;44,160;8 890 000
2026-01-30;41,070;48,310;40,750;43,610;12 000 000
2026-01-29;42,930;43,000;37,150;39,570;8 570 000
2026-01-28;37,870;46,300;37,655;45,230;11 720 000
2026-01-27;35,990;38,000;35,100;37,390;3 130 000
2026-01-26;35,570;36,749;34,540;34,890;3 240 000
2026-01-23;37,900;37,900;35,680;35,720;2 980 000
2026-01-22;39,990;41,390;38,010;38,150;4 270 000
2026-01-21;39,410;40,000;35,540;38,380;3 450 000
2026-01-20;35,550;39,940;35,370;39,260;4 090 000
2026-01-16;38,100;40,050;37,000;37,040;4 260 000
2026-01-15;35,305;38,710;35,190;37,000;5 690 000
2026-01-14;34,090;34,545;33,280;34,470;2 090 000
2026-01-13;33,900;35,020;33,130;34,180;3 170 000
2026-01-12;33,150;34,440;32,600;33,720;3 850 000
2026-01-09;32,650;34,490;31,859;34,040;5 550 000
2026-01-08;37,910;38,000;31,670;33,010;8 580 000
2026-01-07;37,540;39,500;36,810;38,055;3 810 000
2026-01-06;35,010;39,190;34,020;38,610;5 060 000
2026-01-05;41,055;41,350;34,810;34,990;6 610 000
2026-01-02;36,345;40,100;35,760;39,600;4 860 000
2025-12-31;35,750;36,000;34,800;34,860;2 740 000
2025-12-30;36,610;37,730;35,860;36,020;2 310 000
2025-12-29;36,500;39,220;36,250;36,750;3 740 000
2025-12-26;41,000;41,200;37,100;37,170;3 830 000
2025-12-24;40,730;41,470;39,969;41,000;2 370 000
2025-12-23;37,640;41,960;37,260;40,640;9 340 000
2025-12-22;32,290;39,600;32,290;39,095;9 770 000
2025-12-19;29,755;31,930;29,330;31,320;5 120 000
2025-12-18;28,200;29,800;27,780;29,250;4 540 000
2025-12-17;29,680;30,400;26,800;27,140;3 400 000
2025-12-16;29,320;30,114;27,770;28,960;4 070 000
2025-12-15;33,680;33,900;29,690;29,900;4 420 000
2025-12-12;35,395;35,490;31,940;32,060;5 440 000
2025-12-11;35,275;37,050;33,690;36,320;11 950 000
2025-12-10;29,555;35,730;29,330;34,980;9 850 000
2025-12-09;27,380;30,490;27,170;30,380;5 810 000
2025-12-08;27,490;27,980;26,820;27,840;4 120 000
2025-12-05;26,340;27,030;25,800;26,590;2 880 000
2025-12-04;25,290;26,300;24,830;26,240;3 490 000
2025-12-03;26,110;26,440;25,020;25,650;2 820 000
2025-12-02;26,850;27,900;26,010;26,020;3 470 000
2025-12-01;25,780;26,950;25,701;26,530;3 690 000
2025-11-28;25,610;27,290;25,560;26,780;3 590 000
2025-11-26;23,450;26,680;23,120;25,570;7 540 000
2025-11-25;21,960;22,850;21,400;22,730;2 360 000
2025-11-24;20,810;22,897;20,630;22,470;4 390 000
2025-11-21;19,280;20,800;18,500;20,580;5 960 000
2025-11-20;22,300;22,820;19,395;19,490;6 350 000
2025-11-19;20,840;21,440;20,540;20,870;3 410 000
2025-11-18;21,110;22,230;20,790;20,890;3 110 000
2025-11-17;21,420;23,000;21,000;21,630;4 850 000
2025-11-14;19,640;22,046;19,200;21,465;6 610 000
2025-11-13;23,460;23,460;19,920;20,910;7 720 000
2025-11-12;24,240;24,670;23,450;23,940;4 480 000
2025-11-11;24,720;24,871;23,520;23,750;6 070 000
2025-11-10;28,010;28,050;24,050;25,420;9 310 000
2025-11-07;25,000;30,250;24,760;28,570;10 120 000
2025-11-06;31,480;31,570;28,660;29,100;7 340 000
2025-11-05;30,740;32,200;29,800;31,510;4 930 000
2025-11-04;31,000;31,610;28,200;29,500;7 720 000
2025-11-03;36,140;37,000;32,830;33,040;4 700 000
2025-10-31;35,700;36,477;34,180;35,560;3 960 000
2025-10-30;34,490;36,300;34,100;35,070;3 590 000
2025-10-29;37,330;38,990;34,750;35,480;7 000 000
2025-10-28;36,790;37,610;35,010;36,870;5 310 000
2025-10-27;35,000;37,676;34,380;37,220;5 330 000
2025-10-24;32,130;34,391;31,500;34,010;4 460 000
2025-10-23;29,900;32,080;29,850;31,400;3 940 000
2025-10-22;32,360;32,852;28,850;29,975;5 270 000
2025-10-21;34,010;35,320;32,710;33,400;4 130 000
2025-10-20;32,890;35,850;32,600;34,140;6 480 000
2025-10-17;30,510;32,480;28,870;31,920;4 670 000
2025-10-16;32,950;33,260;30,930;31,140;3 990 000
2025-10-15;30,000;33,030;29,177;32,950;6 790 000
2025-10-14;27,800;29,340;26,662;28,480;4 110 000
2025-10-13;28,500;29,420;27,502;29,100;4 530 000
2025-10-10;33,160;35,200;27,120;27,150;8 800 000
2025-10-09;32,440;34,100;31,120;32,370;5 020 000
2025-10-08;31,730;32,450;30,860;32,220;3 170 000
2025-10-07;33,655;34,620;29,765;31,335;7 950 000
2025-10-06;29,100;34,473;28,400;33,790;10 810 000
2025-10-03;28,050;28,790;26,871;27,930;3 940 000
2025-10-02;28,960;29,381;27,840;27,980;3 670 000
2025-10-01;25,300;28,450;25,250;28,420;3 740 000
2025-09-30;25,800;26,800;25,130;25,930;3 540 000
2025-09-29;26,300;26,500;25,710;25,940;3 110 000
2025-09-26;26,300;26,440;25,450;25,770;2 730 000
2025-09-25;25,740;26,645;24,790;26,340;4 340 000
2025-09-24;27,965;28,460;26,500;26,690;4 700 000
2025-09-23;30,500;31,130;27,620;28,060;6 160 000
2025-09-22;28,200;30,800;27,800;30,540;4 740 000
2025-09-19;28,700;29,880;28,520;28,990;4 320 000
2025-09-18;30,370;30,415;28,437;29,040;4 780 000
2025-09-17;28,410;30,050;28,230;29,470;5 370 000
2025-09-16;29,700;29,700;27,300;28,930;6 600 000
2025-09-15;28,090;29,800;27,750;29,560;8 130 000
2025-09-12;26,830;27,470;26,022;27,070;3 790 000
2025-09-11;27,350;27,650;26,280;26,850;5 410 000
2025-09-10;24,700;28,030;24,350;27,720;10 590 000
2025-09-09;23,555;24,100;22,740;23,720;2 920 000
2025-09-08;24,270;24,490;23,165;23,630;3 250 000
2025-09-05;23,850;24,225;22,630;23,990;3 870 000
2025-09-04;23,340;23,680;22,040;23,320;4 100 000
2025-09-03;23,810;24,590;22,510;23,020;4 950 000
2025-09-02;22,830;23,640;22,200;23,350;4 530 000
2025-08-29;25,820;26,650;24,090;24,200;3 700 000
2025-08-28;24,300;25,930;22,450;25,490;5 720 000
2025-08-27;25,200;25,540;24,025;24,050;4 680 000
2025-08-26;25,790;26,330;24,750;25,070;5 070 000
2025-08-25;25,075;26,330;24,330;24,340;5 870 000
2025-08-22;23,470;25,990;23,350;24,790;5 150 000
2025-08-21;21,820;23,750;21,600;23,700;4 430 000
2025-08-20;22,500;22,600;20,719;21,930;4 400 000
2025-08-19;25,520;25,790;22,520;22,770;6 880 000
2025-08-18;22,780;26,968;22,000;26,130;8 720 000
2025-08-15;21,810;22,960;21,315;22,365;4 210 000
2025-08-14;22,130;22,500;20,459;21,010;4 930 000
2025-08-13;23,645;24,300;22,095;23,020;4 930 000
2025-08-12;21,330;23,811;21,305;22,790;5 560 000
2025-08-11;21,600;21,600;19,885;20,860;5 700 000
2025-08-08;23,975;24,400;20,670;21,590;12 220 000
2025-08-07;23,560;23,600;21,802;22,330;6 410 000
2025-08-06;21,720;23,375;21,520;23,230;5 730 000
2025-08-05;22,360;22,360;20,480;21,415;4 020 000
2025-08-04;22,710;22,850;21,454;22,190;3 620 000
2025-08-01;21,460;22,300;20,940;21,530;5 890 000
2025-07-31;23,780;24,530;22,860;22,870;5 360 000
2025-07-30;24,300;24,570;22,400;23,060;5 050 000
2025-07-29;25,540;26,350;23,990;24,110;4 080 000
2025-07-28;27,510;27,590;24,760;25,220;5 500 000
2025-07-25;26,410;27,880;25,770;27,130;4 190 000
2025-07-24;26,560;27,450;25,700;25,840;3 060 000
2025-07-23;27,200;27,778;25,915;26,305;3 040 000
2025-07-22;28,180;28,230;25,400;26,350;5 040 000
2025-07-21;28,680;29,440;27,980;28,230;3 090 000
2025-07-18;30,000;30,200;27,630;28,630;3 940 000
2025-07-17;29,000;30,132;28,630;29,420;3 820 000
2025-07-16;28,930;29,000;26,360;28,985;4 860 000
2025-07-15;31,240;31,580;28,460;29,240;4 550 000
2025-07-14;28,235;29,820;27,100;29,495;4 310 000
2025-07-11;27,647;29,070;27,647;28,400;3 150 000
2025-07-10;27,890;29,000;26,680;28,250;3 410 000
2025-07-09;27,580;28,860;26,200;27,920;5 510 000
2025-07-08;27,160;27,660;26,070;26,880;4 360 000
2025-07-07;27,810;28,000;25,730;26,440;6 760 000
2025-07-03;26,760;31,015;26,420;28,660;6 960 000
2025-07-02;25,090;26,740;23,900;26,690;4 580 000
2025-07-01;25,150;26,010;23,850;25,350;4 580 000
2025-06-30;26,900;27,600;25,320;25,690;3 410 000
2025-06-27;27,910;28,000;25,280;26,220;8 120 000
2025-06-26;26,000;28,010;25,350;27,770;5 630 000
2025-06-25;23,410;26,700;21,900;26,230;8 490 000
2025-06-24;23,250;24,460;22,600;23,290;5 190 000
2025-06-23;22,410;23,010;21,081;22,570;6 020 000
2025-06-20;20,500;23,620;20,040;23,450;13 950 000
2025-06-18;17,095;20,000;16,900;19,770;10 370 000
2025-06-17;17,075;17,580;16,553;16,780;4 190 000
2025-06-16;15,970;18,149;15,895;17,090;5 580 000
2025-06-13;16,520;16,700;15,290;15,470;4 970 000
2025-06-12;17,650;19,760;16,670;16,920;18 450 000
2025-06-11;16,840;17,500;16,241;16,320;3 880 000
2025-06-10;16,920;17,250;16,050;16,440;2 800 000
2025-06-09;17,250;17,250;16,600;16,870;2 280 000
2025-06-06;16,565;17,450;16,260;16,830;2 510 000
2025-06-05;17,240;17,435;16,000;16,260;3 060 000
2025-06-04;17,430;17,614;16,530;17,110;2 140 000
2025-06-03;15,900;17,210;15,470;16,760;3 520 000
2025-06-02;15,310;15,770;15,060;15,515;1 900 000
2025-05-30;16,560;16,700;15,060;15,420;5 030 000
2025-05-29;18,240;18,290;16,530;16,930;2 620 000
2025-05-28;18,670;18,960;17,565;17,650;2 910 000
2025-05-27;18,500;19,199;17,890;18,560;2 740 000
2025-05-23;16,800;18,039;16,750;17,880;2 240 000
2025-05-22;17,080;18,090;17,080;17,610;1 970 000
2025-05-21;18,490;19,218;16,800;17,070;3 620 000
2025-05-20;18,810;18,990;18,480;18,960;2 080 000
2025-05-19;18,125;19,060;17,831;19,040;2 550 000
2025-05-16;19,190;19,850;18,550;18,690;3 100 000
2025-05-15;18,940;19,506;17,400;18,870;5 190 000
2025-05-14;20,480;20,620;18,523;19,110;5 750 000
2025-05-13;18,283;21,160;17,850;20,290;6 950 000
2025-05-12;16,240;18,670;15,760;18,240;7 280 000
2025-05-09;13,670;15,235;12,557;14,670;7 920 000
2025-05-08;15,330;15,400;13,910;14,760;4 570 000
2025-05-07;13,865;14,015;13,310;13,980;2 030 000
2025-05-06;13,800;14,250;13,410;13,940;2 540 000
2025-05-05;14,510;14,938;14,340;14,440;1 970 000
2025-05-02;15,250;15,430;14,280;14,960;4 200 000
2025-05-01;13,390;14,965;13,390;14,710;5 080 000
2025-04-30;12,060;12,820;11,865;12,790;1 970 000
2025-04-29;12,820;13,100;12,570;12,820;1 820 000
2025-04-28;12,800;13,540;12,510;13,070;3 000 000
2025-04-25;12,620;13,058;12,350;12,560;1 860 000
2025-04-24;11,690;13,110;11,535;12,790;3 130 000
2025-04-23;11,955;12,972;11,615;11,660;4 700 000
2025-04-22;10,210;11,060;10,180;10,950;2 740 000
2025-04-21;10,350;10,356;9,711;10,050;2 350 000
2025-04-17;10,440;10,710;10,280;10,660;2 060 000
2025-04-16;10,820;11,030;10,040;10,430;3 250 000
2025-04-15;11,350;11,767;11,250;11,450;2 310 000
2025-04-14;12,020;12,450;10,835;11,250;3 360 000
2025-04-11;11,570;11,670;10,630;11,280;2 820 000
2025-04-10;13,130;13,447;11,540;11,720;4 230 000
2025-04-09;10,680;14,505;10,350;13,870;7 020 000
2025-04-08;12,065;13,070;10,400;10,700;6 350 000
2025-04-07;10,090;12,990;9,945;11,230;6 700 000
2025-04-04;12,010;12,400;10,230;10,800;6 540 000
2025-04-03;14,840;14,870;12,655;12,830;6 050 000
2025-04-02;14,570;16,430;14,570;15,960;3 220 000
2025-04-01;15,360;15,360;14,441;15,090;2 810 000
2025-03-31;15,490;15,885;15,110;15,350;2 860 000
2025-03-28;17,580;17,592;15,920;16,380;3 530 000
2025-03-27;19,200;19,398;17,500;17,780;3 100 000
2025-03-26;21,730;22,000;19,400;19,490;2 970 000
2025-03-25;21,910;22,450;20,950;21,770;2 580 000
2025-03-24;21,185;22,770;20,990;22,280;4 140 000
2025-03-21;20,775;20,775;19,650;20,430;3 260 000
2025-03-20;20,930;21,740;20,725;21,080;2 950 000
2025-03-19;20,400;21,600;20,085;21,130;3 260 000
2025-03-18;20,940;21,800;20,000;20,200;5 000 000
2025-03-17;22,285;23,700;20,850;20,980;6 450 000
2025-03-14;23,650;23,690;19,800;22,110;17 010 000
2025-03-13;16,910;17,160;15,570;15,870;6 710 000
2025-03-12;16,020;18,510;16,020;17,300;7 320 000
2025-03-11;14,110;15,290;13,980;15,070;3 020 000
2025-03-10;15,070;15,200;13,815;14,150;3 510 000
2025-03-07;15,920;16,210;14,910;15,820;3 590 000
2025-03-06;17,290;17,290;15,410;15,550;4 730 000
2025-03-05;18,300;18,419;17,040;18,080;3 230 000
2025-03-04;17,000;18,910;16,500;18,140;7 260 000
2025-03-03;22,200;22,898;17,345;17,720;8 000 000
2025-02-28;23,288;23,500;20,350;21,860;5 820 000
2025-02-27;24,000;26,096;22,010;24,040;7 220 000
2025-02-26;24,600;26,972;24,600;25,190;6 020 000
2025-02-25;27,700;28,950;22,270;23,340;8 280 000
2025-02-24;27,820;31,000;26,760;27,320;5 810 000
2025-02-21;28,690;31,695;27,010;27,040;7 240 000
2025-02-20;28,300;29,420;26,820;27,500;3 750 000
2025-02-19;26,560;30,140;26,500;27,330;6 110 000
2025-02-18;26,190;28,710;25,400;26,430;3 250 000
2025-02-14;26,540;27,027;25,716;25,900;2 250 000
2025-02-13;25,500;27,550;25,400;27,040;2 320 000
2025-02-12;27,800;28,233;24,710;25,030;2 740 000
2025-02-11;29,290;29,758;27,820;27,850;2 690 000
2025-02-10;30,120;31,930;28,910;30,520;2 920 000
2025-02-07;30,550;30,775;28,705;29,610;1 510 000
2025-02-06;28,680;30,800;28,475;30,380;2 520 000
2025-02-05;26,660;29,410;26,100;28,160;2 670 000
2025-02-04;24,000;27,590;22,720;27,115;4 610 000
2025-02-03;26,270;27,260;25,500;25,830;3 200 000
2025-01-31;28,480;29,320;27,410;27,920;2 120 000
2025-01-30;27,140;29,000;27,140;28,070;2 270 000
2025-01-29;26,420;27,010;25,500;26,530;2 000 000
2025-01-28;25,080;27,070;23,650;26,670;3 500 000
2025-01-27;28,580;29,720;23,940;24,540;6 410 000
2025-01-24;32,850;32,980;30,640;30,690;1 910 000
2025-01-23;32,240;33,390;31,610;32,500;1 830 000
2025-01-22;31,060;34,200;30,900;33,300;4 500 000
2025-01-21;33,210;35,433;29,610;30,150;6 210 000
2025-01-17;31,870;32,110;29,880;31,030;2 360 000
2025-01-16;31,950;32,430;30,840;30,880;1 930 000
2025-01-15;28,800;31,290;28,600;31,180;2 660 000
2025-01-14;29,870;29,910;27,000;27,790;2 630 000
2025-01-13;30,260;30,300;28,400;28,990;2 210 000
2025-01-10;31,950;32,100;30,340;31,600;1 720 000
2025-01-08;32,700;34,005;31,893;32,370;2 640 000
2025-01-07;33,980;34,650;32,510;32,980;1 970 000
2025-01-06;39,500;39,850;33,530;33,930;4 710 000
2025-01-03;35,850;38,630;35,320;37,900;2 410 000
2025-01-02;35,970;37,327;33,140;35,600;3 490 000
2024-12-31;36,400;37,700;35,960;36,860;2 300 000
2024-12-30;36,980;36,990;34,190;36,240;2 060 000
2024-12-27;40,190;40,400;37,020;37,740;2 480 000
2024-12-26;39,180;41,270;38,212;40,940;1 990 000
2024-12-24;36,750;40,160;36,220;39,820;1 820 000
2024-12-23;37,520;39,030;35,700;36,720;2 290 000
2024-12-20;32,000;37,940;31,500;37,820;5 220 000
2024-12-19;34,900;36,454;31,500;32,390;3 730 000
2024-12-18;33,060;38,950;33,050;33,970;5 200 000
2024-12-17;34,950;35,005;31,330;32,110;3 140 000
2024-12-16;36,370;36,500;34,680;35,090;2 260 000
2024-12-13;33,750;38,240;33,560;36,430;4 420 000
2024-12-12;33,500;35,449;32,950;33,000;2 690 000
2024-12-11;34,000;34,735;31,440;33,675;3 920 000
2024-12-10;33,840;36,090;31,611;33,090;5 840 000
2024-12-09;38,590;39,390;34,914;36,160;3 660 000
2024-12-06;37,450;41,290;36,350;38,880;6 080 000
2024-12-05;44,030;44,200;34,200;34,480;8 720 000
2024-12-04;41,600;44,500;39,670;44,030;4 410 000
2024-12-03;40,530;44,315;40,253;41,740;3 240 000
2024-12-02;42,880;43,880;40,725;40,740;4 010 000
2024-11-29;37,640;43,050;37,490;41,220;3 850 000
2024-11-27;37,620;38,071;34,432;36,420;2 930 000
2024-11-26;38,270;39,410;36,170;37,020;2 910 000
2024-11-25;38,445;39,610;35,820;37,910;3 570 000
2024-11-22;35,822;38,940;35,174;37,990;4 940 000
2024-11-21;36,990;38,860;34,860;35,500;6 410 000
2024-11-20;29,950;34,090;29,730;34,070;6 780 000
2024-11-19;26,960;28,630;26,960;28,550;2 070 000
2024-11-18;26,750;29,380;26,270;27,320;3 340 000
2024-11-15;27,830;28,525;26,180;26,800;3 450 000
2024-11-14;27,470;29,170;27,100;28,150;4 180 000
2024-11-13;28,900;28,900;27,110;27,260;2 820 000
2024-11-12;27,720;28,940;27,200;28,540;3 770 000
2024-11-11;27,850;28,700;25,760;28,290;7 280 000
2024-11-08;19,500;27,805;18,630;27,760;19 430 000
2024-11-07;16,830;18,340;16,300;17,900;7 540 000
2024-11-06;17,530;18,000;15,910;16,210;4 280 000
2024-11-05;16,800;17,350;16,450;16,540;2 080 000
2024-11-04;16,840;17,430;16,330;16,400;1 910 000
2024-11-01;15,960;17,060;15,910;16,840;2 370 000
2024-10-31;16,010;16,220;15,500;15,620;1 740 000
2024-10-30;15,290;16,490;15,000;16,350;2 300 000
2024-10-29;16,350;16,670;15,190;15,670;4 010 000
2024-10-28;17,630;17,800;16,590;16,600;2 580 000
2024-10-25;17,920;18,550;17,380;17,440;1 660 000
2024-10-24;17,260;17,680;16,995;17,450;1 640 000
2024-10-23;17,470;18,450;16,930;17,010;2 130 000
2024-10-22;18,100;18,370;17,403;17,630;1 900 000
2024-10-21;18,570;18,750;17,800;18,510;1 880 000
2024-10-18;19,200;20,340;18,340;18,570;2 810 000
2024-10-17;19,440;19,540;18,520;19,000;2 490 000
2024-10-16;17,960;19,440;17,340;18,970;3 670 000
2024-10-15;18,550;18,790;16,925;17,400;3 280 000
2024-10-14;18,500;19,459;18,100;18,420;3 950 000
2024-10-11;16,660;17,930;16,590;17,860;2 330 000
2024-10-10;16,040;16,730;15,540;16,660;1 450 000
2024-10-09;16,310;16,600;15,670;16,170;2 080 000
2024-10-08;15,060;17,180;15,060;16,450;4 280 000
2024-10-07;15,280;15,580;14,510;14,940;1 880 000
2024-10-04;14,550;15,730;14,300;15,360;2 490 000
2024-10-03;13,650;14,440;13,380;14,195;1 330 000
2024-10-02;13,250;13,780;12,420;13,750;2 090 000
2024-10-01;14,030;14,300;13,150;13,320;1 920 000
2024-09-30;13,630;14,700;13,470;14,310;3 400 000
2024-09-27;14,830;15,270;13,550;13,735;2 720 000
2024-09-26;15,950;16,610;14,760;14,810;2 470 000
2024-09-25;16,000;16,100;15,150;15,380;2 120 000
2024-09-24;14,360;16,990;14,300;15,980;5 540 000
2024-09-23;14,020;14,718;13,810;14,060;1 770 000
2024-09-20;14,090;14,150;13,550;13,830;1 550 000
2024-09-19;14,090;14,390;13,640;14,200;1 800 000
2024-09-18;13,620;13,890;12,800;13,280;1 350 000
2024-09-17;13,510;13,670;13,179;13,580;1 340 000
2024-09-16;14,670;14,710;13,160;13,190;2 940 000
2024-09-13;14,540;14,967;14,150;14,610;1 830 000
2024-09-12;13,470;14,990;13,410;14,520;4 590 000
2024-09-11;12,520;13,350;12,090;13,030;2 510 000
2024-09-10;13,100;13,250;12,150;12,515;1 760 000
2024-09-09;11,840;13,130;11,810;13,020;2 830 000
2024-09-06;12,170;12,240;11,480;11,810;1 810 000
2024-09-05;13,020;13,598;12,139;12,240;2 980 000
2024-09-04;12,000;13,650;11,900;13,000;4 300 000
2024-09-03;12,000;12,750;11,890;12,260;6 180 000
2024-08-30;10,400;11,360;10,385;11,350;4 200 000
2024-08-29;9,200;10,585;9,130;10,300;3 670 000
2024-08-28;9,200;9,270;8,550;9,120;1 690 000
2024-08-27;9,540;9,685;9,140;9,180;1 110 000
2024-08-26;9,780;9,810;9,430;9,620;1 400 000
2024-08-23;9,190;9,720;8,870;9,710;2 350 000
2024-08-22;8,930;9,520;8,800;9,030;3 010 000
2024-08-21;8,850;8,945;8,430;8,920;1 500 000
2024-08-20;8,590;8,860;8,540;8,780;1 540 000
2024-08-19;8,350;8,750;8,220;8,600;1 560 000
2024-08-16;8,460;8,650;8,220;8,280;1 210 000
2024-08-15;8,300;8,590;8,200;8,530;1 400 000
2024-08-14;8,110;8,190;7,720;8,140;1 550 000
2024-08-13;8,050;8,150;7,885;8,020;1 330 000
2024-08-12;7,780;8,160;7,670;7,850;1 350 000
2024-08-09;8,600;8,640;7,600;7,740;2 340 000
2024-08-08;7,050;8,570;7,040;8,570;2 650 000
2024-08-07;8,300;8,690;6,860;6,870;4 190 000
2024-08-06;7,170;7,740;6,800;7,290;3 420 000
2024-08-05;6,890;7,320;6,700;6,970;1 950 000
2024-08-02;7,940;7,980;7,500;7,650;3 100 000
2024-08-01;9,610;9,980;8,305;8,400;3 060 000
2024-07-31;8,200;9,730;8,160;9,550;3 620 000
2024-07-30;8,370;8,530;7,985;8,120;2 310 000
2024-07-29;8,680;8,930;8,140;8,220;1 320 000
2024-07-26;9,020;9,240;8,625;8,670;1 350 000
2024-07-25;8,900;9,040;8,470;8,610;2 100 000
2024-07-24;9,650;9,830;8,940;8,960;1 990 000
2024-07-23;9,620;10,260;9,580;9,850;1 300 000
2024-07-22;9,840;9,900;9,120;9,650;2 110 000
2024-07-19;10,410;10,470;9,590;9,675;2 010 000
2024-07-18;11,070;11,550;10,240;10,400;2 820 000
2024-07-17;11,290;11,950;10,580;10,955;2 680 000
2024-07-16;10,370;12,110;10,350;11,890;4 290 000
2024-07-15;9,570;10,290;9,450;10,200;2 830 000
2024-07-12;9,280;9,540;9,080;9,380;1 190 000
2024-07-11;9,350;9,440;9,030;9,230;1 550 000
2024-07-10;8,620;9,090;8,300;9,010;1 650 000
2024-07-09;8,500;8,970;8,175;8,490;2 010 000
2024-07-08;7,770;8,770;7,740;8,540;2 450 000
2024-07-05;8,130;8,150;7,630;7,670;1 580 000
2024-07-03;8,000;8,240;7,780;8,170;763 340
2024-07-02;8,080;8,190;7,550;7,900;2 390 000
2024-07-01;8,390;8,660;7,850;8,080;1 780 000
2024-06-28;8,600;8,900;8,250;8,290;7 210 000
2024-06-27;8,500;9,050;8,400;8,520;1 770 000
2024-06-26;8,570;8,700;8,295;8,510;1 390 000
2024-06-25;8,680;8,800;8,480;8,590;1 170 000
2024-06-24;9,040;9,140;8,650;8,670;1 550 000
2024-06-21;9,000;9,250;8,730;9,100;2 070 000
2024-06-20;10,000;10,090;8,800;8,870;1 990 000
2024-06-18;10,210;10,390;9,920;10,040;927 840
2024-06-17;10,010;10,305;9,820;10,170;1 390 000
2024-06-14;10,050;10,230;9,820;10,080;1 180 000
2024-06-13;10,440;10,740;9,965;10,090;1 170 000
2024-06-12;10,650;10,750;10,300;10,440;1 380 000
2024-06-11;10,230;10,320;9,860;10,170;1 960 000
2024-06-10;10,360;10,530;9,980;10,170;1 180 000
2024-06-07;10,310;10,880;10,290;10,550;1 160 000
2024-06-06;10,500;10,680;10,230;10,380;1 110 000
2024-06-05;10,100;10,620;9,990;10,580;1 510 000
2024-06-04;10,600;10,650;9,870;10,050;2 230 000
2024-06-03;10,740;11,110;10,480;10,730;1 300 000
2024-05-31;11,690;11,820;10,350;10,490;2 250 000
2024-05-30;11,980;12,170;11,550;11,590;1 220 000
2024-05-29;12,040;12,290;11,900;11,980;1 050 000
2024-05-28;12,750;12,800;12,100;12,380;1 510 000
2024-05-24;12,000;13,040;11,790;12,540;2 030 000
2024-05-23;12,040;12,400;11,650;11,900;1 940 000
2024-05-22;12,060;12,290;11,870;11,980;1 050 000
2024-05-21;12,290;12,300;11,830;12,000;1 490 000
2024-05-20;11,700;12,462;11,630;12,400;1 950 000
2024-05-17;11,200;11,790;11,080;11,725;1 800 000
2024-05-16;11,300;11,895;11,010;11,230;2 270 000
2024-05-15;11,400;11,480;10,740;11,010;1 980 000
2024-05-14;10,240;11,190;10,210;11,160;2 370 000
2024-05-13;10,300;10,950;9,800;10,000;2 260 000
2024-05-10;10,200;11,860;9,810;10,220;6 360 000
2024-05-09;10,790;11,070;10,420;10,540;3 190 000
2024-05-08;11,220;11,450;10,590;10,830;1 990 000
2024-05-07;11,950;12,440;11,350;11,660;2 720 000
2024-05-06;11,280;12,400;11,260;11,950;2 960 000
2024-05-03;10,600;11,450;10,540;11,070;1 830 000
2024-05-02;10,250;10,550;9,850;10,350;892 550
2024-05-01;9,750;10,365;9,640;9,900;1 600 000
2024-04-30;10,170;10,300;9,790;9,850;2 610 000
2024-04-29;11,020;11,020;10,200;10,220;2 030 000
2024-04-26;10,980;11,480;10,800;10,850;1 510 000
2024-04-25;10,510;10,760;10,445;10,660;1 320 000
2024-04-24;11,380;11,450;10,830;10,850;1 350 000
2024-04-23;11,150;11,690;11,015;11,260;1 100 000
2024-04-22;12,110;12,160;10,720;11,130;2 480 000
2024-04-19;11,580;12,440;11,580;12,120;2 100 000
2024-04-18;11,930;12,600;11,600;11,660;2 350 000
2024-04-17;12,040;13,200;11,805;11,980;2 540 000
2024-04-16;10,920;12,290;10,880;11,990;1 890 000
2024-04-15;11,280;11,380;10,850;11,160;1 300 000
2024-04-12;11,680;11,820;11,210;11,230;1 090 000
2024-04-11;11,780;11,970;11,610;11,910;1 000 000
2024-04-10;11,890;12,205;11,720;11,750;1 130 000
2024-04-09;12,510;12,520;12,010;12,100;1 960 000
2024-04-08;12,700;12,820;12,170;12,370;1 830 000
2024-04-05;12,810;13,040;12,520;12,520;1 700 000
2024-04-04;14,090;14,090;12,960;13,000;1 420 000
2024-04-03;13,340;13,860;13,320;13,750;1 200 000
2024-04-02;13,520;13,670;13,240;13,390;1 480 000
2024-04-01;13,970;14,688;13,730;13,920;1 330 000
2024-03-28;13,880;14,444;13,600;13,860;2 450 000
2024-03-27;14,440;14,500;13,890;13,960;1 380 000
2024-03-26;14,680;14,940;14,430;14,440;1 150 000
2024-03-25;14,740;15,210;14,500;14,500;1 170 000
2024-03-22;14,700;15,070;14,510;14,680;997 700
2024-03-21;14,550;15,220;14,510;14,920;2 140 000
2024-03-20;13,850;14,630;13,530;14,470;1 760 000
2024-03-19;13,350;13,750;13,000;13,600;2 260 000
2024-03-18;12,720;13,205;12,380;12,980;1 940 000
2024-03-15;12,880;13,230;12,675;12,700;1 530 000
2024-03-14;13,550;13,660;12,800;12,920;2 240 000
2024-03-13;14,000;14,525;13,530;13,980;1 800 000
2024-03-12;14,410;14,650;14,170;14,260;1 280 000
2024-03-11;14,880;15,002;13,950;14,310;1 890 000
2024-03-08;15,070;16,240;14,640;14,760;2 790 000
2024-03-07;15,010;15,220;14,440;14,840;1 990 000
2024-03-06;14,980;15,849;14,230;14,900;3 220 000
2024-03-05;14,740;15,210;14,530;14,740;2 330 000
2024-03-04;15,500;15,940;14,770;14,960;2 620 000
2024-03-01;16,290;16,290;14,890;15,410;3 480 000
2024-02-29;15,050;16,500;15,050;15,980;5 230 000
2024-02-28;15,400;15,600;14,030;14,080;2 910 000
2024-02-27;15,150;15,980;14,650;15,420;3 210 000
2024-02-26;14,040;15,505;14,040;14,730;6 340 000
2024-02-23;13,740;14,680;12,140;14,150;19 660 000
2024-02-22;19,970;20,872;19,250;20,350;7 040 000
2024-02-21;19,000;19,600;18,480;19,190;2 530 000
2024-02-20;20,720;21,340;18,870;19,830;2 850 000
2024-02-16;22,900;24,750;21,250;21,340;5 200 000
2024-02-15;21,150;22,860;20,400;22,410;3 720 000
2024-02-14;20,300;21,160;19,910;20,880;3 160 000
2024-02-13;19,850;19,880;18,350;18,770;4 350 000
2024-02-12;20,560;22,350;20,130;21,010;3 770 000
2024-02-09;19,020;20,150;17,720;20,030;3 470 000
2024-02-08;18,940;20,060;18,700;18,890;3 370 000
2024-02-07;19,190;19,920;18,760;19,130;2 040 000
2024-02-06;20,160;20,640;18,860;19,360;3 800 000
2024-02-05;18,930;19,786;17,550;19,740;4 510 000
2024-02-02;16,490;18,990;16,320;18,830;4 200 000
2024-02-01;15,940;16,830;15,800;16,520;1 940 000
2024-01-31;16,420;16,823;15,680;15,730;2 260 000
2024-01-30;17,150;18,040;16,630;16,690;4 370 000
2024-01-29;15,030;16,030;14,800;15,965;2 720 000
2024-01-26;16,220;16,350;14,880;14,990;2 260 000
2024-01-25;16,890;17,130;16,150;16,340;1 690 000
2024-01-24;18,500;18,800;16,550;16,590;1 950 000
2024-01-23;17,180;18,630;17,180;18,130;2 990 000
2024-01-22;16,100;17,190;15,890;17,100;2 400 000
2024-01-19;16,610;16,798;15,020;15,810;3 510 000
2024-01-18;17,430;18,160;16,420;16,620;2 810 000
2024-01-17;16,630;17,500;16,300;16,860;1 900 000
2024-01-16;17,060;17,980;16,580;17,290;2 420 000
2024-01-12;18,030;18,568;17,260;17,410;1 900 000
2024-01-11;21,660;21,830;16,701;18,340;8 290 000
2024-01-10;22,120;22,850;21,340;21,600;2 230 000
2024-01-09;19,880;22,010;19,510;21,770;2 680 000
2024-01-08;20,100;21,280;19,480;20,180;2 620 000
2024-01-05;18,410;20,290;17,920;20,150;2 950 000
2024-01-04;17,500;18,560;17,380;18,530;2 070 000
2024-01-03;18,000;18,680;17,440;17,460;1 940 000
2024-01-02;18,820;19,000;17,510;18,690;2 870 000
2023-12-29;21,760;22,160;17,721;19,320;7 570 000
2023-12-28;22,480;22,750;21,510;21,900;1 660 000
2023-12-27;22,880;22,950;21,850;22,520;1 970 000
2023-12-26;21,200;23,660;21,180;22,820;3 020 000
2023-12-22;20,820;21,620;19,870;20,900;2 220 000
2023-12-21;21,190;21,860;19,510;20,740;3 630 000
2023-12-20;22,700;22,767;20,600;20,620;2 870 000
2023-12-19;22,920;24,080;22,120;23,010;2 990 000
2023-12-18;22,160;23,250;21,480;22,500;2 610 000
2023-12-15;23,710;23,950;20,820;21,725;4 570 000
2023-12-14;22,000;23,680;21,600;23,190;3 950 000
2023-12-13;18,770;21,650;18,645;21,620;5 600 000
2023-12-12;18,510;19,430;18,000;18,580;2 360 000
2023-12-11;19,800;19,800;18,010;18,560;2 810 000
2023-12-08;17,830;19,840;17,830;19,760;4 880 000
2023-12-07;17,160;18,330;16,800;17,660;2 460 000
2023-12-06;16,520;18,660;16,410;17,220;5 110 000
2023-12-05;16,430;16,725;15,800;16,130;1 640 000
2023-12-04;16,120;17,020;15,990;16,680;3 200 000
2023-12-01;13,190;16,480;12,980;16,450;5 620 000
2023-11-30;14,300;14,600;12,660;13,250;9 550 000
2023-11-29;14,810;16,200;14,780;14,900;3 230 000
2023-11-28;14,610;15,200;13,880;14,610;2 960 000
2023-11-27;12,870;14,579;12,850;14,400;3 070 000
2023-11-24;13,250;13,630;12,920;13,040;906 480
2023-11-22;13,620;13,960;13,010;13,210;1 480 000
2023-11-21;14,150;14,325;13,150;13,330;1 900 000
2023-11-20;12,910;14,630;12,850;14,460;4 650 000
2023-11-17;12,970;13,150;12,710;12,750;2 100 000
2023-11-16;12,360;12,990;12,350;12,830;1 740 000
2023-11-15;12,220;13,270;12,117;12,710;3 730 000
2023-11-14;11,230;12,550;10,880;12,280;5 090 000
2023-11-13;8,960;11,060;8,960;11,000;2 840 000
2023-11-10;9,290;9,880;8,360;9,365;3 480 000
2023-11-09;10,070;10,170;9,645;9,760;2 100 000
2023-11-08;9,960;10,070;9,590;9,850;868 730
2023-11-07;9,700;10,260;9,330;9,890;1 630 000
2023-11-06;9,480;10,080;9,320;9,690;1 890 000
2023-11-03;8,700;9,640;8,490;9,470;2 520 000
2023-11-02;8,000;8,620;7,900;8,570;1 800 000
2023-11-01;7,410;7,750;7,126;7,720;967 440
2023-10-31;7,130;7,455;6,980;7,430;724 700
2023-10-30;7,140;7,310;6,875;7,080;753 960
2023-10-27;7,100;7,320;6,890;7,040;897 540
2023-10-26;7,050;7,240;6,810;6,870;821 450
2023-10-25;7,500;7,510;7,050;7,120;728 150
2023-10-24;7,190;7,630;7,190;7,440;1 010 000
2023-10-23;6,700;7,295;6,660;7,170;1 210 000
2023-10-20;7,400;7,400;6,800;6,910;1 720 000
2023-10-19;7,580;7,720;7,287;7,450;1 390 000
2023-10-18;7,510;7,960;7,360;7,550;1 270 000
2023-10-17;7,480;7,929;7,460;7,590;1 180 000
2023-10-16;7,600;7,950;7,550;7,650;989 230
2023-10-13;7,850;7,880;7,180;7,550;1 940 000
2023-10-12;7,840;8,670;7,800;7,950;1 910 000
2023-10-11;7,500;7,970;7,500;7,790;1 410 000
2023-10-10;7,710;7,990;7,425;7,460;2 260 000
2023-10-09;8,740;8,882;7,358;7,585;3 250 000
2023-10-06;8,770;9,420;8,770;9,080;1 070 000
2023-10-05;8,960;9,210;8,510;9,120;1 840 000
2023-10-04;10,340;10,550;8,790;8,910;3 010 000
2023-10-03;11,060;11,320;9,950;10,320;2 160 000
2023-10-02;11,000;11,680;10,880;11,270;2 940 000
2023-09-29;11,280;11,380;10,710;10,970;1 900 000
2023-09-28;10,300;11,290;10,160;11,020;2 230 000
2023-09-27;9,880;10,400;9,870;10,280;1 950 000
2023-09-26;9,400;9,830;9,350;9,750;1 150 000
2023-09-25;9,370;9,690;9,240;9,390;994 150
2023-09-22;9,470;9,690;9,290;9,580;1 540 000
2023-09-21;9,510;9,654;9,000;9,310;2 280 000
2023-09-20;9,660;10,230;9,600;9,840;1 850 000
2023-09-19;9,900;10,130;9,360;9,640;2 450 000
2023-09-18;9,670;10,240;9,630;9,880;3 170 000
2023-09-15;9,800;10,040;9,452;9,840;2 210 000
2023-09-14;9,160;10,120;9,160;9,755;3 320 000
2023-09-13;9,750;10,700;8,818;9,120;6 640 000
2023-09-12;11,650;12,550;11,310;11,360;1 810 000
2023-09-11;12,080;12,080;11,430;11,650;1 530 000
2023-09-08;12,540;12,980;11,550;11,800;2 270 000
2023-09-07;12,250;12,660;11,850;12,320;1 760 000
2023-09-06;12,950;13,260;12,030;12,450;2 110 000
2023-09-05;13,780;13,780;12,810;12,950;1 890 000
2023-09-01;13,940;14,290;13,500;13,940;1 410 000
2023-08-31;15,230;15,780;13,440;13,770;3 030 000
2023-08-30;14,430;15,461;13,990;15,220;2 830 000
2023-08-29;13,000;14,670;12,810;14,100;3 660 000
2023-08-28;13,000;14,080;12,760;12,970;2 680 000
2023-08-25;13,800;14,090;12,790;12,990;2 320 000
2023-08-24;15,600;16,260;13,800;14,090;2 770 000
2023-08-23;15,140;15,730;14,350;15,330;2 520 000
2023-08-22;15,540;16,150;14,630;15,480;3 930 000
2023-08-21;13,490;15,590;13,360;15,440;7 900 000
2023-08-18;12,590;13,240;11,850;12,800;2 920 000
2023-08-17;13,180;13,838;12,310;12,930;2 930 000
2023-08-16;14,200;14,370;12,800;13,030;3 760 000
2023-08-15;14,895;15,900;14,110;14,790;6 350 000
2023-08-14;12,250;15,000;12,100;14,840;4 500 000
2023-08-11;14,000;14,040;12,100;12,390;4 780 000
2023-08-10;12,040;14,770;11,350;14,440;8 930 000
2023-08-09;12,260;12,380;11,430;12,160;2 770 000
2023-08-08;11,630;12,200;11,340;12,190;5 690 000
2023-08-07;11,070;13,170;10,929;12,380;16 940 000
2023-08-04;8,370;11,290;8,050;11,010;31 770 000
2023-08-03;7,630;8,120;6,500;6,590;4 460 000
2023-08-02;6,810;7,500;6,620;7,390;2 220 000
2023-08-01;6,760;7,100;6,480;7,030;1 750 000
2023-07-31;6,730;6,780;5,860;6,750;2 410 000
2023-07-28;6,350;6,950;6,250;6,710;2 310 000
2023-07-27;8,010;8,220;6,160;6,190;4 210 000
2023-07-26;8,520;8,780;7,890;7,950;1 700 000
2023-07-25;8,480;9,000;8,220;8,430;1 810 000
2023-07-24;7,875;8,680;7,770;8,520;2 380 000
2023-07-21;8,450;8,880;7,745;7,910;2 450 000
2023-07-20;8,340;8,480;7,900;8,120;2 170 000
2023-07-19;7,750;9,380;7,750;8,670;4 990 000
2023-07-18;8,790;9,120;7,560;7,670;5 450 000
2023-07-17;9,010;9,830;8,540;8,890;3 890 000
2023-07-14;10,900;11,342;8,810;9,140;5 530 000
2023-07-13;9,500;11,480;9,490;10,660;7 110 000
2023-07-12;10,320;10,379;8,880;9,540;6 550 000
2023-07-11;8,615;10,000;8,550;9,750;7 550 000
2023-07-10;7,400;8,370;7,310;8,340;4 760 000
2023-07-07;6,590;8,100;6,590;7,190;5 760 000
2023-07-06;6,890;7,190;6,350;6,510;3 040 000
2023-07-05;6,050;7,310;6,000;7,030;5 340 000
2023-07-03;6,255;6,630;5,710;6,070;2 710 000
2023-06-30;5,690;6,940;5,690;5,960;7 150 000
2023-06-29;5,130;5,820;5,080;5,430;2 340 000
2023-06-28;4,900;5,330;4,520;5,170;2 040 000
2023-06-27;4,720;4,990;4,600;4,850;1 410 000
2023-06-26;4,140;4,780;3,900;4,650;1 820 000
2023-06-23;3,770;4,380;3,730;4,340;2 510 000
2023-06-22;4,695;4,700;3,591;3,770;6 430 000
2023-06-21;4,950;5,150;4,050;4,165;6 120 000
2023-06-20;5,050;5,670;5,047;5,200;8 220 000
2023-06-16;4,700;4,990;4,550;4,850;3 900 000
2023-06-15;3,620;4,350;3,610;4,330;2 350 000
2023-06-14;3,700;4,110;3,650;3,760;2 140 000
2023-06-13;3,280;3,710;3,280;3,640;1 280 000
2023-06-12;3,200;3,360;3,150;3,290;602 080
2023-06-09;3,250;3,300;3,160;3,210;837 610
2023-06-08;2,720;3,170;2,720;3,120;1 120 000
2023-06-07;2,760;2,780;2,639;2,720;400 350
2023-06-06;2,360;2,820;2,360;2,720;916 040
2023-06-05;2,300;2,430;2,260;2,330;197 130
2023-06-02;2,210;2,270;2,160;2,270;148 260
2023-06-01;2,190;2,250;2,080;2,210;239 250
2023-05-31;2,320;2,440;2,191;2,220;341 300
2023-05-30;2,020;2,340;1,970;2,300;783 300
2023-05-26;1,780;1,909;1,760;1,900;275 590
2023-05-25;1,770;1,780;1,720;1,750;166 040
2023-05-24;1,720;1,780;1,715;1,760;160 380
2023-05-23;1,750;1,779;1,700;1,720;138 240
2023-05-22;1,700;1,780;1,700;1,760;119 990
2023-05-19;1,730;1,754;1,710;1,710;42 050
2023-05-18;1,740;1,758;1,710;1,750;104 260
2023-05-17;1,810;1,810;1,720;1,740;116 160
2023-05-16;1,650;1,760;1,650;1,730;244 150
2023-05-15;1,680;1,710;1,640;1,640;98 290
2023-05-12;1,720;1,760;1,660;1,690;88 000
2023-05-11;1,850;1,850;1,710;1,710;137 050
2023-05-10;1,850;1,920;1,810;1,850;238 400
2023-05-09;1,770;1,830;1,680;1,800;184 540
2023-05-08;1,760;1,840;1,740;1,770;223 000
2023-05-05;1,600;1,840;1,600;1,665;567 810
2023-05-04;1,820;1,910;1,750;1,870;627 190
2023-05-03;1,830;1,860;1,780;1,790;385 720
2023-05-02;1,820;1,870;1,800;1,850;75 060
2023-05-01;1,910;2,020;1,820;1,820;188 340
2023-04-28;1,970;1,980;1,880;1,940;107 230
2023-04-27;2,080;2,080;1,920;1,950;222 970
2023-04-26;2,010;2,070;2,010;2,060;64 690
2023-04-25;2,150;2,150;2,000;2,010;85 240
2023-04-24;2,120;2,160;2,040;2,150;166 130
2023-04-21;2,140;2,160;2,090;2,140;58 600
2023-04-20;2,180;2,300;2,120;2,120;129 280
2023-04-19;2,230;2,309;2,160;2,190;142 460
2023-04-18;2,180;2,325;2,170;2,200;256 620
2023-04-17;2,080;2,240;2,070;2,190;129 130
2023-04-14;2,230;2,260;2,050;2,120;74 550
2023-04-13;2,300;2,315;2,210;2,230;100 210
2023-04-12;2,250;2,350;2,250;2,300;105 380
2023-04-11;2,220;2,310;2,180;2,280;69 040
2023-04-10;2,120;2,235;2,110;2,220;62 880
2023-04-06;2,110;2,170;2,050;2,140;69 450
2023-04-05;2,210;2,210;2,028;2,110;129 500
2023-04-04;2,320;2,320;2,200;2,210;80 150
2023-04-03;2,140;2,310;2,140;2,290;190 650
2023-03-31;1,920;2,230;1,920;2,210;358 000
2023-03-30;1,860;1,980;1,791;1,930;288 570
2023-03-29;1,820;1,830;1,745;1,830;226 700
2023-03-28;1,760;1,870;1,700;1,820;494 340
2023-03-27;2,360;2,365;1,710;1,720;807 980
2023-03-24;2,420;2,430;2,361;2,410;52 140
2023-03-23;2,360;2,470;2,360;2,460;84 250
2023-03-22;2,450;2,493;2,370;2,370;49 590
2023-03-21;2,420;2,500;2,380;2,430;50 660
2023-03-20;2,370;2,444;2,340;2,400;74 970
2023-03-17;2,470;2,550;2,300;2,360;341 290
2023-03-16;2,420;2,500;2,395;2,480;77 390
2023-03-15;2,600;2,600;2,400;2,440;222 220
2023-03-14;2,720;2,750;2,650;2,660;109 630
2023-03-13;2,610;2,750;2,590;2,670;169 490
2023-03-10;2,800;2,830;2,660;2,660;222 850
2023-03-09;2,845;2,910;2,810;2,810;117 170
2023-03-08;2,750;2,840;2,750;2,820;50 780
2023-03-07;2,760;2,830;2,720;2,750;42 560
2023-03-06;2,730;2,860;2,710;2,780;120 730
2023-03-03;2,730;2,750;2,680;2,730;97 440
2023-03-02;2,740;2,830;2,670;2,690;86 480
2023-03-01;2,770;2,900;2,730;2,730;143 830
2023-02-28;2,560;2,850;2,560;2,810;177 260
2023-02-27;2,700;2,700;2,540;2,590;185 970
2023-02-24;2,970;2,970;2,590;2,610;329 710
2023-02-23;3,040;3,040;2,900;3,040;456 430
2023-02-22;2,720;2,990;2,720;2,820;319 960
2023-02-21;2,860;2,910;2,710;2,720;166 610
2023-02-17;2,970;3,012;2,793;2,800;207 470
2023-02-16;2,850;3,060;2,830;2,950;417 390
2023-02-15;2,690;2,910;2,690;2,830;233 430
2023-02-14;2,660;2,711;2,610;2,700;165 740
2023-02-13;2,700;2,815;2,620;2,640;131 900
2023-02-10;2,640;2,700;2,590;2,650;75 780
2023-02-09;2,600;2,700;2,600;2,630;117 240
2023-02-08;2,600;2,650;2,550;2,550;85 660
2023-02-07;2,620;2,680;2,550;2,620;95 250
2023-02-06;2,670;2,730;2,650;2,650;74 640
2023-02-03;2,810;2,896;2,670;2,700;193 930
2023-02-02;2,600;2,880;2,589;2,820;713 290
2023-02-01;2,370;2,650;2,360;2,600;262 700
2023-01-31;2,330;2,440;2,330;2,390;72 200
2023-01-30;2,390;2,440;2,330;2,330;143 220
2023-01-27;2,230;2,430;2,175;2,370;107 990
2023-01-26;2,220;2,300;2,200;2,200;151 680
2023-01-25;2,210;2,260;2,130;2,200;57 270
2023-01-24;2,220;2,340;2,210;2,220;81 950
2023-01-23;2,230;2,300;2,180;2,240;121 500
2023-01-20;2,290;2,300;2,180;2,210;125 160
2023-01-19;2,320;2,350;2,239;2,290;57 040
2023-01-18;2,460;2,550;2,360;2,370;138 840
2023-01-17;2,430;2,530;2,320;2,440;238 930
2023-01-13;2,330;2,465;2,320;2,430;163 560
2023-01-12;2,170;2,390;2,140;2,350;264 290
2023-01-11;2,150;2,230;2,120;2,150;111 780
2023-01-10;2,150;2,250;2,120;2,120;166 270
2023-01-09;1,930;2,280;1,923;2,150;216 340
2023-01-06;1,900;1,909;1,830;1,860;159 950
2023-01-05;1,920;1,920;1,870;1,880;57 780
2023-01-04;1,900;1,950;1,880;1,920;114 890
2023-01-03;1,940;1,990;1,860;1,880;133 390
2022-12-30;1,900;1,940;1,850;1,890;221 050
2022-12-29;1,730;1,980;1,730;1,900;280 940
2022-12-28;1,830;1,861;1,691;1,740;227 090
2022-12-27;1,870;1,930;1,800;1,830;203 910
2022-12-23;1,960;1,980;1,870;1,950;204 090
2022-12-22;2,130;2,130;1,950;2,000;214 510
2022-12-21;2,200;2,240;2,130;2,130;66 520
2022-12-20;2,130;2,300;2,130;2,210;188 570
2022-12-19;2,150;2,160;2,120;2,130;198 440
2022-12-16;2,150;2,200;2,120;2,150;157 420
2022-12-15;2,130;2,160;2,120;2,120;194 420
2022-12-14;2,140;2,200;2,130;2,130;161 920
2022-12-13;2,150;2,280;2,130;2,140;183 050
2022-12-12;2,110;2,200;2,100;2,150;93 800
2022-12-09;2,150;2,185;2,110;2,120;46 510
2022-12-08;2,130;2,180;2,100;2,180;77 910
2022-12-07;2,100;2,170;2,050;2,100;178 760
2022-12-06;2,280;2,280;2,050;2,100;205 710
2022-12-05;2,330;2,440;2,240;2,290;123 170
2022-12-02;2,170;2,350;2,170;2,320;141 390
2022-12-01;2,180;2,330;2,121;2,230;75 360
2022-11-30;2,100;2,200;2,020;2,200;118 720
2022-11-29;2,110;2,150;2,090;2,110;121 570
2022-11-28;2,180;2,240;2,100;2,110;148 110
2022-11-25;2,180;2,230;2,110;2,190;27 390
2022-11-23;2,268;2,380;2,170;2,180;159 890
2022-11-22;2,200;2,320;2,180;2,280;110 380
2022-11-21;2,120;2,280;2,090;2,250;260 050
2022-11-18;2,180;2,205;2,120;2,130;64 240
2022-11-17;2,100;2,240;2,090;2,190;95 200
2022-11-16;2,300;2,300;2,120;2,150;249 750
2022-11-15;2,400;2,420;2,315;2,350;128 950
2022-11-14;2,280;2,340;2,280;2,340;144 340
2022-11-11;2,240;2,330;2,170;2,330;201 610
2022-11-10;2,230;2,240;2,070;2,205;248 770
2022-11-09;2,240;2,240;2,080;2,090;231 440
2022-11-08;2,180;2,220;2,120;2,150;156 620
2022-11-07;2,140;2,180;2,120;2,160;283 510
2022-11-04;2,270;2,420;2,070;2,080;458 270
2022-11-03;2,590;2,590;2,390;2,430;419 980
2022-11-02;2,720;2,860;2,570;2,590;166 380
2022-11-01;2,820;2,830;2,710;2,730;150 300
2022-10-31;2,790;2,830;2,710;2,750;174 950
2022-10-28;2,830;2,850;2,755;2,800;167 980
2022-10-27;2,970;3,000;2,800;2,810;280 710
2022-10-26;2,830;2,955;2,830;2,890;149 270
2022-10-25;2,730;2,960;2,730;2,860;239 160
2022-10-24;2,740;2,800;2,630;2,710;283 570
2022-10-21;2,840;2,850;2,700;2,740;277 280
2022-10-20;2,800;2,910;2,660;2,830;152 180
2022-10-19;2,930;2,950;2,770;2,800;200 700
2022-10-18;2,870;2,970;2,835;2,920;224 700
2022-10-17;2,730;2,910;2,730;2,800;204 210
2022-10-14;2,770;2,850;2,700;2,740;160 600
2022-10-13;2,620;2,760;2,522;2,730;192 740
2022-10-12;2,620;2,700;2,590;2,630;154 850
2022-10-11;2,660;2,700;2,520;2,630;395 740
2022-10-10;2,770;2,790;2,550;2,670;272 390
2022-10-07;2,890;2,910;2,740;2,780;262 010
2022-10-06;3,030;3,115;2,900;2,930;261 710
2022-10-05;2,910;3,090;2,870;3,010;582 330
2022-10-04;2,820;2,990;2,790;2,940;424 630
2022-10-03;2,760;2,765;2,650;2,750;251 000
2022-09-30;2,680;2,835;2,670;2,720;394 330
2022-09-29;2,900;2,940;2,610;2,660;376 180
2022-09-28;2,830;2,980;2,803;2,950;459 610
2022-09-27;2,810;2,890;2,760;2,830;260 000
2022-09-26;2,850;2,900;2,730;2,770;237 810
2022-09-23;2,960;2,980;2,720;2,850;642 000
2022-09-22;3,290;3,330;2,995;3,010;535 730
2022-09-21;3,210;3,440;3,120;3,330;878 680
2022-09-20;3,720;4,000;3,050;3,180;3 470 000
2022-09-19;3,570;3,680;3,380;3,660;5 170 000
2022-09-16;3,010;3,940;2,870;3,760;77 410 000
2022-09-15;2,530;2,630;2,460;2,500;2 390 000
2022-09-14;2,470;2,610;2,435;2,530;256 300
2022-09-13;2,380;2,500;2,330;2,420;192 400
2022-09-12;2,560;2,690;2,460;2,500;255 030
2022-09-09;2,400;2,540;2,400;2,500;151 210
2022-09-08;2,270;2,370;2,270;2,350;122 010
2022-09-07;2,140;2,320;2,140;2,310;113 980
2022-09-06;2,240;2,290;2,150;2,150;85 950
2022-09-02;2,190;2,318;2,110;2,270;241 490
2022-09-01;2,370;2,370;2,160;2,180;150 530
2022-08-31;2,420;2,460;2,350;2,410;123 690
2022-08-30;2,460;2,460;2,350;2,400;70 590
2022-08-29;2,500;2,550;2,410;2,440;154 540
2022-08-26;2,810;2,810;2,550;2,560;211 070
2022-08-25;2,800;2,860;2,690;2,760;222 680
2022-08-24;2,480;2,760;2,400;2,760;274 690
2022-08-23;2,420;2,500;2,350;2,410;218 080
2022-08-22;2,500;2,500;2,370;2,470;157 690
2022-08-19;2,740;2,740;2,500;2,520;252 480
2022-08-18;2,800;2,800;2,630;2,740;249 380
2022-08-17;2,880;2,880;2,688;2,800;271 200
2022-08-16;2,860;3,050;2,810;2,860;656 240
2022-08-15;2,590;3,030;2,500;2,860;1 030 000
2022-08-12;2,230;2,680;2,190;2,600;677 420
2022-08-11;2,150;2,260;2,110;2,200;303 530
2022-08-10;1,930;2,100;1,890;2,090;245 410
2022-08-09;1,910;1,920;1,795;1,840;267 860
2022-08-08;1,870;1,990;1,861;1,920;201 550
2022-08-05;1,930;1,950;1,810;1,860;255 310
2022-08-04;1,950;2,050;1,870;1,970;380 210
2022-08-03;1,850;1,940;1,830;1,920;221 020
2022-08-02;1,690;1,890;1,660;1,850;237 690
2022-08-01;1,700;1,740;1,665;1,710;149 950
2022-07-29;1,720;1,750;1,650;1,720;238 950
2022-07-28;1,740;1,821;1,680;1,710;120 520
2022-07-27;1,680;1,750;1,680;1,730;190 090
2022-07-26;1,620;1,750;1,620;1,660;86 920
2022-07-25;1,660;1,710;1,640;1,650;108 840
2022-07-22;1,820;1,820;1,640;1,680;187 860
2022-07-21;1,810;1,880;1,800;1,820;98 020
2022-07-20;1,780;1,900;1,757;1,860;208 870
2022-07-19;1,690;1,780;1,690;1,760;131 030
2022-07-18;1,680;1,780;1,650;1,660;285 370
2022-07-15;1,560;1,680;1,530;1,630;149 630
2022-07-14;1,610;1,610;1,560;1,560;26 740
2022-07-13;1,509;1,650;1,480;1,610;130 030
2022-07-12;1,560;1,570;1,500;1,520;131 320
2022-07-11;1,610;1,660;1,500;1,500;131 520
2022-07-08;1,640;1,688;1,600;1,630;98 990
2022-07-07;1,560;1,688;1,560;1,620;202 990
2022-07-06;1,520;1,580;1,500;1,530;224 370
2022-07-05;1,550;1,560;1,490;1,530;308 360
2022-07-01;1,550;1,572;1,509;1,560;201 600
2022-06-30;1,660;1,660;1,520;1,550;217 610
2022-06-29;1,750;1,750;1,650;1,660;116 300
2022-06-28;1,770;1,887;1,722;1,750;179 610
2022-06-27;1,860;1,885;1,700;1,770;556 260
2022-06-24;1,970;2,005;1,830;1,860;478 270
2022-06-23;1,960;2,060;1,900;1,975;274 660
2022-06-22;1,900;2,060;1,900;1,980;163 570
2022-06-21;1,860;1,960;1,810;1,930;237 760
2022-06-17;1,870;1,960;1,810;1,860;226 230
2022-06-16;1,900;1,940;1,820;1,830;180 880
2022-06-15;1,950;2,010;1,910;1,980;352 260
2022-06-14;2,010;2,019;1,910;1,940;315 320
2022-06-13;2,040;2,070;1,860;1,980;328 800
2022-06-10;2,200;2,201;2,050;2,090;318 760
2022-06-09;2,380;2,390;2,220;2,240;199 050
2022-06-08;2,240;2,550;2,240;2,440;264 380
2022-06-07;2,160;2,380;2,150;2,290;225 490
2022-06-06;2,260;2,292;2,160;2,180;137 020
2022-06-03;2,310;2,320;2,220;2,250;197 320
2022-06-02;2,280;2,400;2,250;2,310;257 350
2022-06-01;2,370;2,400;2,230;2,290;202 070
2022-05-31;2,290;2,390;2,240;2,370;216 170
2022-05-27;2,320;2,330;2,220;2,250;160 340
2022-05-26;2,200;2,350;2,180;2,300;197 650
2022-05-25;2,120;2,195;2,120;2,190;74 400
2022-05-24;2,260;2,260;2,120;2,160;190 460
2022-05-23;2,300;2,350;2,230;2,240;114 930
2022-05-20;2,500;2,500;2,260;2,290;156 860
2022-05-19;2,380;2,530;2,280;2,480;216 950
2022-05-18;2,450;2,560;2,370;2,380;74 670
2022-05-17;2,350;2,480;2,350;2,470;138 030
2022-05-16;2,300;2,430;2,271;2,330;165 280
2022-05-13;2,260;2,330;2,250;2,330;192 250
2022-05-12;2,110;2,260;2,060;2,175;199 030
2022-05-11;2,250;2,310;2,030;2,120;356 580
2022-05-10;2,240;2,326;2,140;2,280;249 530
2022-05-09;2,460;2,470;2,010;2,210;456 570
2022-05-06;2,590;2,670;2,420;2,530;305 190
2022-05-05;2,790;2,850;2,610;2,610;220 130
2022-05-04;2,760;2,860;2,660;2,850;167 400
2022-05-03;2,580;2,800;2,580;2,770;246 370
2022-05-02;2,540;2,600;2,520;2,590;326 950
2022-04-29;2,530;2,720;2,530;2,570;97 430
2022-04-28;2,560;2,660;2,450;2,580;364 660
2022-04-27;2,680;2,680;2,480;2,500;489 350
2022-04-26;2,800;2,810;2,620;2,680;304 020
2022-04-25;2,850;2,876;2,760;2,800;202 310
2022-04-22;2,940;2,985;2,760;2,840;255 930
2022-04-21;3,150;3,150;2,950;2,960;309 820
2022-04-20;3,000;3,120;2,970;3,070;292 770
2022-04-19;3,070;3,075;2,990;3,020;135 730
2022-04-18;3,050;3,110;2,950;3,040;292 200
2022-04-14;3,050;3,120;3,030;3,030;158 520
2022-04-13;3,040;3,110;3,030;3,090;77 000
2022-04-12;3,100;3,140;3,020;3,030;192 050
2022-04-11;3,090;3,140;3,000;3,070;90 920
2022-04-08;3,210;3,210;3,090;3,100;159 900
2022-04-07;3,190;3,244;3,110;3,220;215 960
2022-04-06;3,220;3,280;3,150;3,150;260 370
2022-04-05;3,420;3,420;3,290;3,300;219 860
2022-04-04;3,310;3,470;3,220;3,410;286 260
2022-04-01;3,660;3,741;3,290;3,310;506 070
2022-03-31;3,500;3,680;3,488;3,650;332 390
2022-03-30;3,330;3,620;3,310;3,490;625 550
2022-03-29;3,290;3,390;3,290;3,340;118 000
2022-03-28;3,270;3,270;3,110;3,240;303 910
2022-03-25;3,360;3,370;3,230;3,270;201 790
2022-03-24;3,380;3,380;3,220;3,360;178 920
2022-03-23;3,350;3,450;3,250;3,340;248 260
2022-03-22;3,340;3,480;3,300;3,300;145 450
2022-03-21;3,570;3,610;3,300;3,330;308 360
2022-03-18;3,280;3,640;3,280;3,610;378 100
2022-03-17;3,260;3,370;3,190;3,320;138 950
2022-03-16;3,175;3,340;3,110;3,280;277 180
2022-03-15;3,000;3,170;3,000;3,140;144 220
2022-03-14;3,460;3,460;3,000;3,020;732 790
2022-03-11;3,670;3,670;3,450;3,450;148 530
2022-03-10;3,620;3,640;3,500;3,600;189 450
2022-03-09;3,780;3,890;3,700;3,720;218 140
2022-03-08;3,560;3,785;3,520;3,730;382 750
2022-03-07;3,440;3,640;3,400;3,560;192 620
2022-03-04;3,550;3,590;3,410;3,410;400 390
2022-03-03;3,700;3,711;3,580;3,600;181 580
2022-03-02;3,620;3,730;3,510;3,700;214 740
2022-03-01;3,600;3,650;3,490;3,620;301 810
2022-02-28;3,400;3,650;3,340;3,630;468 690
2022-02-25;3,790;3,825;3,400;3,450;1 400 000
2022-02-24;3,740;4,070;3,490;4,060;771 910
2022-02-23;4,000;4,090;3,810;3,840;332 960
2022-02-22;4,200;4,330;3,930;3,960;788 800
2022-02-18;4,190;4,560;4,190;4,370;711 890
2022-02-17;4,280;4,530;4,155;4,220;548 500
2022-02-16;3,870;4,390;3,830;4,310;876 630
2022-02-15;3,690;3,935;3,690;3,890;272 740
2022-02-14;3,780;3,810;3,632;3,640;449 410
2022-02-11;3,910;3,980;3,800;3,810;331 040
2022-02-10;3,960;4,130;3,920;3,930;260 130
2022-02-09;3,900;4,110;3,900;4,050;411 070
2022-02-08;3,940;4,000;3,835;3,870;597 590
2022-02-07;3,950;4,010;3,840;3,930;534 650
2022-02-04;3,850;3,990;3,780;3,950;244 800
2022-02-03;3,910;3,953;3,830;3,850;207 910
2022-02-02;4,150;4,200;3,870;4,000;236 100
2022-02-01;4,130;4,230;4,050;4,120;364 400
2022-01-31;3,840;4,100;3,840;4,100;280 550
2022-01-28;3,760;3,820;3,660;3,820;228 200
2022-01-27;3,990;3,990;3,750;3,770;350 090
2022-01-26;4,000;4,150;3,860;3,920;421 550
2022-01-25;3,970;4,030;3,870;3,950;335 280
2022-01-24;3,770;4,030;3,630;4,020;802 360
2022-01-21;3,960;4,030;3,850;3,860;464 850
2022-01-20;4,100;4,150;3,960;3,980;381 250
2022-01-19;3,970;4,140;3,970;4,100;458 460
2022-01-18;4,080;4,150;3,960;3,970;470 240
2022-01-14;4,190;4,240;4,040;4,110;755 410
2022-01-13;4,420;4,420;4,190;4,200;566 320
2022-01-12;4,470;4,570;4,410;4,420;530 900
2022-01-11;4,320;4,500;4,270;4,410;529 330
2022-01-10;4,670;4,670;4,350;4,380;1 010 000
2022-01-07;4,800;4,847;4,630;4,690;556 670
2022-01-06;5,000;5,072;4,760;4,770;991 400
2022-01-05;5,260;5,340;5,010;5,030;465 100
2022-01-04;5,300;5,375;5,200;5,290;549 450
2022-01-03;5,200;5,305;5,080;5,270;478 580
2021-12-31;5,370;5,450;5,120;5,140;618 460
2021-12-30;5,290;5,450;5,160;5,350;609 660
2021-12-29;5,490;5,500;5,290;5,300;423 600
2021-12-28;5,590;5,620;5,460;5,480;356 360
2021-12-27;5,610;5,685;5,590;5,590;559 210
2021-12-23;5,450;5,650;5,450;5,640;640 850
2021-12-22;5,480;5,480;5,320;5,460;484 500
2021-12-21;5,400;5,545;5,400;5,470;393 450
2021-12-20;5,550;5,550;5,280;5,380;357 430
2021-12-17;5,390;5,680;5,290;5,670;596 490
2021-12-16;5,760;5,760;5,380;5,440;503 750
2021-12-15;5,600;5,740;5,430;5,740;280 210
2021-12-14;5,600;5,710;5,540;5,610;396 450
2021-12-13;5,730;5,780;5,595;5,690;321 150
2021-12-10;6,000;6,070;5,760;5,780;435 400
2021-12-09;5,890;6,140;5,870;5,930;529 480
2021-12-08;5,650;6,020;5,590;5,910;362 130
2021-12-07;5,560;5,740;5,540;5,680;406 010
2021-12-06;5,380;5,520;5,200;5,460;536 510
2021-12-03;5,520;5,600;5,290;5,400;536 700
2021-12-02;5,640;5,745;5,490;5,530;549 370
2021-12-01;6,000;6,030;5,610;5,670;738 990
2021-11-30;5,930;5,970;5,755;5,910;484 340
2021-11-29;6,040;6,065;5,810;5,950;409 490
2021-11-26;5,940;6,080;5,890;6,030;282 160
2021-11-24;5,870;6,050;5,770;6,030;334 140
2021-11-23;5,940;6,010;5,750;5,920;624 250
2021-11-22;6,180;6,202;5,970;6,000;469 710
2021-11-19;5,990;6,240;5,990;6,160;484 520
2021-11-18;6,010;6,140;5,890;6,030;779 930
2021-11-17;6,020;6,180;5,965;6,010;901 410
2021-11-16;6,000;6,085;5,931;6,010;698 820
2021-11-15;6,090;6,300;5,990;6,040;653 460
2021-11-12;6,050;6,120;5,950;6,080;705 090
2021-11-11;5,770;6,140;5,770;6,040;969 710
2021-11-10;5,730;5,915;5,550;5,750;922 750
2021-11-09;5,900;5,940;5,730;5,750;1 240 000
2021-11-08;5,980;6,000;5,610;5,850;7 150 000
2021-11-05;6,804;6,920;5,750;5,860;5 690 000
2021-11-04;8,510;8,860;8,380;8,640;1 250 000
2021-11-03;7,890;8,460;7,840;8,370;709 870
2021-11-02;7,760;8,000;7,720;7,860;666 780
2021-11-01;7,640;7,720;7,580;7,660;301 960
2021-10-29;7,610;7,710;7,610;7,650;272 280
2021-10-28;7,720;7,740;7,570;7,660;380 370
2021-10-27;7,500;7,880;7,500;7,690;385 960
2021-10-26;7,590;7,821;7,490;7,500;510 030
2021-10-25;7,500;7,671;7,471;7,590;252 480
2021-10-22;7,500;7,610;7,410;7,500;432 110
2021-10-21;7,370;7,580;7,370;7,520;234 490
2021-10-20;7,420;7,570;7,300;7,410;305 640
2021-10-19;7,259;7,450;7,170;7,420;233 530
2021-10-18;7,170;7,280;7,100;7,160;210 020
2021-10-15;7,390;7,450;7,180;7,220;210 980
2021-10-14;7,250;7,580;7,250;7,340;362 090
2021-10-13;6,760;7,220;6,760;7,200;361 030
2021-10-12;6,830;6,940;6,740;6,750;292 480
2021-10-11;6,750;6,970;6,750;6,810;195 190
2021-10-08;6,940;7,065;6,770;6,790;357 560
2021-10-07;6,910;7,070;6,880;6,900;463 640
2021-10-06;6,800;6,920;6,710;6,870;224 810
2021-10-05;6,810;7,030;6,800;6,870;310 010
2021-10-04;7,230;7,250;6,795;6,810;307 780
2021-10-01;7,230;7,340;7,100;7,190;261 810
2021-09-30;7,080;7,250;7,080;7,180;247 980
2021-09-29;7,130;7,180;6,980;7,040;273 440
2021-09-28;7,180;7,290;7,050;7,050;248 720
2021-09-27;7,270;7,510;7,240;7,240;297 010
2021-09-24;7,170;7,330;7,080;7,240;242 760
2021-09-23;7,050;7,240;7,015;7,160;228 400
2021-09-22;6,870;7,130;6,800;6,980;448 180
2021-09-21;7,040;7,090;6,760;6,780;351 160
2021-09-20;7,250;7,305;6,940;6,970;442 620
2021-09-17;7,450;7,550;7,380;7,460;515 780
2021-09-16;7,290;7,490;7,130;7,460;288 010
2021-09-15;7,250;7,374;7,050;7,280;486 300
2021-09-14;7,440;7,520;7,120;7,210;330 660
2021-09-13;7,440;7,520;7,216;7,450;372 950
2021-09-10;7,770;7,800;7,400;7,430;259 830
2021-09-09;7,800;7,970;7,580;7,720;425 570
2021-09-08;7,770;8,000;7,770;7,780;292 150
2021-09-07;7,700;8,000;7,700;7,810;415 880
2021-09-03;7,770;7,920;7,650;7,720;330 790
2021-09-02;7,620;7,840;7,600;7,770;411 490
2021-09-01;7,360;7,700;7,265;7,630;605 050
2021-08-31;7,260;7,410;7,150;7,330;328 270
2021-08-30;7,300;7,360;7,140;7,280;315 800
2021-08-27;7,100;7,300;7,085;7,300;378 150
2021-08-26;6,880;7,150;6,880;7,090;332 940
2021-08-25;6,880;7,020;6,845;6,920;323 190
2021-08-24;6,790;7,015;6,750;6,880;418 000
2021-08-23;6,640;6,800;6,630;6,730;488 890
2021-08-20;6,500;6,670;6,488;6,620;283 800
2021-08-19;6,620;6,710;6,510;6,520;405 060
2021-08-18;6,540;6,820;6,445;6,690;504 390
2021-08-17;6,740;6,740;6,390;6,520;861 760
2021-08-16;7,040;7,150;6,760;6,760;450 160
2021-08-13;6,960;7,200;6,740;7,040;791 430
2021-08-12;7,000;7,090;6,815;7,000;534 470
2021-08-11;7,150;7,200;6,930;6,970;696 150
2021-08-10;7,540;7,600;7,060;7,120;585 950
2021-08-09;7,200;7,610;7,150;7,520;740 200
2021-08-06;7,270;7,270;6,850;7,150;1 630 000
2021-08-05;7,710;7,875;7,620;7,700;485 300
2021-08-04;7,510;7,720;7,380;7,710;563 280
2021-08-03;7,640;7,670;7,380;7,620;672 270
2021-08-02;7,760;7,920;7,625;7,640;421 250
2021-07-30;7,690;7,860;7,670;7,730;369 690
2021-07-29;7,610;7,805;7,600;7,770;320 910
2021-07-28;7,300;7,610;7,300;7,550;451 130
2021-07-27;7,360;7,460;7,110;7,210;453 110
2021-07-26;7,530;7,530;7,300;7,350;348 810
2021-07-23;7,370;7,418;7,180;7,330;407 920
2021-07-22;7,640;7,650;7,330;7,400;460 920
2021-07-21;7,440;7,810;7,440;7,710;319 410
2021-07-20;7,300;7,495;7,145;7,410;453 850
2021-07-19;7,220;7,310;6,950;7,270;685 240
2021-07-16;7,560;7,660;7,300;7,310;405 970
2021-07-15;7,630;7,690;7,390;7,520;489 710
2021-07-14;7,870;7,960;7,620;7,620;425 880
2021-07-13;7,940;7,990;7,820;7,830;248 700
2021-07-12;8,050;8,100;7,920;7,955;358 270
2021-07-09;7,780;8,090;7,770;8,020;415 210
2021-07-08;7,660;7,861;7,560;7,760;561 820
2021-07-07;8,140;8,265;7,760;7,800;526 190
2021-07-06;8,430;8,430;8,023;8,160;561 010
2021-07-02;8,470;8,500;8,290;8,390;326 160
2021-07-01;8,580;8,600;8,340;8,400;387 550
2021-06-30;8,630;8,730;8,420;8,470;483 500
2021-06-29;8,850;9,190;8,560;8,670;550 660
2021-06-28;8,870;9,250;8,840;8,860;762 100
2021-06-25;8,470;8,840;8,461;8,820;3 760 000
2021-06-24;8,430;8,540;8,370;8,400;475 620
2021-06-23;8,450;8,640;8,330;8,360;334 920
2021-06-22;8,330;8,530;8,291;8,470;531 480
2021-06-21;8,300;8,470;8,160;8,340;497 400
2021-06-18;8,650;8,650;8,110;8,240;836 470
2021-06-17;8,800;8,900;8,620;8,620;384 190
2021-06-16;8,640;8,850;8,510;8,780;355 990
2021-06-15;8,755;8,880;8,640;8,690;358 220
2021-06-14;8,780;9,030;8,760;8,790;446 000
2021-06-11;8,845;8,845;8,655;8,790;279 620
2021-06-10;8,700;8,800;8,530;8,630;387 950
2021-06-09;8,850;8,980;8,652;8,690;368 090
2021-06-08;8,730;9,030;8,730;8,850;583 320
2021-06-07;8,420;8,740;8,420;8,680;510 160
2021-06-04;8,390;8,549;8,380;8,440;413 110
2021-06-03;8,620;8,690;8,370;8,390;509 550
2021-06-02;8,560;8,744;8,560;8,640;761 040
2021-06-01;8,290;8,560;8,130;8,540;580 600
2021-05-28;8,300;8,580;8,210;8,230;415 900
2021-05-27;8,080;8,320;8,010;8,210;513 930
2021-05-26;7,750;8,090;7,700;8,040;469 600
2021-05-25;7,910;7,990;7,700;7,710;509 010
2021-05-24;8,100;8,160;7,825;7,850;581 070
2021-05-21;7,980;8,230;7,910;8,060;588 500
2021-05-20;7,780;8,150;7,780;7,890;658 190
2021-05-19;7,620;7,820;7,530;7,780;343 640
2021-05-18;7,790;8,040;7,730;7,780;405 730
2021-05-17;7,470;7,910;7,360;7,780;535 480
2021-05-14;7,240;7,525;7,110;7,470;430 130
2021-05-13;7,080;7,470;7,041;7,170;717 830
2021-05-12;7,200;7,380;7,040;7,130;783 390
2021-05-11;7,300;7,600;7,110;7,350;683 320
2021-05-10;7,570;7,675;7,250;7,530;873 390
2021-05-07;7,160;7,900;6,810;7,580;1 070 000
2021-05-06;7,000;7,240;6,750;7,220;989 640
2021-05-05;7,360;7,400;7,000;7,050;640 480
2021-05-04;7,190;7,330;6,870;7,260;903 270
2021-05-03;7,490;7,545;7,220;7,300;852 630
2021-04-30;7,810;7,828;7,400;7,410;1 010 000
2021-04-29;8,260;8,260;7,810;7,910;480 120
2021-04-28;8,090;8,240;7,980;8,200;261 110
2021-04-27;8,290;8,290;8,100;8,130;360 100
2021-04-26;8,290;8,460;8,170;8,280;511 320
2021-04-23;8,080;8,310;7,990;8,270;489 090
2021-04-22;7,900;8,090;7,810;8,010;427 600
2021-04-21;7,550;7,930;7,450;7,920;385 470
2021-04-20;7,670;7,710;7,395;7,580;633 160
2021-04-19;7,880;8,020;7,590;7,720;544 300
2021-04-16;7,900;7,955;7,680;7,890;432 680
2021-04-15;8,350;8,350;7,800;7,880;696 360
2021-04-14;8,220;8,530;8,100;8,290;341 780
2021-04-13;8,240;8,390;8,110;8,220;649 880
2021-04-12;8,410;8,450;8,170;8,270;342 400
2021-04-09;8,320;8,510;8,270;8,440;350 860
2021-04-08;8,520;8,520;8,280;8,410;301 870
2021-04-07;8,450;8,600;8,310;8,480;382 790
2021-04-06;8,640;8,740;8,450;8,470;444 910
2021-04-05;8,920;8,930;8,420;8,690;1 360 000
2021-04-01;8,320;8,880;8,320;8,820;618 090
2021-03-31;8,060;8,430;7,990;8,360;480 110
2021-03-30;7,940;8,020;7,790;7,970;472 620
2021-03-29;8,290;8,410;7,960;8,010;686 440
2021-03-26;7,880;8,290;7,880;8,290;511 220
2021-03-25;7,680;7,978;7,530;7,840;496 640
2021-03-24;8,230;8,260;7,690;7,700;924 430
2021-03-23;8,350;8,450;8,050;8,090;642 390
2021-03-22;8,510;8,662;8,370;8,480;529 020
2021-03-19;8,490;8,620;8,340;8,480;1 010 000
2021-03-18;8,740;9,020;8,270;8,370;582 980
