time;open;high;low;close;Volume
2026-04-24;69.83;72.07;68.43;69.67;298450
2026-04-23;72.21;73.73;68.32;69.24;421941
2026-04-22;71.48;74.35;71.48;72.5;682454
2026-04-21;73.46;75.02;69.95;72.1;852848
2026-04-20;71.05;74.68;69.35;72.0;606870
2026-04-17;70.14;74.6;70.14;73.01;1384436
2026-04-16;68.15;71.09;66.85;70.7;1323425
2026-04-15;63.78;70.2;63.66;70.2;3087933
2026-04-14;62.0;67.69;60.12;62.25;1130435
2026-04-13;67.0;75.0;57.1;62.29;4238101
2026-04-10;51.16;53.26;50.0;51.0;324084
2026-04-09;50.02;52.77;50.02;52.19;416808
2026-04-08;53.6;54.39;50.39;52.24;747965
2026-04-07;48.97;51.78;48.82;51.2;524999
2026-04-06;46.66;49.85;46.66;48.98;523022
2026-04-02;47.17;48.4;46.26;47.58;277113
2026-04-01;51.2;51.2;48.64;49.85;422457
2026-03-31;46.28;54.96;46.28;54.96;812132
2026-03-30;47.33;48.47;44.8;45.42;496033
2026-03-27;47.0;47.95;46.7;47.31;583978
2026-03-26;45.4;49.31;45.23;47.99;787032
2026-03-25;42.49;46.31;41.0;45.99;470712
2026-03-24;42.5;42.9;40.91;42.22;453357
2026-03-23;40.51;44.08;40.51;42.76;520872
2026-03-20;42.01;43.22;41.16;41.25;1123672
2026-03-19;42.49;43.22;41.5;41.5;414693
2026-03-18;43.95;45.14;42.0;43.06;585521
2026-03-17;43.0;45.39;43.0;43.96;536342
2026-03-16;39.14;45.0;39.14;44.98;970779
2026-03-13;40.4;42.4;39.0;39.89;594846
2026-03-12;41.25;41.45;39.2;40.24;455768
2026-03-11;41.45;42.61;41.05;41.5;368339
2026-03-10;41.0;42.93;41.0;41.57;479550
2026-03-09;39.95;41.88;38.9;40.7;686300
2026-03-06;40.59;40.59;38.36;40.15;272920
2026-03-05;40.95;41.5;39.9;40.59;478804
2026-03-04;38.22;42.58;38.22;41.41;519937
2026-03-03;41.7;41.85;39.98;40.07;677290
2026-03-02;41.81;42.93;40.74;42.49;546995
2026-02-27;42.01;43.8;42.01;43.01;518707
2026-02-26;45.0;45.0;40.99;41.0;389873
2026-02-25;43.12;44.88;43.04;43.57;379264
2026-02-24;45.49;45.49;43.05;43.5;429171
2026-02-23;42.0;45.76;41.54;44.4;767223
2026-02-20;37.82;44.0;37.81;43.9;1505635
2026-02-19;36.66;38.16;35.93;37.81;576891
2026-02-18;36.05;37.66;35.93;37.0;532096
2026-02-17;36.39;37.22;34.96;35.95;502260
2026-02-13;34.84;37.98;34.84;36.8;968943
2026-02-12;33.8;34.92;33.59;34.84;451615
2026-02-11;34.2;34.5;32.35;33.92;245833
2026-02-10;34.01;34.93;33.19;33.8;524007
2026-02-09;34.61;35.58;33.78;33.96;441046
2026-02-06;33.77;35.21;33.16;35.12;615299
2026-02-05;32.07;33.67;31.39;32.94;712907
2026-02-04;33.57;34.07;30.92;32.07;273706
2026-02-03;32.77;33.96;32.66;33.29;323317
2026-02-02;30.14;33.35;30.14;32.75;291941
2026-01-30;33.38;33.65;31.6;31.98;331961
2026-01-29;32.56;33.77;32.0;33.58;430939
2026-01-28;33.7;34.03;32.48;33.14;185813
2026-01-27;32.59;33.77;32.3;33.03;234621
2026-01-26;32.4;33.08;31.52;32.28;287402
2026-01-23;34.99;34.99;31.77;32.03;245157
2026-01-22;34.0;35.07;33.82;34.09;629021
2026-01-21;33.76;34.51;33.0;33.99;350235
2026-01-20;32.96;33.92;31.62;33.73;383723
2026-01-16;33.21;34.0;32.4;33.21;316388
2026-01-15;33.37;34.17;32.57;33.09;461696
2026-01-14;31.49;34.21;31.49;33.16;840962
2026-01-13;35.01;35.01;31.03;31.8;397800
2026-01-12;31.05;33.13;30.0;33.13;335984
2026-01-09;30.85;31.45;30.35;30.61;274024
2026-01-08;31.45;31.45;29.6;30.14;406555
2026-01-07;30.0;31.69;30.0;31.05;408152
2026-01-06;30.35;30.95;29.43;30.93;522380
2026-01-05;30.75;30.75;28.0;30.26;707599
2026-01-02;32.76;33.31;30.11;30.58;564699
2025-12-31;31.78;32.84;31.51;32.76;384059
2025-12-30;32.47;32.53;31.5;31.88;275892
2025-12-29;33.1;33.22;32.05;32.56;241115
2025-12-26;33.2;33.4;32.3;32.94;192104
2025-12-24;33.3;34.1;32.79;33.32;210955
2025-12-23;34.2;34.44;32.96;33.23;368256
2025-12-22;33.4;34.52;31.57;31.92;905698
2025-12-19;33.55;34.84;33.21;33.4;2690243
2025-12-18;33.3;34.24;32.88;33.47;420399
2025-12-17;32.51;34.32;32.51;33.33;302483
2025-12-16;33.0;33.52;32.26;32.97;369622
2025-12-15;33.93;34.96;33.15;33.34;467984
2025-12-12;34.66;36.2;33.24;33.79;438633
2025-12-11;34.66;35.31;34.04;34.36;478671
2025-12-10;33.79;34.94;33.51;34.66;476305
2025-12-09;35.07;36.5;33.52;33.68;513181
2025-12-08;33.21;34.96;33.21;33.37;905302
2025-12-05;33.81;34.06;33.0;33.45;369370
2025-12-04;32.6;34.54;31.44;33.51;688227
2025-12-03;28.85;32.54;28.5;32.54;1002650
2025-12-02;28.58;29.84;28.16;28.4;384251
2025-12-01;29.9;30.55;28.45;28.66;597908
2025-11-28;29.75;30.21;29.75;30.0;361862
2025-11-26;29.57;30.0;28.71;30.0;337523
2025-11-25;26.76;29.5;26.64;29.2;418979
2025-11-24;24.8;27.21;24.47;27.04;640969
2025-11-21;23.9;24.97;23.01;24.26;341224
2025-11-20;24.51;25.42;23.22;23.47;444943
2025-11-19;24.52;25.07;23.69;24.3;388514
2025-11-18;24.36;24.7;23.75;24.1;332480
2025-11-17;22.91;25.02;22.91;24.67;516127
2025-11-14;22.11;24.5;22.11;23.5;384506
2025-11-13;23.11;23.57;22.47;22.63;354692
2025-11-12;23.67;24.19;22.91;23.41;469218
2025-11-11;22.21;23.68;21.63;23.35;374541
2025-11-10;22.5;23.0;21.96;22.18;265361
2025-11-07;21.95;22.54;21.14;22.52;370995
2025-11-06;22.53;22.99;21.88;22.39;311806
2025-11-05;23.37;23.5;22.03;22.85;583878
2025-11-04;23.23;23.84;22.15;23.8;482420
2025-11-03;23.95;24.45;22.42;23.78;758260
2025-10-31;24.2;24.59;23.65;24.34;486690
2025-10-30;23.79;24.68;23.78;24.26;343953
2025-10-29;24.64;25.01;23.52;23.81;792679
2025-10-28;24.62;25.06;24.29;24.64;516678
2025-10-27;24.15;25.0;23.65;24.57;998734
2025-10-24;22.3;23.59;21.93;23.37;520278
2025-10-23;22.22;22.89;21.9;22.37;448509
2025-10-22;22.74;23.4;21.88;22.21;670555
2025-10-21;24.1;24.19;22.73;22.73;739448
2025-10-20;22.99;23.53;22.23;23.2;730352
2025-10-17;22.2;22.98;21.9;22.47;1284607
2025-10-16;22.3;23.49;21.82;22.15;1890683
2025-10-15;21.73;22.31;21.01;21.7;1708871
2025-10-14;18.8;21.61;18.2;20.83;4476527
2025-10-13;19.51;19.71;15.97;19.15;442310
2025-10-10;21.7;21.7;19.03;21.64;921083
2025-10-09;17.66;21.59;17.65;21.42;2328870
2025-10-08;16.07;17.9;16.04;17.75;925534
2025-10-07;16.68;16.79;16.0;16.02;306692
2025-10-06;16.03;16.75;15.86;16.34;485867
2025-10-03;16.17;16.39;15.6;15.6;291688
2025-10-02;16.51;16.7;15.86;16.06;184483
2025-10-01;16.73;17.19;16.37;16.46;372275
2025-09-30;16.33;16.79;15.81;16.76;418458
2025-09-29;16.27;16.42;15.49;16.36;704282
2025-09-26;15.98;16.73;15.7;16.24;742237
2025-09-25;17.0;17.0;15.18;15.71;878874
2025-09-24;16.02;17.12;15.8;17.0;559964
2025-09-23;15.7;16.05;15.11;16.02;780560
2025-09-22;15.17;15.45;14.5;15.29;430320
2025-09-19;15.46;15.46;14.63;14.88;730801
2025-09-18;15.8;15.8;15.01;15.32;475200
2025-09-17;15.05;15.35;14.84;15.05;592278
2025-09-16;14.84;15.2;14.66;14.82;392886
2025-09-15;16.5;16.5;14.74;14.84;790927
2025-09-12;16.2;16.2;15.64;15.65;311408
2025-09-11;16.24;16.6;16.1;16.2;539512
2025-09-10;16.58;16.63;15.8;16.2;208243
2025-09-09;16.68;17.11;16.29;16.58;164105
2025-09-08;16.98;17.13;16.52;16.63;192979
2025-09-05;17.11;17.58;16.86;17.0;216150
2025-09-04;16.82;17.33;16.23;16.99;560947
2025-09-03;16.54;17.44;16.32;17.05;198416
2025-09-02;16.2;17.0;16.12;16.63;326638
2025-08-29;16.71;16.75;16.27;16.49;236404
2025-08-28;17.18;17.39;16.64;16.72;193954
2025-08-27;16.91;17.35;16.89;17.14;241832
2025-08-26;16.67;17.12;16.38;17.06;324452
2025-08-25;17.25;17.46;16.41;16.42;223559
2025-08-22;17.29;17.8;16.77;17.22;555163
2025-08-21;16.1;16.94;15.91;16.94;545253
2025-08-20;16.18;16.53;15.73;16.35;468927
2025-08-19;16.94;16.94;15.91;16.11;407029
2025-08-18;16.95;17.4;16.69;17.25;295526
2025-08-15;16.96;17.42;16.86;16.95;323433
2025-08-14;17.09;17.26;16.77;16.86;180476
2025-08-13;16.17;17.42;15.82;17.4;352983
2025-08-12;15.42;15.93;15.31;15.89;127017
2025-08-11;15.11;15.79;14.72;15.25;219736
2025-08-08;14.93;15.29;14.75;15.16;174210
2025-08-07;16.05;16.05;14.93;15.45;297962
2025-08-06;16.88;16.88;15.66;15.96;449351
2025-08-05;16.15;17.12;15.96;17.12;240721
2025-08-04;16.3;17.01;15.81;16.16;520587
2025-08-01;16.5;17.04;16.23;16.26;387505
2025-07-31;17.16;17.4;16.57;16.97;424644
2025-07-30;17.05;17.7;16.78;17.29;691212
2025-07-29;17.16;17.2;16.42;17.1;193667
2025-07-28;17.81;18.0;16.84;16.98;416111
2025-07-25;17.6;17.95;17.06;17.79;684350
2025-07-24;17.67;18.31;17.38;17.6;411276
2025-07-23;16.55;18.03;16.53;17.46;231246
2025-07-22;16.54;16.73;16.16;16.35;394774
2025-07-21;16.39;17.09;16.19;16.19;406909
2025-07-18;17.11;17.19;16.08;16.29;229807
2025-07-17;16.32;16.9;16.21;16.89;331485
2025-07-16;15.44;16.27;15.44;16.2;280608
2025-07-15;16.76;17.09;15.05;15.31;455917
2025-07-14;15.69;16.56;15.61;16.41;378044
2025-07-11;15.76;15.96;15.47;15.69;392177
2025-07-10;16.56;16.57;15.83;15.96;358557
2025-07-09;15.79;16.92;15.79;16.55;446003
2025-07-08;15.37;16.11;15.37;15.61;416107
2025-07-07;15.99;16.06;14.97;16.06;578743
2025-07-03;15.53;16.44;15.43;15.93;384483
2025-07-02;15.53;16.61;15.26;15.5;443482
2025-07-01;14.86;15.95;14.0;15.49;505065
2025-06-30;15.27;15.84;14.95;14.97;247291
2025-06-27;16.0;16.13;15.08;15.22;1349790
2025-06-26;15.72;17.29;15.29;16.02;401142
2025-06-25;15.43;15.89;14.71;15.72;175215
2025-06-24;15.16;15.69;14.09;15.65;283653
2025-06-23;14.84;15.13;14.35;14.68;586079
2025-06-20;15.05;15.28;14.68;14.77;788343
2025-06-18;15.18;15.9;14.93;15.08;456108
2025-06-17;17.16;18.63;13.93;15.4;895162
2025-06-16;17.51;18.48;16.74;18.19;394393
2025-06-13;17.27;17.73;16.99;17.29;213716
2025-06-12;17.67;18.03;17.22;17.71;514322
2025-06-11;18.56;19.2;17.9;18.0;427010
2025-06-10;17.27;18.83;17.27;18.56;315967
2025-06-09;17.4;17.48;16.83;17.25;322852
2025-06-06;16.99;17.57;16.77;16.97;190607
2025-06-05;16.44;16.93;15.87;16.62;218844
2025-06-04;16.58;17.11;16.35;16.52;271022
2025-06-03;15.47;16.72;15.39;16.57;363067
2025-06-02;15.4;15.68;14.92;15.4;268947
2025-05-30;15.5;15.5;14.75;15.28;269067
2025-05-29;15.3;15.71;15.05;15.55;180013
2025-05-28;15.08;15.38;14.87;15.08;582640
2025-05-27;15.41;15.68;14.92;14.99;297178
2025-05-23;14.68;15.16;14.62;15.16;131642
2025-05-22;14.63;15.18;14.59;15.07;278268
2025-05-21;15.03;15.45;14.65;14.78;178356
2025-05-20;14.88;15.45;14.72;15.4;189562
2025-05-19;14.95;15.55;14.6;15.05;274220
2025-05-16;14.96;15.37;14.39;15.21;248602
2025-05-15;14.78;14.86;14.12;14.54;374563
2025-05-14;14.78;14.99;14.26;14.8;771749
2025-05-13;14.96;14.96;14.13;14.75;892819
2025-05-12;13.1;15.57;13.1;14.93;479086
2025-05-09;13.54;14.8;12.94;14.06;764116
2025-05-08;12.4;13.41;12.28;12.86;213748
2025-05-07;12.9;12.92;12.33;12.71;320478
2025-05-06;13.84;14.28;12.49;12.51;340584
2025-05-05;15.22;15.22;13.93;14.09;263922
2025-05-02;14.4;15.63;14.4;15.11;379791
2025-05-01;15.35;15.77;14.47;14.66;327614
2025-04-30;14.67;15.45;14.64;15.23;348894
2025-04-29;14.88;15.18;14.3;15.02;243271
2025-04-28;14.16;14.91;14.16;14.67;460549
2025-04-25;14.44;14.8;13.83;14.13;279332
2025-04-24;13.5;15.67;13.5;15.67;510724
2025-04-23;14.49;14.79;14.1;14.75;451152
2025-04-22;13.4;14.04;13.0;13.96;336024
2025-04-21;12.54;13.81;12.53;13.57;527676
2025-04-17;11.8;12.79;11.8;12.67;565071
2025-04-16;12.8;13.25;12.04;12.42;424769
2025-04-15;12.4;13.29;12.4;12.43;369356
2025-04-14;12.63;13.1;12.36;13.02;700777
2025-04-11;12.1;12.87;11.5;12.22;467396
2025-04-10;12.3;12.95;11.61;11.93;784856
2025-04-09;11.0;13.76;10.91;13.37;800904
2025-04-08;12.4;13.28;11.46;11.8;1127352
2025-04-07;13.35;13.35;11.6;12.39;924151
2025-04-04;14.41;14.41;12.3;12.79;1348615
2025-04-03;14.3;15.02;13.88;13.99;781316
2025-04-02;15.21;15.8;14.9;15.49;399094
2025-04-01;15.9;16.12;15.24;15.29;1012974
2025-03-31;17.56;17.68;16.13;16.13;584720
2025-03-28;17.0;18.28;17.0;17.94;461479
2025-03-27;17.08;17.92;16.71;17.69;610276
2025-03-26;18.25;18.78;16.93;17.03;631926
2025-03-25;19.0;19.5;17.55;18.16;427618
2025-03-24;17.5;19.97;17.5;19.97;309027
2025-03-21;17.9;18.54;17.54;18.17;858652
2025-03-20;19.0;19.0;18.03;18.15;192195
2025-03-19;17.97;18.82;17.79;18.4;561921
2025-03-18;19.0;19.0;17.86;17.91;279638
2025-03-17;18.51;18.91;17.9;18.54;331743
2025-03-14;18.24;18.99;17.86;18.04;279334
2025-03-13;19.98;19.98;17.5;18.02;238840
2025-03-12;18.05;19.44;18.05;18.88;317719
2025-03-11;19.06;19.58;17.25;18.56;675395
2025-03-10;20.0;21.98;18.18;20.0;448515
2025-03-07;20.34;21.03;19.42;19.49;884732
2025-03-06;19.49;20.57;18.72;20.5;690501
2025-03-05;18.32;19.89;18.01;19.65;512125
2025-03-04;18.01;18.59;17.24;18.15;512459
2025-03-03;19.96;20.0;17.55;17.94;341464
2025-02-28;18.01;19.98;18.0;19.7;447289
2025-02-27;19.74;19.8;18.26;18.5;585588
2025-02-26;20.2;21.5;18.81;19.15;625658
2025-02-25;20.73;21.5;19.83;20.65;502454
2025-02-24;20.41;21.93;20.41;21.4;472924
2025-02-21;21.1;22.86;20.26;21.5;606945
2025-02-20;21.7;23.04;21.63;22.41;240941
2025-02-19;21.93;22.55;21.91;22.37;182235
2025-02-18;22.4;23.6;21.61;22.07;468859
2025-02-14;21.21;23.19;21.21;22.92;320931
2025-02-13;23.59;23.75;22.57;23.0;381541
2025-02-12;21.63;23.35;21.13;23.27;360475
2025-02-11;22.35;22.75;21.9;22.15;735488
2025-02-10;22.28;23.2;22.01;22.75;452314
2025-02-07;23.72;24.39;22.43;22.65;544582
2025-02-06;23.54;24.35;23.41;23.86;334727
2025-02-05;22.9;24.83;22.9;23.56;216972
2025-02-04;22.75;23.84;22.6;23.72;509752
2025-02-03;22.3;23.68;21.0;22.9;344679
2025-01-31;21.5;23.59;21.5;22.99;404867
2025-01-30;21.0;22.74;21.0;22.27;1038654
2025-01-29;15.0;22.18;15.0;21.9;242448
2025-01-28;20.77;22.0;20.25;21.79;407896
2025-01-27;22.3;22.81;20.66;20.82;362715
2025-01-24;21.85;22.44;21.0;21.61;292337
2025-01-23;21.64;22.05;21.01;21.81;377815
2025-01-22;21.9;23.0;21.58;21.82;474914
2025-01-21;20.14;22.82;20.14;22.28;552308
2025-01-17;20.96;21.24;20.33;20.62;458714
2025-01-16;21.84;22.11;20.38;20.55;548857
2025-01-15;21.74;22.49;21.05;21.66;396311
2025-01-14;21.75;21.97;20.36;20.8;351820
2025-01-13;22.64;23.0;20.54;21.55;525126
2025-01-10;23.46;23.76;21.6;22.46;532646
2025-01-08;24.21;24.52;23.77;24.02;296941
2025-01-07;24.42;26.01;24.05;24.35;908425
2025-01-06;24.66;25.4;24.25;24.42;200728
2025-01-03;22.1;24.83;22.1;24.35;149585
2025-01-02;23.6;24.45;23.33;23.85;315686
2024-12-31;22.85;24.05;22.63;23.3;416860
2024-12-30;23.35;23.44;22.37;22.54;243697
2024-12-27;23.25;24.34;23.18;23.67;201458
2024-12-26;23.13;24.08;22.94;24.07;211536
2024-12-24;23.58;23.64;22.73;23.34;142477
2024-12-23;23.74;23.85;22.79;23.59;189396
2024-12-20;23.5;24.88;22.62;23.86;1076712
2024-12-19;23.56;23.86;22.59;23.13;310375
2024-12-18;25.67;25.67;22.57;23.16;479859
2024-12-17;24.22;25.36;23.14;25.26;523760
2024-12-16;23.95;25.01;23.44;24.75;337740
2024-12-13;23.81;24.45;23.5;24.12;252414
2024-12-12;26.45;26.79;23.9;23.92;605430
2024-12-11;26.25;27.0;25.8;26.44;287411
2024-12-10;26.72;27.24;26.15;26.49;232994
2024-12-09;27.23;27.64;26.76;26.81;213968
2024-12-06;25.77;27.19;25.77;27.08;294292
2024-12-05;27.92;27.92;25.13;25.55;482693
2024-12-04;27.3;28.4;26.87;28.4;371766
2024-12-03;27.7;29.06;26.93;27.27;416925
2024-12-02;28.42;28.67;27.32;27.51;401287
2024-11-29;27.75;28.55;27.75;28.43;138233
2024-11-27;27.97;28.23;27.23;27.75;345065
2024-11-26;27.94;28.46;27.36;27.83;400640
2024-11-25;27.8;28.36;27.18;27.81;656595
2024-11-22;28.0;28.01;26.73;27.7;550113
2024-11-21;27.0;29.09;26.76;27.0;654316
2024-11-20;26.86;28.48;26.81;27.5;840464
2024-11-19;28.07;28.07;25.74;26.95;2314072
2024-11-18;29.27;30.34;27.9;28.5;249984
2024-11-15;31.35;31.35;29.14;29.2;191709
2024-11-14;33.03;33.47;31.15;31.27;196616
2024-11-13;35.82;36.98;31.74;32.95;571033
2024-11-12;41.92;42.37;35.42;35.82;888290
2024-11-11;38.89;42.37;38.61;41.1;394863
2024-11-08;35.87;39.63;33.0;39.58;258604
2024-11-07;39.35;39.35;36.91;37.69;462393
2024-11-06;36.9;38.05;35.91;37.48;363481
2024-11-05;35.13;36.08;34.68;35.92;221005
2024-11-04;33.48;35.46;33.1;35.13;229953
2024-11-01;32.72;34.13;32.72;33.98;126167
2024-10-31;33.15;34.32;32.21;32.53;268970
2024-10-30;33.1;34.91;33.1;34.16;175766
2024-10-29;34.3;34.7;32.91;33.8;204710
2024-10-28;35.49;36.09;34.29;34.4;154971
2024-10-25;34.82;36.6;34.14;34.81;411567
2024-10-24;33.86;34.46;33.37;33.7;121139
2024-10-23;34.12;34.7;32.22;33.61;432943
2024-10-22;32.26;34.21;32.19;34.15;290575
2024-10-21;32.67;33.14;31.7;32.43;137647
2024-10-18;32.8;33.27;31.89;32.76;155320
2024-10-17;32.57;34.14;32.17;32.76;323450
2024-10-16;31.2;32.45;30.61;32.37;333289
2024-10-15;30.18;32.0;29.8;31.48;516488
2024-10-14;28.41;30.7;28.3;30.66;519161
2024-10-11;27.21;28.96;27.15;28.7;153130
2024-10-10;27.01;27.34;26.28;27.22;122204
2024-10-09;27.75;28.3;26.75;27.48;199616
2024-10-08;26.7;28.53;26.7;27.88;237272
2024-10-07;29.15;29.37;27.34;27.46;135095
2024-10-04;28.8;29.36;28.73;29.15;125994
2024-10-03;27.37;28.74;27.37;28.37;127147
2024-10-02;27.0;28.19;26.92;27.68;130023
2024-10-01;29.18;29.18;26.84;27.46;451497
2024-09-30;28.39;29.94;28.39;29.41;288594
2024-09-27;29.31;29.52;28.06;28.49;111715
2024-09-26;28.22;30.11;27.9;29.06;732969
2024-09-25;28.11;29.44;27.64;27.71;307238
2024-09-24;29.4;30.52;27.97;28.16;288636
2024-09-23;29.7;30.39;28.71;30.02;533541
2024-09-20;30.24;31.89;29.75;30.17;1682233
2024-09-19;29.99;30.5;29.5;30.3;323047
2024-09-18;28.51;29.96;28.21;28.96;340567
2024-09-17;29.23;30.1;28.47;28.51;416657
2024-09-16;33.11;33.11;27.09;28.96;547391
2024-09-13;28.8;30.25;28.79;29.36;506585
2024-09-12;28.5;29.72;28.24;28.44;110743
2024-09-11;28.1;29.51;27.29;28.98;266307
2024-09-10;28.6;29.66;27.88;28.19;392872
2024-09-09;28.37;29.66;27.89;29.08;322243
2024-09-06;27.81;28.5;26.52;27.96;272260
2024-09-05;28.4;28.88;27.69;28.04;250696
2024-09-04;27.04;29.12;26.69;28.0;309774
2024-09-03;28.11;29.08;26.53;26.6;186346
2024-08-30;28.43;29.0;28.16;28.39;283791
2024-08-29;28.39;28.49;27.36;28.07;234208
2024-08-28;27.48;28.15;27.22;28.03;639898
2024-08-27;26.67;27.92;26.41;27.81;250477
2024-08-26;25.87;27.0;25.15;26.99;189705
2024-08-23;25.08;26.35;25.07;25.53;335081
2024-08-22;26.62;26.71;24.47;24.76;175880
2024-08-21;26.54;27.49;25.91;26.57;273331
2024-08-20;27.85;28.5;26.19;27.55;542315
2024-08-19;26.0;27.94;25.99;27.85;236532
2024-08-16;26.55;26.62;25.52;26.04;206752
2024-08-15;25.42;26.62;24.93;26.55;330303
2024-08-14;25.49;25.91;24.24;24.73;263062
2024-08-13;24.67;25.71;24.03;25.29;303205
2024-08-12;24.88;24.88;23.31;24.31;171474
2024-08-09;25.3;25.3;24.41;24.8;209197
2024-08-08;25.44;25.83;24.32;25.25;392953
2024-08-07;26.55;26.55;24.39;24.55;241776
2024-08-06;26.52;26.52;25.42;26.04;254585
2024-08-05;24.64;26.56;24.64;26.0;299735
2024-08-02;25.58;26.96;25.48;26.19;166552
2024-08-01;27.51;27.89;26.38;26.92;337058
2024-07-31;28.95;28.95;26.56;27.5;885138
2024-07-30;30.08;31.59;28.67;28.72;173109
2024-07-29;31.05;31.55;29.81;29.94;117349
2024-07-26;30.83;32.2;30.24;31.29;269354
2024-07-25;30.48;31.66;30.04;30.11;213726
2024-07-24;31.57;32.41;30.51;30.69;153031
2024-07-23;30.5;32.32;30.26;31.83;277722
2024-07-22;30.42;30.89;29.11;30.78;212225
2024-07-19;29.89;30.35;28.94;29.5;267807
2024-07-18;31.16;32.1;29.59;29.8;169103
2024-07-17;30.9;31.94;29.84;31.4;537921
2024-07-16;28.94;31.14;28.9;30.95;534937
2024-07-15;29.84;30.33;28.45;28.8;338543
2024-07-12;28.67;29.77;27.43;29.68;785851
2024-07-11;28.99;29.53;28.06;28.13;577105
2024-07-10;27.2;28.73;27.2;27.88;639403
2024-07-09;26.46;27.12;25.41;27.04;299542
2024-07-08;25.85;27.24;25.1;26.55;456135
2024-07-05;25.71;26.05;24.27;25.49;431801
2024-07-03;24.41;26.18;23.49;25.76;423904
2024-07-02;24.43;25.18;23.11;23.68;420170
2024-07-01;23.71;24.91;22.99;24.55;605756
2024-06-28;22.31;23.96;22.31;23.51;5230898
2024-06-27;23.3;24.01;22.4;22.71;803625
2024-06-26;23.8;24.05;22.19;23.39;398852
2024-06-25;24.11;24.77;22.63;23.51;635194
2024-06-24;24.0;24.4;23.0;24.23;637693
2024-06-21;25.88;26.54;23.78;24.1;1444729
2024-06-20;25.65;26.55;24.41;25.63;1001144
2024-06-18;25.38;26.87;24.47;25.66;1011390
2024-06-17;31.62;32.01;24.0;25.99;2358027
2024-06-14;31.78;32.6;30.74;31.51;592269
2024-06-13;36.07;36.77;30.99;32.36;600595
2024-06-12;38.51;38.9;36.81;37.0;278527
2024-06-11;36.04;38.22;35.13;37.98;299546
2024-06-10;34.18;36.97;33.58;36.49;258410
2024-06-07;34.09;35.79;33.09;33.67;165562
2024-06-06;36.21;37.16;33.37;35.0;185093
2024-06-05;34.12;35.34;33.85;35.13;214377
2024-06-04;36.58;37.3;33.05;34.1;375167
2024-06-03;35.0;37.5;34.09;36.79;216679
2024-05-31;34.3;35.83;34.13;34.95;265492
2024-05-30;32.28;34.34;32.07;34.05;135246
2024-05-29;32.62;33.73;31.83;32.06;160262
2024-05-28;33.53;33.87;31.75;33.25;169442
2024-05-24;32.68;34.0;32.1;32.98;224335
2024-05-23;35.75;36.79;32.24;32.68;279889
2024-05-22;35.97;37.75;35.34;35.55;180330
2024-05-21;36.3;37.35;35.99;36.09;151426
2024-05-20;37.52;37.9;36.14;36.87;157979
2024-05-17;37.97;38.18;36.94;37.8;223407
2024-05-16;36.97;38.7;36.83;37.8;182492
2024-05-15;40.0;40.49;36.62;37.38;215296
2024-05-14;37.72;39.6;37.14;39.29;264665
2024-05-13;37.5;38.42;36.04;37.0;197677
2024-05-10;38.64;38.64;35.12;36.93;300848
2024-05-09;32.77;36.0;32.45;35.19;107786
2024-05-08;34.08;34.34;31.79;33.02;142256
2024-05-07;35.73;35.91;33.4;34.24;114458
2024-05-06;35.97;37.0;34.98;35.77;126508
2024-05-03;37.0;39.04;35.17;35.78;127855
2024-05-02;34.57;36.98;33.8;36.27;274351
2024-05-01;33.01;34.39;31.38;33.87;548696
2024-04-30;34.93;36.65;32.7;33.03;339245
2024-04-29;34.03;35.85;33.41;34.89;247560
2024-04-26;32.63;34.31;32.49;33.56;143006
2024-04-25;32.44;33.23;31.27;32.47;148038
2024-04-24;34.17;34.5;32.2;32.99;119470
2024-04-23;33.19;35.88;32.42;34.25;131850
2024-04-22;33.0;34.39;32.0;33.3;170904
2024-04-19;34.88;35.4;31.97;32.41;291967
2024-04-18;34.22;36.67;33.58;35.58;287807
2024-04-17;36.37;36.37;32.0;34.31;408108
2024-04-16;37.0;38.03;35.86;36.27;131420
2024-04-15;36.7;38.54;36.31;37.2;174184
2024-04-12;39.03;40.84;37.42;37.49;244883
2024-04-11;39.01;39.01;36.83;38.59;188711
2024-04-10;38.15;39.75;35.63;38.69;159952
2024-04-09;37.44;39.53;36.52;38.05;210565
2024-04-08;36.77;38.07;35.91;37.13;205047
2024-04-05;35.6;37.62;34.67;36.18;105796
2024-04-04;34.95;36.67;34.73;35.38;528335
2024-04-03;34.07;35.56;33.57;34.66;345830
2024-04-02;36.57;38.99;34.12;34.31;231774
2024-04-01;37.82;39.69;36.42;37.0;116642
2024-03-28;37.0;38.69;36.39;37.93;820917
2024-03-27;37.35;38.1;36.37;36.37;456734
2024-03-26;39.31;40.79;37.57;37.61;233063
2024-03-25;41.2;43.0;37.98;38.48;362861
2024-03-22;41.37;42.43;39.62;41.2;222060
2024-03-21;40.12;42.78;38.52;39.86;299388
2024-03-20;38.39;40.33;37.41;39.76;226952
2024-03-19;39.9;41.02;37.6;38.39;861751
2024-03-18;46.64;49.0;39.59;40.07;347247
2024-03-15;41.9;47.61;41.0;45.88;1920300
2024-03-14;44.51;44.74;41.04;41.92;261033
2024-03-13;42.55;45.82;42.55;44.51;220357
2024-03-12;40.87;42.45;39.39;42.32;120694
2024-03-11;37.06;41.69;35.93;40.89;389041
2024-03-08;39.74;41.01;37.38;37.93;258811
2024-03-07;40.37;41.09;38.05;38.85;386116
2024-03-06;37.75;40.81;36.15;40.26;644150
2024-03-05;34.36;39.77;33.22;38.64;1439491
2024-03-04;30.75;35.35;30.75;34.97;1130216
2024-03-01;28.32;32.99;28.32;29.9;787507
2024-02-29;26.45;28.8;24.84;27.44;918606
2024-02-28;24.75;26.7;24.35;26.7;311265
2024-02-27;24.25;24.91;23.62;24.91;668963
2024-02-26;23.58;24.77;23.05;24.0;855776
2024-02-23;20.96;23.74;20.13;23.58;614650
2024-02-22;20.56;21.19;20.07;20.41;145508
2024-02-21;21.91;21.91;20.12;20.48;166623
2024-02-20;23.37;23.37;21.39;21.95;215999
2024-02-16;23.02;23.75;22.43;23.22;865868
2024-02-15;22.64;22.96;22.15;22.56;167569
2024-02-14;22.5;23.34;22.39;22.54;224242
2024-02-13;22.34;23.21;21.73;22.46;337928
2024-02-12;23.75;24.0;22.06;22.54;460490
2024-02-09;24.02;24.58;23.56;23.95;660137
2024-02-08;24.1;24.58;23.64;23.69;146378
2024-02-07;25.53;26.04;23.77;24.0;194680
2024-02-06;25.31;26.08;25.25;25.53;135512
2024-02-05;25.64;25.64;24.48;25.31;460408
2024-02-02;25.63;26.1;24.56;25.74;271431
2024-02-01;25.93;26.46;25.18;25.86;130412
2024-01-31;27.85;28.28;25.84;25.91;514401
2024-01-30;26.71;28.09;26.6;27.6;378359
2024-01-29;27.5;28.59;26.82;27.68;83306
2024-01-26;27.41;28.0;26.74;27.5;129659
2024-01-25;26.92;27.92;26.38;27.0;297678
2024-01-24;27.6;28.5;26.72;26.9;139404
2024-01-23;27.13;28.66;26.63;27.38;116690
2024-01-22;24.31;27.25;24.22;27.13;506012
2024-01-19;21.78;24.81;21.55;24.12;362716
2024-01-18;21.54;21.96;21.08;21.78;78628
2024-01-17;21.6;22.44;20.5;21.56;186908
2024-01-16;21.45;22.42;21.06;22.33;202590
2024-01-12;20.98;23.37;20.87;21.4;538947
2024-01-11;21.8;22.03;20.32;20.99;277251
2024-01-10;23.5;24.75;21.94;22.13;144514
2024-01-09;24.62;25.0;22.34;23.36;609199
2024-01-08;22.61;25.81;21.4;24.9;612159
2024-01-05;22.17;22.87;21.02;22.24;86607
2024-01-04;21.07;23.0;20.11;22.54;105929
2024-01-03;21.55;22.09;18.54;21.0;75009
2024-01-02;21.99;22.11;19.59;21.4;62174
2023-12-29;20.5;22.0;19.83;21.52;88622
2023-12-28;20.24;20.72;20.24;20.5;61204
2023-12-27;19.37;20.32;18.61;20.2;69167
2023-12-26;18.11;19.6;17.83;19.3;64364
2023-12-22;16.51;18.4;16.51;18.17;58396
2023-12-21;15.68;17.45;15.6;16.93;111072
2023-12-20;17.09;17.81;15.41;15.55;102182
2023-12-19;15.82;16.61;15.37;16.4;85808
2023-12-18;16.83;16.83;15.63;15.81;58572
2023-12-15;14.95;15.65;14.62;15.5;101426
2023-12-14;16.0;17.22;14.22;14.84;334132
2023-12-13;16.39;18.1;16.03;16.52;52903
2023-12-12;17.85;18.89;15.94;16.5;251231
2023-12-11;20.59;21.29;18.03;18.05;264364
2023-12-08;20.39;21.83;19.61;19.61;351901
2023-12-07;20.14;21.19;17.04;19.86;456058
2023-12-06;19.43;22.66;19.43;20.25;20626
2023-12-05;19.1;21.61;17.2;20.5;12732
2023-12-04;19.5;19.5;17.2;19.29;16646
2023-12-01;18.65;21.4;16.24;19.58;72428
2023-11-30;15.31;19.6;14.38;18.66;99149
2023-11-29;15.0;16.88;15.0;15.72;86722
2023-11-28;10.81;16.3;10.42;14.5;103842
2023-11-27;10.87;12.34;10.69;11.88;31897
2023-11-24;10.95;11.49;10.92;11.04;2647
2023-11-22;10.25;10.8;9.5;10.39;47740
2023-11-21;10.57;11.78;8.75;9.97;224512
2023-11-20;10.0;11.31;9.89;10.5;71260
2023-11-17;10.21;10.69;9.5;10.25;70322
2023-11-16;10.77;11.14;9.99;9.99;37189
2023-11-15;10.16;11.92;10.16;10.81;44198
2023-11-14;10.23;10.75;9.76;10.75;35659
2023-11-13;9.41;10.51;8.87;10.18;35126
2023-11-10;9.23;9.49;8.43;9.49;29184
2023-11-09;9.76;9.83;9.03;9.47;12592
2023-11-08;9.68;10.0;9.31;9.7;16589
2023-11-07;10.58;10.58;9.95;10.06;3063
2023-11-06;11.4;11.66;10.38;10.49;19587
2023-11-03;11.51;11.71;10.94;11.31;3948
2023-11-02;10.91;11.9;10.9;11.51;8598
2023-11-01;11.61;12.44;11.4;11.43;29314
2023-10-31;11.51;12.35;11.51;11.64;28296
2023-10-30;10.76;12.54;10.16;11.68;42634
2023-10-27;11.28;11.28;10.57;10.66;5999
2023-10-26;10.89;11.6;10.71;11.3;28258
2023-10-25;11.39;11.61;10.3;11.1;18532
2023-10-24;12.51;13.02;11.41;11.6;45577
2023-10-23;12.53;13.39;12.16;12.41;22287
2023-10-20;12.04;13.42;12.0;13.25;23594
2023-10-19;13.2;13.42;11.78;12.05;28100
2023-10-18;13.64;14.0;13.27;13.3;13668
2023-10-17;13.45;15.39;12.2;13.65;135422
2023-10-16;12.32;13.86;12.32;12.8;28513
2023-10-13;11.67;13.0;10.85;12.98;21979
2023-10-12;11.99;11.99;11.41;11.86;15800
2023-10-11;12.66;12.82;11.83;12.52;3695
2023-10-10;12.01;13.0;11.72;12.0;15554
2023-10-09;11.61;12.48;11.0;12.23;94734
2023-10-06;10.83;11.75;9.75;11.75;17717
2023-10-05;9.82;11.2;9.75;10.87;9267
2023-10-04;11.18;11.48;9.23;9.92;47548
2023-10-03;11.86;11.95;10.57;11.3;5594
2023-10-02;12.04;12.25;11.28;11.7;13977
2023-09-29;11.33;12.42;11.07;12.25;6942
2023-09-28;11.59;11.62;11.0;11.46;9721
2023-09-27;12.0;12.02;11.06;11.68;12133
2023-09-26;11.34;12.31;11.01;11.64;8629
2023-09-25;11.78;12.2;10.65;11.63;23256
2023-09-22;11.57;12.72;11.57;11.86;19448
2023-09-21;10.86;12.19;10.22;12.19;30797
2023-09-20;12.14;12.52;10.86;10.86;19912
2023-09-19;12.51;12.85;12.0;12.01;13197
2023-09-18;13.6;14.56;12.41;12.41;33500
2023-09-15;14.01;15.01;12.71;13.9;55777
2023-09-14;14.12;15.63;13.19;13.95;35990
2023-09-13;13.72;15.61;12.98;14.94;21620
2023-09-12;13.96;14.36;13.42;13.85;11266
2023-09-11;12.71;14.52;12.71;14.05;46451
2023-09-08;13.0;16.58;13.0;13.03;205423
2023-09-07;14.75;15.3;10.3;14.3725;58420
2023-09-06;15.0;15.5;14.5225;14.5225;24878
2023-09-05;14.2825;15.5;14.275;14.78;73027
2023-09-01;14.25;14.875;13.75;14.4825;5007
2023-08-31;13.375;14.675;13.375;13.8675;5588
2023-08-30;13.375;14.5;13.375;14.0;29928
2023-08-29;13.25;13.7525;13.25;13.4625;6913
2023-08-28;14.0;14.4375;12.75;13.2825;6484
2023-08-25;14.025;14.025;12.525;12.75;3709
2023-08-24;14.0025;14.4975;12.25;13.075;4206
2023-08-23;12.25;14.25;12.25;14.0;23751
2023-08-22;12.125;13.0;11.625;12.36;8238
2023-08-21;12.25;12.975;11.4;12.75;6198
2023-08-18;11.25;12.8075;11.25;11.925;10844
2023-08-17;11.3;12.0;11.125;11.75;2861
2023-08-16;11.45;11.675;11.0;11.585;3438
2023-08-15;10.915;12.85;10.915;11.55;14491
2023-08-14;12.2375;12.4875;11.325;11.65;11633
2023-08-11;12.6725;13.1175;11.9375;12.005;11498
2023-08-10;13.02;13.12;11.9425;12.64;7683
2023-08-09;12.225;12.825;11.375;11.65;35093
2023-08-08;11.59;12.0;10.25;11.75;68877
2023-08-07;12.0;12.8675;11.2525;11.845;12803
2023-08-04;13.0275;13.75;11.6275;12.005;21107
2023-08-03;13.8075;13.9975;12.875;13.0275;19437
2023-08-02;13.0;14.25;13.0;14.1225;22562
2023-08-01;14.1275;14.5;12.75;13.6525;16069
2023-07-31;15.0475;15.25;13.855;14.2025;16979
2023-07-28;13.5625;15.1175;13.545;14.3875;22978
2023-07-27;14.275;15.9425;13.25;13.6825;34729
2023-07-26;15.405;15.405;13.7;14.165;36514
2023-07-25;14.25;15.7975;14.25;14.65;51117
2023-07-24;14.5;15.5;14.5;14.525;20721
2023-07-21;14.95;15.6175;13.82;14.5875;25114
2023-07-20;16.0;16.25;14.505;14.975;57276
2023-07-19;16.295;17.25;15.025;15.575;141868
2023-07-18;14.5;18.0;13.3875;16.25;198333
2023-07-17;13.975;15.225;13.315;14.5;195260
2023-07-14;13.0;14.0;12.75;13.555;57139
2023-07-13;13.0;13.9975;12.75;13.9925;45156
2023-07-12;12.25;14.1;11.8575;13.0;182628
2023-07-11;11.25;12.675;11.25;12.0975;81293
2023-07-10;11.75;12.75;10.8775;12.5;69035
2023-07-07;12.705;13.21;11.705;11.9725;93719
2023-07-06;10.75;13.85;9.525;12.55;570620
2023-07-05;11.3775;13.475;10.3025;10.825;103499
2023-07-03;12.8975;12.8975;10.15;11.3775;159605
2023-06-30;9.375;14.25;8.7525;12.8975;397564
2023-06-29;9.725;10.375;9.2525;9.625;149661
2023-06-28;9.5;11.6225;8.73;9.5;218350
2023-06-27;9.0275;9.7475;8.5275;9.2075;314394
2023-06-26;9.9975;10.75;9.0;9.0275;458884
2023-06-23;11.245;13.425;8.75;10.0;1467078
2023-06-22;3.0;26.0;2.75;11.1325;10114164
2023-06-21;3.73;3.73;2.6575;3.0;146922
2023-06-20;3.75;3.875;3.3125;3.4375;25244
2023-06-16;3.71;4.15;3.3525;3.76;40873
2023-06-15;3.515;3.7275;3.4475;3.6175;21121
2023-06-14;3.45;3.675;3.4025;3.4875;17459
2023-06-13;3.405;3.7375;3.375;3.5;27378
2023-06-12;3.3525;4.105;3.25;3.5825;31531
2023-06-09;3.3;3.7175;3.235;3.4;50567
2023-06-08;3.3325;3.3725;3.0975;3.2875;20875
2023-06-07;3.2875;3.325;3.1125;3.25;8785
2023-06-06;3.1125;3.3725;3.0625;3.3725;11162
2023-06-05;3.15;3.4375;2.85;3.11;19380
2023-06-02;3.26;3.4375;3.125;3.4375;17436
2023-06-01;3.215;3.3575;3.1525;3.1525;8185
2023-05-31;3.325;3.675;3.14;3.45;18778
2023-05-30;3.3375;3.5875;3.1275;3.2275;16540
2023-05-26;3.5875;3.5875;3.375;3.5075;9736
2023-05-25;3.52;3.7475;3.4525;3.475;16971
2023-05-24;3.755;3.755;3.36;3.705;38741
2023-05-23;3.675;3.825;3.675;3.7975;20462
2023-05-22;3.76;3.85;3.625;3.7725;10964
2023-05-19;3.65;3.875;3.65;3.65;9903
2023-05-18;3.65;3.8975;3.65;3.7025;7968
2023-05-17;3.725;3.95;3.6225;3.65;10090
2023-05-16;3.6;3.7475;3.565;3.7425;5599
2023-05-15;3.825;3.875;3.5525;3.8;31179
2023-05-12;4.0625;4.0625;3.7775;3.825;17188
2023-05-11;3.9225;4.1725;3.9075;3.955;14293
2023-05-10;3.825;4.35;3.825;4.1;21457
2023-05-09;4.035;4.12;3.93;4.0725;26967
2023-05-08;4.0075;4.1975;3.85;4.045;24118
2023-05-05;4.0;4.2;3.9075;4.115;20828
2023-05-04;4.075;4.125;3.9;4.025;10151
2023-05-03;4.19;4.325;3.875;4.075;20159
2023-05-02;4.225;4.425;4.0875;4.1325;13439
2023-05-01;4.25;4.35;4.025;4.185;16194
2023-04-28;4.1975;4.7375;4.025;4.325;25502
2023-04-27;3.7775;4.225;3.7625;4.025;47642
2023-04-26;4.0;4.125;3.8;4.1;28334
2023-04-25;4.075;4.1825;3.75;4.0;45683
2023-04-24;4.255;4.5275;4.04;4.1775;35173
2023-04-21;3.8725;4.375;3.525;4.325;103481
2023-04-20;3.85;4.1;3.8425;4.0375;85166
2023-04-19;3.825;4.35;3.75;4.0;281486
2023-04-18;3.75;4.245;3.65;4.0125;124685
2023-04-17;3.7625;4.225;3.525;3.9375;83016
2023-04-14;4.375;4.75;3.625;3.7425;110975
2023-04-13;4.85;5.085;4.25;4.475;53270
2023-04-12;7.4975;7.4975;4.025;4.975;282775
2023-04-11;6.4;6.7575;6.4;6.7575;4034
2023-04-10;6.505;6.9425;6.4;6.9425;6852
2023-04-06;6.585;6.66;6.4625;6.505;7526
2023-04-05;6.7525;7.0725;6.585;6.9125;9356
2023-04-04;7.025;7.125;6.7525;6.9175;12721
2023-04-03;7.0;7.415;6.75;7.0;12372
2023-03-31;7.285;7.6;7.125;7.25;11845
2023-03-30;7.5;7.75;7.25;7.75;8319
2023-03-29;7.3225;7.8625;7.25;7.8625;4946
2023-03-28;7.7925;7.9475;7.3225;7.625;8560
2023-03-27;8.0;8.25;7.5;8.0;7970
2023-03-24;8.445;8.445;7.74;8.25;3314
2023-03-23;8.705;8.875;8.0425;8.445;1996
2023-03-22;8.175;8.6825;8.15;8.3725;2279
2023-03-21;7.75;8.5;7.5;8.1375;7685
2023-03-20;8.25;8.25;7.5;7.75;5630
2023-03-17;8.5;8.75;7.79;8.25;6031
2023-03-16;7.75;8.9575;7.75;8.05;7092
2023-03-15;8.5;9.25;7.5;8.0;23967
2023-03-14;9.375;9.8;8.75;9.25;6904
2023-03-13;9.5;10.0;8.75;9.25;14100
2023-03-10;10.25;10.4275;9.275;9.975;8015
2023-03-09;10.75;11.2;10.025;10.75;9795
2023-03-08;9.7375;10.5725;9.5;10.5;5540
2023-03-07;10.25;10.25;9.2775;9.2775;4484
2023-03-06;10.0;10.25;9.555;9.995;7716
2023-03-03;10.0;10.6;9.25;10.2475;6556
2023-03-02;9.75;11.5;9.585;10.49;8592
2023-03-01;10.3;11.95;9.7875;10.37;6030
2023-02-28;9.5;11.0;9.5;10.5;14464
2023-02-27;10.0;10.5;9.5;10.5;8024
2023-02-24;11.5;11.5;8.3325;9.795;20774
2023-02-23;11.0325;12.06;10.5025;10.9975;6956
2023-02-22;11.5;11.9425;11.25;11.8375;2725
2023-02-21;12.23;12.48;11.2775;11.625;13026
2023-02-17;11.5025;12.475;11.25;12.45;5489
2023-02-16;12.375;12.625;11.5;11.5;4815
2023-02-15;12.475;12.5;11.51;12.0;8511
2023-02-14;12.25;12.995;11.79;12.175;12902
2023-02-13;13.75;13.75;12.7525;13.0;5039
2023-02-10;12.6525;13.5;11.75;13.3975;11872
2023-02-09;13.6275;14.0;12.6275;13.0025;18246
2023-02-08;13.75;18.0;12.5;13.745;76302
2023-02-07;12.5;13.515;12.25;12.2725;5795
2023-02-06;12.5;13.25;12.375;13.25;8527
2023-02-03;12.25;13.0;12.025;12.625;9099
2023-02-02;12.5;13.0;12.0;12.5;8644
2023-02-01;12.75;12.75;11.425;12.6175;9934
2023-01-31;12.01;12.6125;11.925;12.0;8008
2023-01-30;12.25;12.5;12.0;12.05;5801
2023-01-27;11.75;13.0;11.75;12.6925;11358
2023-01-26;11.5;13.125;11.5;12.5;3207
2023-01-25;12.25;12.68;11.7475;12.0;6647
2023-01-24;13.5;14.0;12.325;12.7075;7247
2023-01-23;12.75;13.0;12.25;12.9375;12851
2023-01-20;12.5;14.5;12.1025;12.875;16402
2023-01-19;12.7775;14.25;12.75;13.0;10657
2023-01-18;14.75;15.365;13.5275;13.99;24047
2023-01-17;13.25;15.5025;12.75;15.0;28999
2023-01-13;13.0175;13.25;12.75;13.25;7801
2023-01-12;12.6725;13.1275;12.25;12.495;6646
2023-01-11;13.5;13.5;12.56;12.75;12471
2023-01-10;13.0;13.0025;12.375;12.75;14791
2023-01-09;12.45;13.5;11.75;12.6;22494
2023-01-06;12.25;13.4975;11.4425;11.4425;33474
2023-01-05;11.175;13.255;10.1875;13.2475;39315
2023-01-04;11.0;11.25;10.0;10.75;27954
2023-01-03;10.2725;11.0;9.5;10.625;14679
2022-12-30;8.75;11.2475;8.75;10.5025;24772
2022-12-29;9.0;9.7;8.6775;8.9975;8362
2022-12-28;9.25;10.74;8.625;9.45;21163
2022-12-27;8.5;9.71;8.4975;9.3725;19955
2022-12-23;8.95;9.25;8.5;8.975;8699
2022-12-22;9.5;9.5;8.5;8.7775;7663
2022-12-21;8.5;9.2225;8.475;9.045;15121
2022-12-20;8.75;10.0;8.525;9.5;18917
2022-12-19;9.375;9.71;9.0;9.005;13053
2022-12-16;10.0;10.0;9.25;9.35;29256
2022-12-15;9.95;10.0;9.375;9.6875;12851
2022-12-14;9.75;10.0;9.2475;9.3325;11180
2022-12-13;9.25;10.25;9.25;10.0;14032
2022-12-12;9.0;10.0;8.7625;10.0;40371
2022-12-09;9.7725;10.5;8.9;9.4975;45406
2022-12-08;10.5;11.0;9.32;9.6;55870
2022-12-07;11.15;11.25;10.25;10.4275;42058
2022-12-06;11.765;12.375;10.48;11.25;46348
2022-12-05;13.0;13.0;11.5;11.9975;73003
2022-12-02;11.0;13.5;10.2975;12.475;250863
2022-12-01;10.75;11.5;10.1375;10.58;155082
2022-11-30;29.5;29.5;9.7775;11.125;760529
2022-11-29;30.75;31.75;30.39;30.5;5812
2022-11-28;33.5;34.75;29.0375;30.0;10600
2022-11-25;29.0;32.75;29.0;31.0;8335
2022-11-23;30.75;31.25;29.75;31.25;9079
2022-11-22;31.5;31.5;30.25;30.75;6435
2022-11-21;29.75;33.125;28.75;33.0;23253
2022-11-18;30.75;31.25;27.5025;28.75;5151
2022-11-17;32.0;33.5;29.25;30.75;7987
2022-11-16;31.5;34.25;30.475;32.0;10537
2022-11-15;34.25;36.0;31.4325;32.25;12032
2022-11-14;33.0;35.5;32.75;34.25;13941
2022-11-11;37.5;38.25;34.25;35.0;16488
2022-11-10;33.5;39.0;31.5;35.5;80108
2022-11-09;31.5;33.0;30.0;33.0;59590
2022-11-08;30.25;32.25;28.0;30.25;20868
2022-11-07;26.5;32.25;26.5;31.5;50696
2022-11-04;27.5;29.75;26.25;28.75;24773
2022-11-03;31.5;31.5;25.5025;27.765;32626
2022-11-02;27.75;30.5;24.0025;30.2175;99419
2022-11-01;24.75;36.75;24.01;26.25;624960
2022-10-31;22.25;28.75;19.3;26.0;128905
2022-10-28;14.5;28.25;14.5;22.08;1702017
2022-10-27;12.0;15.0625;12.0;13.7775;40871
2022-10-26;12.5;13.075;12.0;12.5;7347
2022-10-25;12.0;14.0;12.0;13.0;1311
2022-10-24;12.75;13.25;12.0;12.615;4893
2022-10-21;12.0;13.745;11.5;12.09;5897
2022-10-20;11.25;12.585;11.25;12.0025;3924
2022-10-19;11.75;12.505;11.5;12.2525;2797
2022-10-18;11.25;13.5;11.25;12.0025;2693
2022-10-17;13.0;13.0;11.5;11.995;4486
2022-10-14;11.25;14.0;11.25;12.125;1565
2022-10-13;13.7475;13.7475;11.505;12.25;28483
2022-10-12;12.25;13.0;11.8175;12.4;5925
2022-10-11;13.5;13.5;12.0;12.5;11714
2022-10-10;13.75;14.75;11.5025;12.005;13417
2022-10-07;13.75;14.75;12.525;12.575;5345
2022-10-06;13.25;13.8;12.5;13.25;5784
2022-10-05;13.25;13.725;13.0;13.25;4757
2022-10-04;14.25;14.25;12.75;13.7675;21086
2022-10-03;13.75;13.75;12.11;13.5;8213
2022-09-30;12.0;13.375;12.0;12.75;11296
2022-09-29;12.5;13.0;10.9975;11.875;6812
2022-09-28;12.25;12.75;10.25;12.4;4641
2022-09-27;10.7525;12.105;10.7525;11.5075;10382
2022-09-26;10.5;11.75;10.5;11.75;13377
2022-09-23;11.0;12.0;10.75;11.5;5262
2022-09-22;11.75;12.975;11.25;11.5;11753
2022-09-21;12.325;12.8825;11.2525;11.75;4739
2022-09-20;12.75;13.0;11.575;12.25;4964
2022-09-19;12.75;13.125;12.0;12.0125;10679
2022-09-16;13.75;13.75;12.0;12.85;13882
2022-09-15;11.5;13.5;11.5;12.505;21237
2022-09-14;12.75;12.75;11.0;12.0125;10464
2022-09-13;13.0;13.0;12.0;12.475;5709
2022-09-12;11.75;13.0;11.75;12.5;14869
2022-09-09;13.25;13.25;12.025;12.2525;15010
2022-09-08;13.0;13.0;12.0;12.75;9395
2022-09-07;12.5;13.2475;11.4975;12.8225;19322
2022-09-06;13.5;13.5;12.25;12.5;14145
2022-09-02;13.695;13.695;12.75;13.11;17063
2022-09-01;13.5;15.2475;12.5175;13.7375;43910
2022-08-31;14.7;15.5125;12.775;13.25;28847
2022-08-30;14.5;15.75;13.0225;13.0825;22934
2022-08-29;12.75;15.25;12.75;14.9975;46526
2022-08-26;13.7525;14.5;12.25;12.9975;40248
2022-08-25;14.0;17.75;13.0;13.045;103340
2022-08-24;16.5;17.75;13.06;13.745;85185
2022-08-23;18.0;18.75;16.0;16.6275;106535
2022-08-22;23.5;23.5;16.8125;18.7475;193916
2022-08-19;27.5;27.5;16.0;20.515;3026054
2022-08-18;13.0;30.0;12.3575;24.2525;504738
2022-08-17;12.545;13.75;12.185;13.25;12306
2022-08-16;13.25;14.35;12.5;13.2375;13038
2022-08-15;12.5;13.145;11.775;13.0;22237
2022-08-12;12.0;13.0;11.25;12.05;16629
2022-08-11;12.0;12.95;10.75;12.75;37758
2022-08-10;10.75;14.75;10.25;11.5;124799
2022-08-09;10.675;11.25;10.025;10.0525;11068
2022-08-08;11.0375;11.5;10.5;10.5;7910
2022-08-05;10.625;11.0375;10.3925;11.0375;10885
2022-08-04;10.5;11.25;9.875;11.25;10614
2022-08-03;10.675;10.75;9.725;10.245;14757
2022-08-02;9.8925;10.04;9.3;10.0;5151
2022-08-01;10.25;10.25;9.75;9.8925;7777
2022-07-29;10.395;10.7375;10.0;10.375;6399
2022-07-28;10.91;11.0;10.14;10.395;8801
2022-07-27;11.0;11.0;10.09;10.225;9954
2022-07-26;10.965;11.25;10.0;11.0;14209
2022-07-25;11.27;11.27;10.235;10.7475;3558
2022-07-22;11.8;12.0825;10.54;11.2725;11638
2022-07-21;11.85;12.375;11.5075;12.0;3034
2022-07-20;11.905;12.3725;11.5;11.5;7530
2022-07-19;11.6175;12.16;11.6075;11.9075;6329
2022-07-18;11.7325;11.9975;11.41;11.525;2948
2022-07-15;11.75;12.75;11.5;12.75;9712
2022-07-14;12.555;12.555;11.315;12.0;9605
2022-07-13;12.0;12.69;12.0;12.5;8052
2022-07-12;12.7;13.25;12.075;13.045;6668
2022-07-11;13.075;13.075;12.325;12.75;12694
2022-07-08;12.675;13.375;12.675;13.375;10548
2022-07-07;12.75;13.0625;12.3025;12.92;14562
2022-07-06;12.625;13.25;12.25;12.4525;12123
2022-07-05;13.0;13.725;12.3325;13.175;7375
2022-07-01;12.5;13.315;12.455;12.755;9625
2022-06-30;12.975;13.5;12.5925;12.6275;13352
2022-06-29;14.0;14.0;12.75;13.5;24313
2022-06-28;15.4875;15.4875;13.5;13.6375;14694
2022-06-27;14.555;15.0;14.03;14.75;24941
2022-06-24;16.0;16.275;14.5525;14.625;174977
2022-06-23;16.005;16.4875;15.425;16.25;11577
2022-06-22;16.0;16.5;15.25;15.3425;8836
2022-06-21;16.5;16.5;15.345;15.5;13876
2022-06-17;16.675;17.5475;15.5575;16.25;16819
2022-06-16;16.5;17.325;16.375;16.375;8513
2022-06-15;17.5;18.105;16.4125;17.4975;10612
2022-06-14;18.75;18.75;17.2825;17.4325;12113
2022-06-13;17.5;18.5;16.75;18.47;37202
2022-06-10;18.1575;18.1575;16.795;17.76;8092
2022-06-09;17.425;18.475;16.9025;18.1575;17133
2022-06-08;17.9875;19.75;16.25;18.15;53852
2022-06-07;14.995;19.425;14.625;17.9875;165293
2022-06-06;15.5;16.45;14.625;14.995;51069
2022-06-03;18.6475;19.0;15.0;15.975;174139
2022-06-02;23.0;26.625;17.695;18.625;232122
2022-06-01;39.0;41.0;37.25;37.5;4634
2022-05-31;38.75;40.75;38.25;39.5;8235
2022-05-27;38.0;39.65;36.75;39.25;3175
2022-05-26;37.5;39.5;35.75;38.75;4732
2022-05-25;34.5;37.75;33.25;37.5;7072
2022-05-24;34.75;36.5;34.0;35.25;8873
2022-05-23;37.0;37.875;36.0;37.5;6929
2022-05-20;39.5;39.5;36.25;37.5;5007
2022-05-19;37.0;39.75;35.625;37.6375;6639
2022-05-18;37.5;37.75;35.75;37.5;8365
2022-05-17;36.75;39.5;36.5;38.5;4233
2022-05-16;33.75;37.25;33.75;35.75;9786
2022-05-13;34.5;36.7475;32.75;34.5;7131
2022-05-12;33.75;35.25;32.5;32.75;5208
2022-05-11;35.25;36.75;32.25;33.75;7196
2022-05-10;34.75;38.75;34.5;36.75;10532
2022-05-09;34.25;35.25;33.125;34.25;11339
2022-05-06;40.75;40.75;34.25;36.25;7618
2022-05-05;35.5;42.2475;23.7125;39.5;28345
2022-05-04;40.0;40.0;36.25;39.0;6027
2022-05-03;38.0;40.5;37.75;39.5;5422
2022-05-02;35.75;38.0;35.75;36.5;8697
2022-04-29;38.75;40.0;35.875;38.0;6890
2022-04-28;41.0;41.0;36.825;39.0;8878
2022-04-27;40.0;40.625;38.375;39.25;8540
2022-04-26;41.7525;44.7475;39.5;42.2475;12541
2022-04-25;42.75;45.0;42.75;43.25;4831
2022-04-22;45.25;45.25;42.0;43.25;9059
2022-04-21;48.0;48.0;44.0;44.0;11574
2022-04-20;47.0;49.25;45.25;45.25;12566
2022-04-19;46.75;50.45;43.75;47.25;13924
2022-04-18;44.75;48.75;44.75;46.5;28913
2022-04-14;50.0;51.0;45.0;45.25;14110
2022-04-13;54.0;54.75;46.125;52.4975;59199
2022-04-12;74.75;86.75;52.125;54.75;450586
2022-04-11;64.0;92.25;59.25;77.75;56322
2022-04-08;66.5;66.8;63.25;65.0;9802
2022-04-07;67.5;71.25;63.75;68.25;7146
2022-04-06;62.0;73.75;60.25;73.75;10321
2022-04-05;64.0;65.75;62.125;63.25;9207
2022-04-04;65.5;66.0;62.0;64.25;8445
2022-04-01;55.5025;66.0;55.5;65.25;11886
2022-03-31;57.25;58.75;55.25;57.5;5921
2022-03-30;59.5;60.5;56.25;57.25;7556
2022-03-29;59.75;62.0;58.25;59.25;6827
2022-03-28;60.0;60.5;56.5;58.0;4785
2022-03-25;63.0;64.0;58.25;59.0;5281
2022-03-24;62.5;64.25;61.0;62.75;5325
2022-03-23;65.5;66.5;62.0;63.0;3870
2022-03-22;62.5;68.5;61.5475;65.75;6580
2022-03-21;60.75;68.0;60.75;63.5;6919
2022-03-18;66.5025;72.7475;64.5;68.0;13528
2022-03-17;57.75;71.25;56.0;69.75;16928
2022-03-16;48.5;66.25;47.75;63.0;39343
2022-03-15;47.25;48.25;45.0;47.25;12648
2022-03-14;49.75;50.75;46.5;47.25;16720
2022-03-11;53.5;55.0;49.5;49.75;19392
2022-03-10;58.75;59.0;50.0;53.0;34977
2022-03-09;60.5;62.0;55.0;58.5;10525
2022-03-08;52.5;62.5;52.5;60.5;17536
2022-03-07;56.5;60.0;55.0;58.25;9819
2022-03-04;57.5;59.25;56.0;56.25;6729
2022-03-03;64.75;64.75;57.0;58.25;11511
2022-03-02;64.25;65.5;62.25;64.75;4205
2022-03-01;70.25;71.5;63.25;64.5;7212
2022-02-28;70.5;73.75;69.0;69.25;4427
2022-02-25;72.25;74.75;70.0;71.75;3459
2022-02-24;66.5;72.25;66.5;71.75;4750
2022-02-23;73.5;73.75;68.5;68.5;3980
2022-02-22;75.0;75.25;72.0;73.0;7850
2022-02-18;78.25;79.75;75.75;76.0;3486
2022-02-17;84.5;84.5;79.0;79.25;3216
2022-02-16;84.5;86.0;82.25;85.0;5834
2022-02-15;85.0;86.0;82.25;83.5;4794
2022-02-14;86.0;88.5;84.0;84.25;8576
2022-02-11;90.5;92.75;85.75;85.75;7232
2022-02-10;80.25;95.25;80.25;91.25;27533
2022-02-09;99.25;100.75;80.25;85.0;7715
2022-02-08;111.0;111.0;98.5;99.5;15824
2022-02-07;106.25;112.5;106.25;109.75;3230
2022-02-04;104.5;110.25;101.75;106.75;3962
2022-02-03;105.75;108.0;102.75;104.75;2744
2022-02-02;110.25;113.5;101.75;106.75;5623
2022-02-01;109.0;113.0;107.5;111.5;3369
2022-01-31;101.25;107.75;100.75;107.5;4473
2022-01-28;99.5;101.5;94.5;101.0;4494
2022-01-27;105.75;105.75;98.0;99.75;3777
2022-01-26;111.0;111.0;105.0;105.0;3526
2022-01-25;111.75;112.75;107.0;109.0;2254
2022-01-24;105.75;112.0;103.0;111.75;6655
2022-01-21;106.5;110.0;104.5;108.0;8472
2022-01-20;114.5;118.0;106.75;108.0;10514
2022-01-19;115.75;119.75;113.25;114.75;8325
2022-01-18;111.75;115.25;110.5;115.0;8398
2022-01-14;108.0;116.0;105.5;113.75;5499
2022-01-13;104.75;109.0;100.0;100.0;5718
2022-01-12;104.0;107.5;101.5;105.0;15584
2022-01-11;103.0;106.25;100.25;103.0;2256
2022-01-10;105.5;105.5;101.25;104.25;3858
2022-01-07;111.0;113.5;103.75;107.0;44290
2022-01-06;110.0;114.5;108.25;111.75;3558
2022-01-05;112.0;118.25;109.75;112.5;10711
2022-01-04;118.75;119.5;109.0;111.0;7127
2022-01-03;119.75;120.75;115.5;119.25;16361
2021-12-31;117.0;119.25;108.75;118.75;11519
2021-12-30;107.0;116.5;106.75;115.0;9718
2021-12-29;106.75;107.75;103.5;105.5;5299
2021-12-28;105.0;109.25;100.75;107.5;5119
2021-12-27;104.5;107.25;102.25;106.5;3385
2021-12-23;105.0;107.5;104.25;105.25;5028
2021-12-22;101.25;105.5;96.25;105.0;4508
2021-12-21;103.0;106.25;100.5;102.25;5634
2021-12-20;97.5;105.25;93.0;105.0;7678
2021-12-17;87.25;103.5;87.25;101.25;21766
2021-12-16;98.0;98.0;88.0;88.25;17884
2021-12-15;100.0;100.0;92.25;95.5;11922
2021-12-14;95.5;105.5;95.5;97.5;26099
2021-12-13;91.75;98.0;89.75;95.0;9333
2021-12-10;90.0;95.75;89.0;93.25;28331
2021-12-09;88.5;99.25;88.0;89.0;43317
2021-12-08;94.75;95.0;86.75;87.5;32364
2021-12-07;95.25;104.25;89.5;92.5;74820
2021-12-06;171.25;171.25;91.25;91.25;119283
2021-12-03;155.25;162.5;147.5;162.5;5237
2021-12-02;149.5;156.5;149.0;154.25;4688
2021-12-01;159.25;159.25;149.25;149.5;5362
2021-11-30;152.5;157.75;149.75;156.0;8589
2021-11-29;164.25;164.25;150.75;152.0;5649
2021-11-26;164.5;171.5;156.0;161.25;2693
2021-11-24;162.5;169.25;161.5;165.0;1690
2021-11-23;157.5;166.5;156.0;164.0;4267
2021-11-22;168.0;177.25;157.5;158.0;6819
2021-11-19;162.75;172.5;162.5;167.0;3374
2021-11-18;168.5;171.25;162.5;163.75;3775
2021-11-17;171.0;173.25;165.0;169.5;12523
2021-11-16;181.0;182.0;168.0;172.0;15996
2021-11-15;175.25;181.0;175.0;179.75;5456
2021-11-12;181.75;184.75;175.0;176.0;2432
2021-11-11;178.0;183.5;177.75;182.25;2172
2021-11-10;182.75;184.0;176.25;178.0;2851
2021-11-09;185.5;185.5;180.0;182.25;2851
2021-11-08;184.5;188.5;177.75;184.0;5665
2021-11-05;191.75;198.5;181.75;183.0;5950
2021-11-04;187.25;195.25;186.5;191.5;1858
2021-11-03;185.5;194.75;184.5;193.5;2658
2021-11-02;190.25;190.25;183.5;187.5;4497
2021-11-01;184.75;191.5;182.75;190.0;3240
2021-10-29;185.5;188.5;182.5;183.0;2295
2021-10-28;186.25;188.25;179.75;185.5;3110
2021-10-27;189.5;195.25;185.75;186.5;5795
2021-10-26;191.25;197.0;180.0;189.75;5738
2021-10-25;183.0;194.0;178.0;191.75;6441
2021-10-22;180.5;184.25;175.25;182.5;2554
2021-10-21;188.5;189.25;180.5;182.25;3327
2021-10-20;188.75;190.25;184.0;189.0;3909
2021-10-19;193.0;193.5;184.75;188.75;2456
2021-10-18;203.75;205.0;187.5;191.0;5514
2021-10-15;210.5;212.5;201.5;204.5;5940
2021-10-14;199.0;211.25;198.5;210.5;3607
2021-10-13;202.25;203.5;196.0;198.25;845
2021-10-12;199.75;202.5;196.0;201.0;2531
2021-10-11;193.75;203.5;193.0;199.25;2551
2021-10-08;194.0;195.75;193.75;194.5;1017
2021-10-07;206.0;206.0;193.5;195.25;3043
2021-10-06;197.5;212.5;196.75;206.5;5393
2021-10-05;202.75;206.5;198.0;199.25;1197
2021-10-04;205.0;207.0;201.25;203.25;1861
2021-10-01;198.5;208.0;198.5;205.0;3897
2021-09-30;195.75;204.25;192.75;198.75;4869
2021-09-29;194.0;198.25;191.75;194.0;2061
2021-09-28;195.75;198.5;192.75;194.0;1510
2021-09-27;193.25;198.0;190.5;195.5;2355
2021-09-24;192.75;201.25;191.25;191.75;2697
2021-09-23;190.75;194.5;188.0;194.25;1535
2021-09-22;192.75;194.75;190.0;190.75;1834
2021-09-21;188.25;196.25;187.75;192.5;6386
2021-09-20;183.75;193.75;183.75;190.25;9854
2021-09-17;178.25;187.75;172.75;186.75;14641
2021-09-16;175.5;178.0;171.0;177.25;1727
2021-09-15;174.0;176.0;170.25;174.75;2486
2021-09-14;174.25;175.75;171.75;174.75;2211
2021-09-13;172.0;175.5;168.5;173.75;2547
2021-09-10;178.0;178.75;167.5;170.25;18078
2021-09-09;184.5;185.75;177.0;177.5;2528
2021-09-08;189.0;192.0;181.25;184.0;3771
2021-09-07;185.5;193.75;184.75;190.75;11177
2021-09-03;184.5;187.5;182.25;185.0;1458
2021-09-02;180.0;186.5;176.75;186.25;1958
2021-09-01;180.25;181.75;175.0;181.25;3007
2021-08-31;178.0;183.75;168.5;177.5;3356
2021-08-30;184.0;186.5;178.0;178.25;2006
2021-08-27;176.5;187.0;176.5;184.0;2226
2021-08-26;181.5;185.0;167.5;176.25;2708
2021-08-25;177.75;185.0;175.5;181.5;2614
2021-08-24;177.75;181.0;175.0;179.0;1692
2021-08-23;175.0;180.5;174.5;178.5;3873
2021-08-20;173.75;176.0;167.5;175.25;3962
2021-08-19;174.75;180.0;172.5;180.0;9526
2021-08-18;162.25;171.75;162.25;171.25;2879
2021-08-17;160.0;165.5;159.75;163.0;2615
2021-08-16;150.75;162.75;149.25;161.0;3051
2021-08-13;155.75;155.75;145.5;150.75;5503
2021-08-12;161.25;162.25;150.75;155.5;5252
2021-08-11;159.75;163.25;156.75;162.25;3162
2021-08-10;163.75;164.0;156.0;159.5;11077
2021-08-09;165.25;165.75;157.0;162.25;4118
2021-08-06;170.25;171.0;162.5;164.0;3119
2021-08-05;166.25;170.75;163.5;170.25;3169
2021-08-04;154.75;167.0;152.0;165.0;5038
2021-08-03;155.25;157.25;152.0;156.75;1734
2021-08-02;154.0;155.0;152.5;153.75;1456
2021-07-30;157.25;158.75;151.0;153.25;2124
2021-07-29;166.5;166.5;156.5;157.0;2915
2021-07-28;166.0;171.5;164.0;166.5;2372
2021-07-27;161.5;169.5;159.5;165.75;3235
2021-07-26;165.0;167.0;161.25;162.25;1538
2021-07-23;166.25;169.25;160.0;164.0;2740
2021-07-22;171.5;171.5;163.5;165.0;2264
2021-07-21;173.0;174.25;169.0;171.5;1985
2021-07-20;168.5;174.25;166.5;172.75;7280
2021-07-19;171.0;174.75;166.25;169.25;1675
2021-07-16;177.5;181.0;169.0;169.25;2433
2021-07-15;174.75;176.5;173.0;175.25;4393
2021-07-14;175.25;178.25;173.25;177.5;7119
2021-07-13;174.75;176.5;173.75;174.75;1043
2021-07-12;178.25;179.5;175.0;177.5;2072
2021-07-09;179.0;181.75;176.5;178.75;1543
2021-07-08;175.25;178.75;173.25;178.25;1861
2021-07-07;176.5;182.5;174.25;178.75;4302
2021-07-06;176.5;179.25;173.0;175.75;4294
2021-07-02;178.5;178.5;173.5;175.75;2219
2021-07-01;175.0;179.0;173.25;178.25;2619
2021-06-30;177.25;178.75;173.75;174.0;4230
2021-06-29;185.75;191.25;176.5;179.5;7810
2021-06-28;193.75;193.75;176.75;185.5;8899
2021-06-25;180.0;196.5;173.25;195.75;55183
2021-06-24;163.25;178.5;163.0;176.25;5506
2021-06-23;157.5;168.75;157.0;165.0;3966
2021-06-22;157.75;159.25;153.75;158.0;3094
2021-06-21;162.0;162.75;157.5;159.25;3016
2021-06-18;162.25;163.25;160.0;161.0;8284
2021-06-17;163.25;164.75;160.75;163.25;2936
2021-06-16;163.25;165.25;161.5;164.0;4830
2021-06-15;166.5;166.5;162.5;164.0;2958
2021-06-14;166.5;167.0;162.5;164.75;2536
2021-06-11;164.0;167.5;163.0;165.0;3311
2021-06-10;167.25;169.75;162.0;163.5;15193
2021-06-09;170.0;176.5;165.75;166.25;5556
2021-06-08;168.75;173.25;167.0;170.0;10345
2021-06-07;165.5;171.0;165.5;167.5;11184
2021-06-04;167.75;167.75;162.5;164.25;4166
2021-06-03;164.5;168.75;161.0;163.25;2657
2021-06-02;173.75;173.75;161.5;165.5;9120
2021-06-01;161.5;173.75;159.0;173.25;6217
2021-05-28;170.0;175.5;161.25;161.5;9813
2021-05-27;171.5;173.75;165.25;169.0;20430
2021-05-26;168.0;171.0;165.5;169.25;1988
2021-05-25;175.25;179.0;164.5;167.0;14393
2021-05-24;184.0;184.0;173.75;174.5;5446
2021-05-21;185.25;185.25;180.0;183.5;2991
2021-05-20;179.75;183.25;178.5;182.0;3225
2021-05-19;183.0;185.5;179.0;179.75;3463
2021-05-18;188.0;195.0;184.5;185.0;1960
2021-05-17;186.25;189.25;182.5;186.75;1868
2021-05-14;185.0;193.0;185.0;189.0;1700
2021-05-13;185.0;188.5;178.25;183.5;2920
2021-05-12;181.75;190.0;180.25;182.5;2374
2021-05-11;174.0;188.5;174.0;185.0;2307
2021-05-10;180.5;185.0;175.0;176.0;5016
2021-05-07;182.75;184.75;179.5;181.0;1239
2021-05-06;185.75;187.75;177.25;182.25;3274
2021-05-05;190.5;190.5;181.75;183.75;2165
2021-05-04;197.75;200.5;183.25;190.25;4353
2021-05-03;195.0;202.0;192.5;198.75;6002
2021-04-30;203.5;209.5;192.0;194.5;4532
2021-04-29;206.5;206.5;198.25;205.25;2091
2021-04-28;199.0;206.25;199.0;204.25;1977
2021-04-27;207.25;210.75;198.25;201.25;2448
2021-04-26;191.5;217.0;191.5;207.75;4433
