time;open;high;low;close;RSI;RSI-based MA
2021-01-29;1.95;1.95;1.95;1.95;;
2021-02-01;1.4;1.4;1.4;1.4;;
2021-02-02;1.12;1.12;1.12;1.12;;
2021-02-03;1.8;1.8;1.8;1.8;;
2021-02-04;1.52;1.52;1.52;1.52;;
2021-02-05;1.03;1.03;1.03;1.03;;
2021-02-08;2.74;2.74;2.74;2.74;;
2021-02-09;2.25;2.25;2.25;2.25;;
2021-02-10;1.75;1.75;1.75;1.75;;
2021-02-11;1.23;1.23;1.23;1.23;;
2021-02-12;2.52;2.52;2.52;2.52;;
2021-02-16;2.43;2.43;2.43;2.43;;
2021-02-17;1.62;1.62;1.62;1.62;;
2021-02-18;1.38;1.38;1.38;1.38;;
2021-02-19;1.63;1.63;1.63;1.63;48.044009779951104;
2021-02-22;2.76;2.76;2.76;2.76;54.77242960052391;
2021-02-23;1.36;1.36;1.36;1.36;46.70278338559341;
2021-02-24;2.04;2.04;2.04;2.04;50.51625574810494;
2021-02-25;1.72;1.72;1.72;1.72;48.74857532908333;
2021-02-26;1.78;1.78;1.78;1.78;49.1081645523196;
2021-03-01;2.55;2.55;2.55;2.55;53.60678500246799;
2021-03-02;1.22;1.22;1.22;1.22;46.036995384614855;
2021-03-03;1.62;1.62;1.62;1.62;48.39709966928144;
2021-03-04;0.96;0.96;0.96;0.96;44.90714979075659;
2021-03-05;1.04;1.04;1.04;1.04;45.42090579718098;
2021-03-08;0.98;0.98;0.98;0.98;45.08135513602142;
2021-03-09;1.28;1.28;1.28;1.28;47.20647832665421;
2021-03-10;1.73;1.73;1.73;1.73;50.31238493268199;48.49009803108827
2021-03-11;1.17;1.17;1.17;1.17;46.63546425983071;48.38948763679395
2021-03-12;0.74;0.74;0.74;0.74;43.97775468962423;47.61843942887255
2021-03-15;1.21;1.21;1.21;1.21;47.499582043519105;47.67535361872439
2021-03-16;2.27;2.27;2.27;2.27;54.453856857367434;47.95661084081456
2021-03-17;1.7;1.7;1.7;1.7;50.574378642198184;48.08702536317991
2021-03-18;1.29;1.29;1.29;1.29;47.929295071060636;48.00282040023284
2021-03-19;1.4;1.4;1.4;1.4;48.704438627492145;47.65265280202028
2021-03-22;0.83;0.83;0.83;0.83;44.9687842832974;47.576352009069026
2021-03-23;1.26;1.26;1.26;1.26;48.19678162152587;47.56204357708649
2021-03-24;1.85;1.85;1.85;1.85;52.32867865208648;48.09215278146719
2021-03-25;1.13;1.13;1.13;1.13;47.36384328729207;48.23093403076085
2021-03-26;2.12;2.12;2.12;2.12;53.84786238950989;48.85711312029574
2021-03-29;0.38;0.38;0.38;0.38;43.6664745446626;48.60425570729633
2021-03-30;1.28;1.28;1.28;1.28;49.034256014012136;48.5129607845342
2021-03-31;1.49;1.49;1.49;1.49;50.22602395565284;48.76942933423579
2021-04-01;1.81;1.81;1.81;1.81;52.06542969014207;49.34712040570135
2021-04-05;1.14;1.14;1.14;1.14;48.06068643330424;49.387199290686006
2021-04-06;2.62;2.62;2.62;2.62;56.09440611440963;49.50438138047473
2021-04-07;1.53;1.53;1.53;1.53;49.964780895377565;49.46083868427326
2021-04-08;1.79;1.79;1.79;1.79;51.33093258913691;49.703812792707275
2021-04-09;2.13;2.13;2.13;2.13;53.13303793398509;50.020141314599634
2021-04-12;1.11;1.11;1.11;1.11;47.45597172792034;50.197797560644126
2021-04-13;1.12;1.12;1.12;1.12;47.51517933926061;50.14911168333947
2021-04-14;1.83;1.83;1.83;1.83;51.67848016952928;50.10266893458538
2021-04-15;1.36;1.36;1.36;1.36;48.91250562476896;50.21328767297659
2021-04-16;1.59;1.59;1.59;1.59;50.3139867664647;49.96086798561622
2021-04-19;2.53;2.53;2.53;2.53;55.66684779367755;50.818037503403
2021-04-20;1.76;1.76;1.76;1.76;50.835518592724476;50.94669911616817
2021-04-21;1.8;1.8;1.8;1.8;51.07307778926438;51.00720296142613
2021-04-22;1.23;1.23;1.23;1.23;47.547369111819556;50.684484348688805
2021-04-23;1.06;1.06;1.06;1.06;46.51599678350475;50.57414937370313
2021-04-26;1.99;1.99;1.99;1.99;52.57640857395298;50.322863835099085
2021-04-27;1.48;1.48;1.48;1.48;49.278720581800464;50.273859526986435
2021-04-28;1.97;1.97;1.97;1.97;52.36980985975872;50.34806504631656
2021-04-29;2.47;2.47;2.47;2.47;55.359389207339795;50.50709013727048
2021-04-30;1.15;1.15;1.15;1.15;46.97644578784865;50.47283828440822
2021-05-03;1.26;1.26;1.26;1.26;47.687356969587704;50.48513668657444
2021-05-04;3.04;3.04;3.04;3.04;57.59509666233664;50.90775215034639
2021-05-05;3.35;3.35;3.35;3.35;59.04972202003644;51.63183903572264
2021-05-06;1.15;1.15;1.15;1.15;46.78433609142125;51.3797211303624
2021-05-07;2.1;2.1;2.1;2.1;51.47185132022471;51.080078525115766
2021-05-10;0.75;0.75;0.75;0.75;45.35754002453745;50.68879434167384
2021-05-11;1.13;1.13;1.13;1.13;47.25677605666233;50.41620136077369
2021-05-12;1.23;1.23;1.23;1.23;47.77124534654854;50.43219252039719
2021-05-13;0.51;0.51;0.51;0.51;44.41222600919114;50.28192317937479
2021-05-14;1.71;1.71;1.71;1.71;50.64154958880398;50.143718966149855
2021-05-17;1.11;1.11;1.11;1.11;47.759658850669425;50.035214556783366
2021-05-18;1.68;1.68;1.68;1.68;50.63380262333818;49.91121403989619
2021-05-19;1.86;1.86;1.86;1.86;51.540502842537244;49.63843644241029
2021-05-20;1.14;1.14;1.14;1.14;47.76166562562648;49.69452357368014
2021-05-21;1.07;1.07;1.07;1.07;47.397819194369866;49.67384230402171
2021-05-24;1.43;1.43;1.43;1.43;49.52734990734473;49.09757467866515
2021-05-25;1.5;1.5;1.5;1.5;49.95162773671283;48.447710801284884
2021-05-26;1.36;1.36;1.36;1.36;49.06331518414591;48.61049502219379
2021-05-27;1.73;1.73;1.73;1.73;51.51724327323808;48.61373730455189
2021-05-28;1.35;1.35;1.35;1.35;48.91106094662734;48.867560227558315
2021-06-01;2.09;2.09;2.09;2.09;53.811335276598435;49.33574302898232
2021-06-02;3.23;3.23;3.23;3.23;60.152290510904734;50.22010339786491
2021-06-03;4;4;4;4;63.77018542683195;51.60281478483925
2021-06-04;1.69;1.69;1.69;1.69;49.30691890890889;51.507484021989605
2021-06-07;1.06;1.06;1.06;1.06;46.22754256332813;51.39804714432237
2021-06-08;1.26;1.26;1.26;1.26;47.351665149246784;51.16360875331584
2021-06-09;1.21;1.21;1.21;1.21;47.086646617478706;50.845476165811654
2021-06-10;1.43;1.43;1.43;1.43;48.45367047318645;50.894905083494514
2021-06-11;1.59;1.59;1.59;1.59;49.475999111863224;51.04334650617261
2021-06-14;1.21;1.21;1.21;1.21;47.08738679414262;50.869063426658165
2021-06-15;1.2;1.2;1.2;1.2;47.02304947339885;50.65987926499288
2021-06-16;1.19;1.19;1.19;1.19;46.9539594585307;50.509210998877506
2021-06-17;1.17;1.17;1.17;1.17;46.80583758503597;50.17268202114878
2021-06-18;1.04;1.04;1.04;1.04;45.79458614182932;49.95007667794892
2021-06-21;1.14;1.14;1.14;1.14;46.74768717159839;49.44553038473464
2021-06-22;1.43;1.43;1.43;1.43;49.51973416684727;48.68606207444481
2021-06-23;1.47;1.47;1.47;1.47;49.90706783130452;47.69583938904999
2021-06-24;1.58;1.58;1.58;1.58;51.02007786357002;47.8182078858115
2021-06-25;1.33;1.33;1.33;1.33;48.38861167601077;47.972569965288834
2021-06-28;1.51;1.51;1.51;1.51;50.373286550067725;48.18840006534747
2021-06-29;1.42;1.42;1.42;1.42;49.35141080719118;48.350168936041214
2021-06-30;1.48;1.48;1.48;1.48;50.07848541977787;48.46622714651204
2021-07-01;1.37;1.37;1.37;1.37;48.69825638879379;48.41067409486421
2021-07-02;1.44;1.44;1.44;1.44;49.649289448895246;48.59366714163226
2021-07-06;1.38;1.38;1.38;1.38;48.81398339077351;48.7215909928733
2021-07-07;1.6;1.6;1.6;1.6;52.00262833718716;49.08221019849162
2021-07-08;1.8;1.8;1.8;1.8;54.76164086500552;49.65048186134659
2021-07-09;1.67;1.67;1.67;1.67;52.64338666085638;50.13968189841995
2021-07-12;1.19;1.19;1.19;1.19;45.62570335858859;50.059540197490676
2021-07-13;2.14;2.14;2.14;2.14;57.65670198197853;50.640752184285766
2021-07-14;1.53;1.53;1.53;1.53;50.00569794296783;50.64779719226171
2021-07-15;0.87;0.87;0.87;0.87;43.30920213331087;50.09702035438607
2021-07-16;1.21;1.21;1.21;1.21;47.22966734899147;50.01423861674183
2021-07-19;1.06;1.06;1.06;1.06;45.72722804405714;49.68237729488393
2021-07-20;1.08;1.08;1.08;1.08;45.97400705953441;49.44113417005131
2021-07-21;1.33;1.33;1.33;1.33;49.09018628562474;49.37054137475466
2021-07-22;1.65;1.65;1.65;1.65;52.83982745527455;49.666367879503284
2021-07-23;1.31;1.31;1.31;1.31;48.73283853234664;49.60090709974981
2021-07-26;1.08;1.08;1.08;1.08;46.12129519084798;49.408572228326555
2021-07-27;1.38;1.38;1.38;1.38;49.89311580148717;49.257892761490844
2021-07-28;1.72;1.72;1.72;1.72;53.837385688737996;49.1918745346146
2021-07-29;1.01;1.01;1.01;1.01;45.74024274372118;48.69879282624779
2021-07-30;1.25;1.25;1.25;1.25;48.556768098361864;48.908154593374455
2021-08-02;0.44;0.44;0.44;0.44;40.8497902594068;47.707660898905054
2021-08-03;1.03;1.03;1.03;1.03;47.39888085155033;47.52145967808952
2021-08-04;2.02;2.02;2.02;2.02;56.16846930347061;48.43997876167236
2021-08-05;1.38;1.38;1.38;1.38;50.32708875738799;48.66122314798639
2021-08-06;0.95;0.95;0.95;0.95;46.8050902827802;48.73821330789518
2021-08-09;1.56;1.56;1.56;1.56;51.9430385305731;49.16457269868366
2021-08-10;1.15;1.15;1.15;1.15;48.5488402125418;49.12590512203489
2021-08-11;2.08;2.08;2.08;2.08;55.63110627906813;49.32528218087729
2021-08-12;2.05;2.05;2.05;2.05;55.366350191746;49.79910444226295
2021-08-13;1.59;1.59;1.59;1.59;51.3323090896048;50.17131972074558
2021-08-16;1.73;1.73;1.73;1.73;52.467426128364316;50.35519902980824
2021-08-17;0.92;0.92;0.92;0.92;45.81006017844157;49.78181863621563
2021-08-18;1.15;1.15;1.15;1.15;47.83413509790079;49.93138237579989
2021-08-19;0.84;0.84;0.84;0.84;45.374136663251576;49.7040515590063
2021-08-20;1.38;1.38;1.38;1.38;50.180463873250524;50.37052824570942
2021-08-23;0.81;0.81;0.81;0.81;45.61783189847471;50.24331046334687
2021-08-24;0.55;0.55;0.55;0.55;43.66744089603489;49.35037986281576
2021-08-25;0.8;0.8;0.8;0.8;46.05571320900988;49.04528160936018
2021-08-26;1.68;1.68;1.68;1.68;53.524881066078585;49.52526666531006
2021-08-27;1.04;1.04;1.04;1.04;48.28826916782807;49.264211710828285
2021-08-30;2.74;2.74;2.74;2.74;59.59594320843249;50.05329049624904
2021-08-31;1.34;1.34;1.34;1.34;49.9157205085192;49.64504865549555
2021-09-01;1.72;1.72;1.72;1.72;52.18592337914942;49.41787531173865
2021-09-02;1.45;1.45;1.45;1.45;50.43658524140189;49.35389503686701
2021-09-03;0.7;0.7;0.7;0.7;45.839885860434954;48.88049930344349
2021-09-07;1.77;1.77;1.77;1.77;52.49219723880177;49.357794807754935
2021-09-08;2.62;2.62;2.62;2.62;57.009557669294274;50.01318213428304
2021-09-09;2.06;2.06;2.06;2.06;53.40652730047877;50.58692432265641
2021-09-10;1.43;1.43;1.43;1.43;49.60804936830891;50.54603757230343
2021-09-13;1.51;1.51;1.51;1.51;50.09345730618911;50.86572510142589
2021-09-14;1.36;1.36;1.36;1.36;49.13770246631294;51.25645807073146
2021-09-15;1.52;1.52;1.52;1.52;50.228538068592556;51.55451698927309
2021-09-16;1.22;1.22;1.22;1.22;48.14362444220771;51.17014151613945
2021-09-17;1.06;1.06;1.06;1.06;47.022568490187915;51.07973432487944
2021-09-20;1.42;1.42;1.42;1.42;49.852062529632285;50.38374284782229
2021-09-21;1.4;1.4;1.4;1.4;49.693270885083585;50.367853589005456
2021-09-22;1.43;1.43;1.43;1.43;49.95079484547445;50.20820155088581
2021-09-23;1.47;1.47;1.47;1.47;50.31599552246269;50.199587999533016
2021-09-24;1.67;1.67;1.67;1.67;52.19431150609874;50.65347554565186
2021-09-27;1.25;1.25;1.25;1.25;48.08328592736859;50.33855330912091
2021-09-28;1.61;1.61;1.61;1.61;51.60206296858523;49.952303687641695
2021-09-29;1.17;1.17;1.17;1.17;47.37562620793285;49.52152503817414
2021-09-30;1.29;1.29;1.29;1.29;48.61181233398959;49.45036525000847
2021-10-01;1.33;1.33;1.33;1.33;49.04152364653274;49.375227131461585
2021-10-04;1.09;1.09;1.09;1.09;46.527556134055914;49.18878810772894
2021-10-05;1.56;1.58;1.56;1.58;51.94398431345052;49.311319982361645
2021-10-06;1.47;1.47;1.47;1.47;50.70235383178058;49.49408636733114
2021-10-07;1.69;1.69;1.67;1.67;52.90649843932087;49.91436707798349
2021-10-08;1.3;1.3;1.3;1.3;48.57916502465894;49.82344582762825
2021-10-11;1.85;1.85;1.85;1.85;54.53247265181355;50.16910309668039
2021-10-12;1.41;1.41;1.41;1.41;49.586441852320064;50.143077882883645
2021-10-13;1.32;1.32;1.32;1.32;48.61515432627261;50.02158922601293
2021-10-14;1.37;1.37;1.37;1.37;49.21036692991366;49.808450327714
2021-10-15;1.7;1.7;1.7;1.7;53.07386308696992;50.16492012482838
2021-10-18;1.16;1.16;1.16;1.16;46.80024548128757;49.82193316144998
2021-10-19;1.7;1.7;1.7;1.7;52.807732882491486;50.2099407810613
2021-10-20;1.86;1.86;1.86;1.86;54.44904666836346;50.62688609065945
2021-10-21;2.04;2.04;2.04;2.04;56.290797458127834;51.14469136291624
2021-10-22;1.21;1.21;1.21;1.21;46.878468816255634;51.16975655450193
2021-10-25;1.06;1.06;1.06;1.06;45.400984755627746;50.70239944322888
2021-10-26;1.3;1.3;1.3;1.3;48.21335091061944;50.52461352028879
2021-10-27;1.22;1.22;1.22;1.22;47.33804314228914;50.12686671335796
2021-10-28;3.13;3.13;3.13;3.13;64.09713906270608;51.235293430361324
2021-10-29;1.91;1.91;1.91;1.91;52.58563952283807;51.09623392114879
2021-11-01;1.26;1.26;1.26;1.26;47.673112303003364;50.95956752476902
2021-11-02;1.15;1.15;1.15;1.15;46.875037770184285;50.83527348504843
2021-11-03;2.02;2.02;2.02;2.02;53.50468463021049;51.142010463641064
2021-11-04;1.66;1.66;1.66;1.66;50.68599247028704;50.971448276735146
2021-11-05;1.11;1.11;1.11;1.11;46.64313488780023;50.96022609148605
2021-11-08;1.24;1.24;1.24;1.24;47.70489612047326;50.59573775134189
2021-11-09;0.92;0.92;0.92;0.92;45.31452517305908;49.94327193024872
2021-11-10;2.21;2.21;2.21;2.21;55.08504612976554;49.857146835365704
2021-11-11;1.86;1.86;1.86;1.86;52.352029507687845;50.24811545618229
2021-11-12;1.07;1.07;1.07;1.07;46.717798434399995;50.342173576094595
2021-11-15;1.35;1.35;1.35;1.35;48.820198458951296;50.38551982954687
2021-11-16;1.15;1.15;1.15;1.15;47.3820501094188;50.38866318434185
2021-11-17;1.78;1.78;1.78;1.78;52.16249088180327;49.53618831427736
2021-11-18;1.5;1.5;1.5;1.5;49.98874670048324;49.35069596982344
2021-11-19;1.81;1.81;1.81;1.81;52.35601008428274;49.685188668486255
2021-11-22;1.55;1.55;1.55;1.55;50.209366599997765;49.923355013472936
2021-11-23;1.11;1.11;1.11;1.11;46.71840255183493;49.43862057930325
2021-11-24;2.17;2.17;2.17;2.17;54.860801049698274;49.73682119211834
2021-11-26;1.16;1.16;1.16;1.16;47.42418759307892;49.79261067106682
2021-11-29;1.53;1.53;1.47;1.47;49.67888528344438;49.93360989699333
2021-11-30;1.3;1.3;1.3;1.3;48.45177407716771;50.15769910442966
2021-12-01;1.74;1.8;1.74;1.8;52.19216443033683;49.95106469732762
2021-12-02;2.88;2.88;2.88;2.88;59.0962309505123;50.43279337181507
2021-12-03;3.63;3.63;3.63;3.63;63.08327673076301;51.60175610726958
2021-12-06;1.34;1.34;1.34;1.34;47.77176465577102;51.52686797847099
2021-12-07;2.18;2.18;2.18;2.18;52.34132376746623;51.881101811188664
2021-12-08;1.11;1.11;1.11;1.11;46.732438395862566;51.493240919335754
2021-12-09;1.9;1.9;1.9;1.9;50.91470101209202;51.5593805130221
2021-12-10;1.59;1.59;1.59;1.59;49.279635143938016;51.339639445854615
2021-12-13;1.24;1.24;1.24;1.24;47.42774358522732;51.14095208765673
2021-12-14;1.53;1.53;1.53;1.53;49.13341467964849;51.31345295392912
2021-12-15;1.29;1.29;1.29;1.29;47.7526054797917;50.805724698935784
2021-12-16;0.6;0.6;0.6;0.6;43.93015399347718;50.556150870392806
2021-12-17;0.74;0.74;0.74;0.74;44.893999505896545;50.214373314853674
2021-12-20;1.64;1.64;1.64;1.64;50.7546093520342;50.37886154877271
2021-12-21;1.03;1.03;1.03;1.03;47.098470105418386;50.01502623984995
2021-12-22;1.16;1.16;1.16;1.16;47.95885403571852;49.21949931736469
2021-12-23;1.17;1.17;1.17;1.17;48.028874906640546;48.14418490135595
2021-12-27;1.06;1.06;1.06;1.06;47.27535825492934;48.10872730129582
2021-12-28;0.93;0.93;0.93;0.93;46.349862896137836;47.68076581048665
2021-12-29;2.03;2.03;2.03;2.03;54.47170939973029;48.233570882191486
2021-12-30;1.71;1.71;1.71;1.71;52.005254688469115;48.31146757336128
2021-12-31;0.97;0.97;0.97;0.97;46.73522672290585;48.12972411471612
2022-01-03;1.12;1.12;1.12;1.12;47.8880097534003;48.16260026958562
2022-01-04;1.12;1.12;1.12;1.12;47.8880097534003;48.07364277485361
2022-01-05;1.43;1.43;1.43;1.43;50.457940105317256;48.26688096239115
2022-01-06;2.92;2.92;2.92;2.92;60.532619865289895;49.452771381806336
2022-01-07;0.71;0.71;0.71;0.71;45.691071241737596;49.50970507722355
2022-01-10;1.73;1.73;1.73;1.73;51.59053591469641;49.569414117413714
2022-01-11;0.55;0.55;0.55;0.55;45.44083255870387;49.45101143550554
2022-01-12;0.68;0.68;0.68;0.68;46.20168222095849;49.325499163022684
2022-01-13;1.75;1.75;1.75;1.75;52.12014660405502;49.61773285569514
2022-01-14;2.12;2.12;2.12;2.12;54.00448316852162;50.09838463523745
2022-01-18;0.51;0.51;0.51;0.51;45.595614461938474;50.04450974708036
2022-01-19;1.68;1.68;1.68;1.68;51.50508569346607;49.832608053775765
2022-01-20;1.16;1.16;1.16;1.16;48.9596887033349;49.61506762626618
2022-01-21;0.98;0.99;0.98;0.99;48.122385370418165;49.71415038680278
2022-01-24;2.04;2.04;2.04;2.04;53.42096778784211;50.109361674977194
2022-01-25;0.79;0.79;0.79;0.79;47.23573851735634;50.06277087240262
2022-01-26;0.96;0.96;0.96;0.96;48.11558034804074;49.895459461168585
2022-01-27;1.11;1.11;1.11;1.11;48.92486496743267;49.066334111321645
2022-01-28;1.41;1.41;1.41;1.41;50.58497924410071;49.4158989686333
2022-01-31;2.03;2.03;2.03;2.03;53.918550269646005;49.582185708272554
2022-02-01;2.07;2.07;2.07;2.07;54.13353074839988;50.20309272182227
2022-02-02;1.5;1.5;1.5;1.5;50.516861443222;50.5113198091268
2022-02-03;1.71;1.71;1.71;1.71;51.79467239902768;50.48807165162486
2022-02-04;0.36;0.36;0.36;0.36;43.9393785288204;49.76913560593191
2022-02-07;1.15;1.15;1.15;1.15;48.83006906571153;50.00016807762997
2022-02-08;1.37;1.37;1.37;1.37;50.134709697305944;49.902284077904255
2022-02-09;1.56;1.56;1.56;1.56;51.289788692249275;50.068719791398145
2022-02-10;1.92;1.92;1.92;1.92;53.488205391865314;50.45199265007294
2022-02-11;0.91;0.91;0.91;0.91;47.06968599085104;49.998329664573575
2022-02-14;1.31;1.31;1.31;1.31;49.64676373693512;50.17054575168635
2022-02-15;1.31;1.31;1.31;1.31;49.646763736935114;50.27991599375023
2022-02-16;0.96;0.96;0.96;0.96;47.30928917745432;50.164517723037484
2022-02-17;1.27;1.27;1.27;1.27;49.57388045788225;50.092296381164736
2022-02-18;1.09;1.09;1.09;1.09;48.276442709995905;49.68928869833259
2022-02-22;1.22;1.22;1.22;1.22;49.30831481853492;49.344630417627954
2022-02-23;0.67;0.67;0.67;0.67;45.199859282979745;48.96484454903922
2022-02-24;0.59;0.59;0.59;0.59;44.617520329013324;48.452190829752475
2022-02-25;1.36;1.36;1.36;1.36;51.142185332760064;48.966677030033885
2022-02-28;0.89;0.89;0.89;0.89;47.46629165432406;48.86926435779191
2022-03-01;1.77;1.77;1.77;1.77;54.11615821721005;49.153653537785075
2022-03-02;1.35;1.35;1.35;1.35;50.81034495869596;49.119407556816974
2022-03-03;2.77;2.77;2.77;2.77;59.76045134273024;49.567425124735905
2022-03-04;1.46;1.46;1.46;1.46;50.611500958597965;49.8204119081464
2022-03-07;1.2;1.2;1.2;1.2;49.00785021019968;49.774775227665295
2022-03-08;0.73;0.73;0.73;0.73;46.16050379604898;49.52575666045914
2022-03-09;1.33;1.33;1.33;1.33;50.14285991697284;49.72815457042475
2022-03-10;2.72;2.72;2.72;2.72;57.910077421549865;50.32359721068672
2022-03-11;0.95;0.95;0.95;0.95;47.71605114051111;50.28356924143781
2022-03-14;2.17;2.17;2.17;2.17;53.75827581411661;50.601423598265065
2022-03-15;1.48;1.48;1.48;1.48;50.223138550060305;50.96022926019939
2022-03-16;1.39;1.39;1.39;1.39;49.7634648427875;51.32779672546898
2022-03-17;1.22;1.22;1.22;1.22;48.853894894167404;51.164347408426636
2022-03-18;1.82;1.82;1.82;1.82;52.176322120557046;51.50077815601471
2022-03-21;1.13;1.13;1.13;1.13;48.29129308821356;51.08471636108639
2022-03-22;1.98;1.98;1.98;1.98;52.93995208187009;51.23683115559883
2022-03-23;1.14;1.14;1.14;1.14;48.31710079570334;50.41944897366834
2022-03-24;2.2;2.2;2.2;2.2;53.799654164614836;50.64717420266954
2022-03-25;3.15;3.15;3.15;3.15;58.09057162676763;51.29594001813867
2022-03-28;1.2;1.2;1.2;1.2;48.19572359228164;51.44131286072673
2022-03-29;1.47;1.47;1.47;1.47;49.47891079549153;51.39388792347807
2022-03-30;2.43;2.43;2.43;2.43;53.85550662696809;51.104275723865086
2022-03-31;1.37;1.37;1.37;1.37;48.825907448323655;51.18355117442313
2022-04-01;1.19;1.19;1.19;1.19;48.006027335886;50.77267628312094
2022-04-04;1.76;1.76;1.76;1.76;50.82218086546998;50.815465019935914
2022-04-05;1.47;1.47;1.47;1.47;49.357430239712166;50.78646254828767
2022-04-06;2.24;2.24;2.24;2.24;53.213200450750755;51.097841516615055
2022-04-07;1.13;1.13;1.13;1.13;47.588326689730806;50.77012755727032
2022-04-08;1.17;1.17;1.17;1.17;47.802450621746495;50.73521023823696
2022-04-11;1.7;1.7;1.7;1.7;50.677734709937425;50.57362328309892
2022-04-12;1.28;1.28;1.28;1.28;48.40234818011344;50.57971238198535
2022-04-13;1.71;1.71;1.71;1.71;50.836163408203504;50.36803447081312
2022-04-14;1.33;1.33;1.33;1.33;48.652129652712986;49.69386004409493
2022-04-18;1.29;1.29;1.29;1.29;48.41633196527035;49.7096177850227
2022-04-19;1.24;1.24;1.24;1.24;48.102497950801634;49.611302581830564
2022-04-20;1.35;1.35;1.35;1.35;48.88744984542035;49.256441383148584
2022-04-21;1.45;1.45;1.45;1.45;49.6332669978905;49.31410992240336
2022-04-22;1.52;1.52;1.52;1.52;50.18126657431587;49.46948415371978
2022-04-25;1.37;1.37;1.37;1.37;48.952169216557934;49.33591189308321
2022-04-26;0.85;0.85;0.85;0.85;44.85094916019894;49.0140203874037
2022-04-27;0.87;0.87;0.87;0.87;45.04166468004428;48.43033926092466
2022-04-28;3.11;3.11;3.11;3.11;61.21802000160452;49.40388878320135
2022-04-29;1.09;1.09;1.09;1.09;47.60906458281033;49.39007549470591
2022-05-02;1.43;1.43;1.43;1.43;49.63841539637167;49.315838400879784
2022-05-03;1.47;1.47;1.47;1.47;49.88436153162999;49.42169649741668
2022-05-04;1;1;1;1;46.98109882092184;49.14633474118228
2022-05-05;1.31;1.31;1.31;1.31;49.08588803973199;49.17731748311221
2022-05-06;0.99;0.99;0.99;0.99;47.011202793474894;49.07695111369826
2022-05-09;1.32;1.32;1.32;1.32;49.38698392634289;49.168700111951196
2022-05-10;1.19;1.19;1.19;1.19;48.4651222187158;49.13853385290087
2022-05-11;1.09;1.09;1.09;1.09;47.727116380077256;49.002380237342784
2022-05-12;1.36;1.36;1.36;1.36;49.94347302927697;48.98539498412572
2022-05-13;1.3;1.3;1.3;1.3;49.441789847230524;49.02036788631663
2022-05-16;1.22;1.22;1.22;1.22;48.73879999657393;49.298071517486264
2022-05-17;1.11;1.11;1.11;1.11;47.73379501152812;49.49036654116368
2022-05-18;1.14;1.14;1.14;1.14;48.0484287739438;48.549681453473625
2022-05-19;1.09;1.09;1.09;1.09;47.534823265707985;48.54437850225203
2022-05-20;1.16;1.16;1.16;1.16;48.36695284006673;48.45355974823025
2022-05-23;1.18;1.18;1.18;1.18;48.61770802904683;48.36308449804574
2022-05-24;1.3;1.3;1.3;1.3;50.18104542444937;48.591652112583425
2022-05-25;1.68;1.68;1.68;1.68;54.864287239587696;49.00439491257311
2022-05-26;1.19;1.19;1.19;1.19;48.529204233332536;49.11282358684866
2022-05-27;1.06;1.06;1.06;1.06;46.979313125645334;48.94084710108455
2022-05-31;0.98;0.98;0.98;0.98;46.00558021880182;48.76516552966212
2022-06-01;1.09;1.09;1.09;1.09;47.613412252063654;48.75704380623257
2022-06-02;1.29;1.29;1.29;1.29;50.49958695003594;48.796766229143934
2022-06-03;0.95;0.95;0.95;0.95;45.872685260152004;48.541830187209754
2022-06-06;1.4;1.4;1.4;1.4;52.12485586959855;48.78369132099723
2022-06-07;1.24;1.24;1.24;1.24;49.91707668597933;48.93964001202945
2022-06-08;1.99;1.99;1.99;1.99;58.73922094319668;49.70326802411894
2022-06-09;1.32;1.32;1.32;1.32;50.227384485903016;49.89559382556144
2022-06-10;1.91;1.91;1.91;1.91;56.240862581807875;50.458015949971525
2022-06-13;1.7;1.7;1.7;1.7;53.751556602704866;50.82471941951853
2022-06-14;1.2;1.2;1.2;1.2;48.273001825970454;50.68843059105575
2022-06-15;1.21;1.21;1.21;1.21;48.38630825835945;50.22571780668231
2022-06-16;1.39;1.39;1.39;1.39;50.48863111291603;50.3656768695097
2022-06-17;1.08;1.08;1.08;1.08;46.94234978641749;50.36303663099342
2022-06-21;1.14;1.14;1.14;1.14;47.70792819747967;50.484632915184704
2022-06-22;1.14;1.14;1.14;1.14;47.70792819747966;50.49138405414299
2022-06-23;1.02;1.02;1.02;1.02;46.16290791021954;50.18162126558468
2022-06-24;1.27;1.27;1.27;1.27;49.80966761405299;50.46283429086332
2022-06-27;1.05;1.05;1.05;1.05;46.80507331811448;50.08284982290017
2022-06-28;1.14;1.14;1.14;1.14;48.18214373555677;49.95892604072713
2022-06-29;1.22;1.22;1.22;1.22;49.43518822236942;49.29435227495376
2022-06-30;1.31;1.31;1.31;1.31;50.874423880473046;49.3405693745659
2022-07-01;0.97;0.97;0.97;0.97;45.59461546649803;48.58012315204377
2022-07-05;1.18;1.18;1.18;1.18;49.107754475215344;48.24842300008023
2022-07-06;1.11;1.11;1.11;1.11;47.995216525420204;48.22858119289807
2022-07-07;1.37;1.37;1.37;1.37;52.31631861555241;48.509296218411855
2022-07-08;1.32;1.32;1.32;1.32;51.43128463334826;48.57662861272844
2022-07-11;1.12;1.12;1.12;1.12;47.937899665378986;48.64773931836855
2022-07-12;0.96;0.96;0.96;0.96;45.287726428898466;48.474867763469895
2022-07-13;1.32;1.32;1.32;1.32;51.75097691696826;48.763656957719085
2022-07-14;1.27;1.27;1.27;1.27;50.85245162218747;49.09862436571679
2022-07-15;1;1;1;1;46.18879242408009;48.83999042357588
2022-07-18;1.07;1.07;1.07;1.07;47.53225710046635;48.89193212231529
2022-07-19;1.42;1.42;1.42;1.42;53.74983819081245;49.289624583404986
2022-07-20;1.28;1.28;1.28;1.28;51.13930869866429;49.411347474568906
2022-07-21;1.38;1.38;1.38;1.38;52.89900676113907;49.55596053747362
2022-07-22;1.48;1.48;1.48;1.48;54.65760910878155;50.20331722620815
2022-07-25;1.42;1.42;1.42;1.42;53.37003856220077;50.50776608956426
2022-07-26;1.18;1.18;1.18;1.18;48.45318362334487;50.540478025130305
2022-07-27;1.29;1.29;1.29;1.29;50.695231734598885;50.424686105062186
2022-07-28;1.3;1.3;1.3;1.3;50.904295407247275;50.387044017483554
2022-07-29;1.32;1.32;1.32;1.32;51.34861913276412;50.630666836582485
2022-08-01;1.37;1.37;1.37;1.37;52.50585210454863;51.146247241986075
2022-08-02;1.46;1.46;1.46;1.46;54.59922263112448;51.3496933644258
2022-08-03;1.52;1.52;1.52;1.52;55.99184258840779;51.716792719155826
2022-08-04;1.84;1.84;1.84;1.84;62.58377447852299;52.887862865901745
2022-08-05;1.56;1.56;1.56;1.56;54.842858628570575;53.41004868933776
2022-08-08;1.42;1.42;1.42;1.42;51.418311903485645;53.24351109738585
2022-08-09;1.22;1.22;1.22;1.22;46.911693680519186;52.94153859608978
2022-08-10;1.36;1.36;1.36;1.36;50.2019377944017;52.748890812751384
2022-08-11;1.41;1.41;1.41;1.41;51.36134881852532;52.513443649161665
2022-08-12;1.29;1.29;1.29;1.29;48.4460740372446;52.16173189737908
2022-08-15;1.58;1.58;1.58;1.58;55.08151261935974;52.635183968523
2022-08-16;1.76;1.76;1.76;1.76;58.63986556343651;53.20265781343998
2022-08-17;1.37;1.37;1.37;1.37;49.49171705729712;53.101759359872105
2022-08-18;1.44;1.44;1.44;1.44;50.97020713729468;53.07472993162428
2022-08-19;1.21;1.21;1.21;1.21;46.186292802892574;52.62333283864886
2022-08-22;1.33;1.33;1.33;1.33;48.882036701037535;52.21496241507121
2022-08-23;1.07;1.07;1.07;1.07;43.766361657777075;51.34171377716901
2022-08-24;1.02;1.02;1.02;1.02;42.8379016832339;49.931294291791225
2022-08-25;1.2;1.2;1.2;1.2;47.18192820583516;49.38408497588155
2022-08-26;1.41;1.41;1.41;1.41;51.78548573207721;49.41031167792381
2022-08-29;1.74;1.74;1.74;1.74;57.9829734598073;50.201117376444394
2022-08-30;1.5;1.5;1.5;1.5;52.67948769365767;50.37808522639124
2022-08-31;1.28;1.28;1.28;1.28;48.31678999578223;50.16061673905245
2022-09-01;1.35;1.35;1.35;1.35;49.74295753724112;50.25325127476649
2022-09-02;1.26;1.26;1.26;1.26;47.91234006223201;49.74116752068593
2022-09-06;1.63;1.63;1.63;1.63;55.21010604467514;49.496184697917265
2022-09-07;1.25;1.25;1.25;1.25;47.80258307895717;49.37553227089298
2022-09-08;1.41;1.41;1.41;1.41;50.7960564962953;49.36309293939303
2022-09-09;1.54;1.54;1.54;1.54;53.147152883119425;49.86029723083781
2022-09-12;1.21;1.21;1.21;1.21;47.006885650276175;49.72635787006914
2022-09-13;1.73;1.73;1.73;1.73;55.693470882272166;50.578294243247356
2022-09-14;1.81;1.81;1.81;1.81;56.86494139434667;51.58022565118399
2022-09-15;1.58;1.58;1.58;1.58;52.56206763502321;51.96452132469743
2022-09-16;1.69;1.69;1.69;1.69;54.341514573770056;52.14709481338978
2022-09-19;1.57;1.57;1.57;1.57;52.047822570469926;51.72315546415139
2022-09-20;1.29;1.29;1.29;1.29;47.056824030505595;51.3215366310691
2022-09-21;1.06;1.06;1.06;1.06;43.37722004197819;50.968710205797386
2022-09-22;1.2;1.2;1.2;1.2;46.13808486273622;50.711219300475605
2022-09-23;1.44;1.44;1.44;1.44;50.586144350863144;50.902205321092126
2022-09-26;1.29;1.29;1.29;1.29;47.92240282176113;50.381655090883974
2022-09-27;1.19;1.19;1.19;1.19;46.17667480049001;50.265518785279184
2022-09-28;1.75;1.75;1.75;1.75;55.871314970395865;50.628037247714936
2022-09-29;1.23;1.23;1.23;1.23;47.343770183543015;50.213509912030915
2022-09-30;1.3;1.3;1.3;1.3;48.483651328044765;50.31899317472867
2022-10-03;1.38;1.38;1.38;1.38;49.82059151305285;49.89950179121299
2022-10-04;1.27;1.27;1.27;1.27;47.97690731286034;49.26464221396397
2022-10-05;1.36;1.36;1.36;1.36;49.61966391901087;49.05447051996309
2022-10-06;1.1;1.1;1.1;1.1;45.18103579498752;48.400150607192906
2022-10-07;1.1;1.1;1.1;1.1;45.18103579498752;47.90966583751559
2022-10-10;1.38;1.38;1.38;1.38;50.69016024935771;48.169189853147884
2022-10-11;1.15;1.15;1.15;1.15;46.55167371607476;48.39593654415478
2022-10-12;1.47;1.47;1.47;1.47;52.37725340156423;48.841591439785354
2022-10-13;1.26;1.26;1.26;1.26;48.631199527702236;48.70195252384529
2022-10-14;1.05;1.05;1.05;1.05;45.15338590987105;48.50416560156743
2022-10-17;1.23;1.23;1.23;1.23;48.54976807955643;48.67367226435789
2022-10-18;1.39;1.39;1.39;1.39;51.428995542564046;48.35636373379848
2022-10-19;1.24;1.24;1.24;1.24;48.67867479024652;48.45171406284873
2022-10-20;1.25;1.25;1.25;1.25;48.87496666911532;48.47966515863948
2022-10-21;1.31;1.31;1.31;1.31;50.107990305100714;48.50019364378576
2022-10-24;1.13;1.13;1.13;1.13;46.48585585504052;48.39368996822719
2022-10-25;1.13;1.13;1.13;1.13;46.48585585504052;48.16984653508646
2022-10-26;1.35;1.35;1.35;1.35;51.45956919464438;48.61831320649053
2022-10-27;1.41;1.41;1.32;1.32;50.766663633577295;49.01728662353265
2022-10-28;1.49;1.49;1.49;1.49;54.505044103386936;49.28977832739188
2022-10-31;1.14;1.14;1.14;1.14;46.651067175411114;49.29687786020162
2022-11-01;1.23;1.23;1.23;1.23;48.698193905409845;49.03408789619059
2022-11-02;1.28;1.28;1.28;1.28;49.8495405175371;49.12111225260737
2022-11-03;1.26;1.26;1.26;1.26;49.37223016701672;49.422458270974914
2022-11-04;1.32;1.32;1.32;1.32;50.89138933302832;49.58971693193719
2022-11-07;1.12;1.12;1.12;1.12;45.942656446953386;49.19783556796501
2022-11-08;1.64;1.64;1.64;1.64;57.511273627248656;49.828735484893734
2022-11-09;1.49;1.49;1.49;1.49;53.92619158257803;50.18953726442679
2022-11-10;0.99;0.99;0.99;0.99;44.06548387566553;49.75792966232427
2022-11-11;0.95;0.95;0.95;0.95;43.382055306843974;49.53622962316738
2022-11-14;1.12;1.12;1.12;1.12;47.13471172941238;49.58257647133679
2022-11-15;1.12;1.12;1.12;1.12;47.13471172941238;49.273658080963074
2022-11-16;1.5;1.5;1.5;1.5;54.88639895263407;49.56792488946713
2022-11-17;1.28;1.28;1.28;1.28;50.288900961789984;49.26677180792449
2022-11-18;0.95;0.95;0.95;0.95;44.29526870438561;49.09850048856553
2022-11-21;0.96;0.96;0.96;0.96;44.51109029233571;48.79942165906023
2022-11-22;1.27;1.27;1.27;1.27;50.866283947041055;48.87204618973909
2022-11-23;1.02;1.02;1.02;1.02;46.2644301889446;48.65006047701966
2022-11-25;1.17;1.17;1.17;1.17;49.23217977127851;48.53154550832324
2022-11-28;1.11;1.11;1.11;1.11;48.08812218006802;48.68479306068857
2022-11-29;1.07;1.07;1.07;1.07;47.29900007991812;47.95534495016496
2022-11-30;1.1;1.1;1.1;1.1;47.98837073575928;47.531214889677905
2022-12-01;1.14;1.14;1.14;1.14;48.94727724471609;47.87991441603866
2022-12-02;1.08;1.08;1.08;1.08;47.53169517191953;48.17631726354405
2022-12-05;1.09;1.09;1.09;1.09;47.802644730085476;48.22402676359213
2022-12-06;1.03;1.03;1.03;1.03;46.259081745083705;48.16148176471152
2022-12-07;1.05;1.05;1.05;1.05;46.874876256603216;47.58923014356645
2022-12-08;1;1;1;1;45.47206231177369;47.245170239993854
2022-12-09;1.26;1.26;1.26;1.26;53.2987263508084;47.88827435759549
2022-12-12;1.02;1.02;1.02;1.02;46.64338604681947;48.04058119720147
2022-12-13;0.89;0.89;0.89;0.89;43.476551873923405;47.51274319197879
2022-12-14;0.96;0.96;0.96;0.96;45.61763113505419;47.46654325955804
2022-12-15;1.26;1.26;1.26;1.26;53.710372823343576;47.78641419184841
2022-12-16;1.09;1.09;1.09;1.09;49.238827756856246;47.868607447333275
2022-12-19;1.08;1.08;1.08;1.08;48.98050748581781;47.98871511918326
2022-12-20;1.01;1.01;1.01;1.01;47.11708257174182;47.92648025032487
2022-12-21;1.69;1.69;1.69;1.69;62.17247549783652;48.8711372684049
2022-12-22;1.5;1.5;1.5;1.5;57.26669430076957;49.56649434903705
2022-12-23;1.08;1.08;1.08;1.08;48.210740655448205;49.59564405799153
2022-12-27;1.36;1.36;1.36;1.36;53.49107914686821;50.11221530097613
2022-12-28;1.86;1.86;1.86;1.86;61.1153294182678;51.129390526809324
2022-12-29;1.47;1.47;1.47;1.47;53.71822392355724;51.71840207050814
2022-12-30;1.52;1.52;1.52;1.52;54.478925370266005;51.8027020004694
2023-01-03;1.08;1.08;1.08;1.08;47.13665546555063;51.83793553037877
2023-01-04;1.77;1.77;1.77;1.77;56.937842846695695;52.79945631414822
2023-01-05;1.63;1.63;1.63;1.63;54.720966628038866;53.44969456364713
2023-01-06;1.15;1.15;1.15;1.15;47.84304624373078;53.03059980796049
2023-01-09;1.36;1.36;1.36;1.36;50.759078326697974;53.139189134377766
2023-01-10;1.1;1.1;1.1;1.1;47.237738687541736;53.01470564878662
2023-01-11;1.05;1.05;1.05;1.05;46.568672039809854;52.97553346793433
2023-01-12;1.07;1.07;1.07;1.07;46.892697546882246;51.884120757151884
2023-01-13;1.31;1.31;1.31;1.31;50.75223851354916;51.418802486636146
2023-01-17;1.2;1.2;1.2;1.2;48.99473206736864;51.47480187320189
2023-01-18;1.37;1.37;1.37;1.37;51.77420252195176;51.352167828564994
2023-01-19;1.31;1.31;1.31;1.31;50.72358655928205;50.609900481494584
2023-01-20;1.05;1.05;1.05;1.05;46.33572127391652;50.08257886366311
2023-01-23;1.14;1.14;1.14;1.14;48.01220212835682;49.6206700606696
2023-01-24;1.21;1.21;1.21;1.21;49.33787663168855;49.77790014396516
2023-01-25;1.29;1.29;1.29;1.29;50.8794883196644;49.3451605348915
2023-01-26;1.11;1.11;1.11;1.11;47.38562867473003;48.82120782394087
2023-01-27;1.11;1.11;1.11;1.11;47.38562867473002;48.78853514044081
2023-01-30;1.38;1.38;1.38;1.38;53.00023177939938;48.94861752991948
2023-01-31;1.28;1.28;1.28;1.28;50.83646265839601;49.205669242123356
2023-02-01;1.21;1.21;1.21;1.21;49.31861988178072;49.40209408797842
2023-02-02;1.18;1.18;1.18;1.18;48.648231590326326;49.527489376795856
2023-02-03;1.18;1.18;1.18;1.18;48.648231590326326;49.37720316799423
2023-02-06;1.32;1.32;1.32;1.32;52.16721576873257;49.60380914666308
2023-02-07;1.3;1.3;1.3;1.3;51.62297436609572;49.593007135530506
2023-02-08;1.03;1.03;1.03;1.03;44.824277621848054;49.171627925713786
2023-02-09;1.26;1.26;1.26;1.26;50.77191330273082;49.4884987849148
2023-02-10;1.41;1.41;1.41;1.41;54.23659073856224;49.93309797135805
2023-02-13;1.36;1.36;1.36;1.36;52.900088537115586;50.187541678888564
2023-02-14;1.38;1.38;1.38;1.38;53.3948049294563;50.36720715101655
2023-02-15;1.28;1.28;1.28;1.28;50.53657786193;50.59227495010226
2023-02-16;1.39;1.39;1.39;1.39;53.48613951176472;51.028025724176175
2023-02-17;1.33;1.33;1.33;1.33;51.67602654539109;50.93343963603272
2023-02-21;1.46;1.46;1.46;1.46;55.21270853587771;51.24602862728141
2023-02-22;1.4;1.4;1.4;1.4;53.274737535353026;51.52860845967943
2023-02-23;1.24;1.24;1.24;1.24;48.39637093294251;51.510618412723446
2023-02-24;1.45;1.45;1.45;1.45;54.310050499575574;51.91503404909839
2023-02-27;1.42;1.42;1.42;1.42;53.36912706243911;52.00088485579171
2023-02-28;1.34;1.34;1.34;1.34;50.83965387331187;51.94493339202143
2023-03-01;1.46;1.46;1.46;1.46;54.335816457543736;52.62432902314255
2023-03-02;1.38;1.38;1.38;1.38;51.69626993232692;52.69035449668513
2023-03-03;1.58;1.58;1.58;1.58;57.28312369068781;52.907963993265525
2023-03-06;1.6;1.6;1.6;1.6;57.80865033092898;53.25857554996649
2023-03-07;1.39;1.39;1.39;1.39;50.74880692185641;53.069575692280786
2023-03-08;1.32;1.32;1.32;1.32;48.617442197902;52.932494573421636
2023-03-09;1.28;1.28;1.28;1.28;47.3925753484816;52.49723999032999
2023-03-10;1.4;1.4;1.4;1.4;51.35230031389855;52.47411668808052
2023-03-13;1.3;1.3;1.3;1.3;48.10297387800046;51.96627849823215
2023-03-14;1.4;1.4;1.4;1.4;51.413762068497306;51.833351679171024
2023-03-15;1.31;1.31;1.31;1.31;48.419846643400135;51.83502851563229
2023-03-16;1.32;1.32;1.32;1.32;48.77676535628897;51.439793862540384
2023-03-17;1.3;1.3;1.3;1.3;48.0604744753383;51.06060439203318
2023-03-20;1.31;1.31;1.31;1.31;48.46795652112437;50.891197438305504
2023-03-21;1.21;1.21;1.21;1.21;44.69201612645394;50.20235455751338
2023-03-22;1.34;1.34;1.34;1.34;50.13112810621421;50.090558712791044
2023-03-23;1.6;1.6;1.6;1.6;58.84775379479586;50.20231800594162
2023-03-24;2.03;2.03;2.03;2.03;68.61754973956965;50.97438224941595
2023-03-27;1.39;1.39;1.39;1.39;49.703796708431526;50.89973866274274
2023-03-28;1.15;1.15;1.15;1.15;44.725160772166674;50.62171856090451
2023-03-29;1.62;1.62;1.62;1.62;54.36537327547703;51.1197755556899
2023-03-30;1.45;1.45;1.45;1.45;50.90699624225169;51.08796812200084
2023-03-31;1.5;1.5;1.5;1.5;51.87663883335542;51.35751561881191
2023-04-03;1.34;1.34;1.34;1.34;48.570655181168846;51.1544365554313
2023-04-04;1.22;1.22;1.22;1.22;46.19298898402499;50.99537529404737
2023-04-05;1.14;1.14;1.14;1.14;44.62463175048906;50.69879432220451
2023-04-06;1.34;1.34;1.34;1.34;49.26254183590842;50.784656276530946
2023-04-10;1.19;1.19;1.19;1.19;46.14120541259194;50.61845976877863
2023-04-11;0.97;0.97;0.97;0.97;41.94356520255905;50.42214184564329
2023-04-12;1.11;1.11;1.11;1.11;45.35071182343462;50.08068353973046
2023-04-13;1.46;1.46;1.11;1.11;45.35071182343462;49.11660911320466
2023-04-14;1.18;1.18;1.18;1.18;47.14929535918724;47.58316237174877
2023-04-17;1.17;1.17;1.17;1.17;46.91176750592379;47.38373171442679
2023-04-18;1.01;1.01;1.01;1.01;43.16484914598247;47.27228088398506
2023-04-19;1.32;1.32;1.32;1.32;51.283676952944106;47.05215971808985
2023-04-20;1.48;1.48;1.48;1.48;54.86721040652803;47.3350321583953
2023-04-21;1.34;1.34;1.34;1.34;51.310596201081836;47.294600541804336
2023-04-24;1.05;1.05;1.05;1.05;44.82827493381203;47.02728766699313
2023-04-25;1.08;1.08;1.08;1.08;45.59400932538267;46.984503405661535
2023-04-26;1.37;1.37;1.37;1.37;52.46247293977527;47.544349204896264
2023-04-27;1.43;1.43;1.43;1.43;53.76306137074855;47.86581488595626
2023-04-28;1.39;1.39;1.39;1.39;52.727364206595006;48.336254799813624
2023-05-01;1.38;1.38;1.38;1.38;52.45530532517758;49.08709338000067
2023-05-02;1.27;1.27;1.27;1.27;49.43376822087677;49.37874026553225
2023-05-03;1.36;1.36;1.36;1.36;51.87625615278674;49.84485057477169
2023-05-04;1.49;1.49;1.49;1.49;55.23945631207788;50.422719214263886
2023-05-05;1.39;1.39;1.39;1.39;52.216430734515754;50.80162373059188
2023-05-08;1.45;1.45;1.45;1.45;53.84841141967075;51.564735321569614
2023-05-09;1.22;1.22;1.22;1.22;47.19433791031351;51.27263967566741
2023-05-10;1.02;1.02;1.02;1.02;42.299515551706406;50.37494718603731
2023-05-11;1.26;1.26;1.26;1.26;49.119236250410125;50.218421475275036
2023-05-12;1.11;1.11;1.11;1.11;45.49964262043811;50.26637631003405
2023-05-15;1.34;1.34;1.34;1.34;51.411973485472885;50.68194517861191
2023-05-16;1.51;1.51;1.51;1.51;55.27408150681482;50.88277436197188
2023-05-17;1.44;1.44;1.44;1.44;53.39213930500519;50.8562799287045
2023-05-18;1.47;1.47;1.47;1.47;54.113214048565084;50.95526920313093
2023-05-19;1.67;1.67;1.67;1.67;58.70053346439934;51.401356927361064
2023-05-22;1.57;1.57;1.57;1.57;55.702079154326924;51.849093422607496
2023-05-23;1.44;1.44;1.44;1.44;51.98452340665406;51.856826797883734
2023-05-24;1.28;1.28;1.28;1.28;47.75969618379872;51.32255821729236
2023-05-25;1.37;1.37;1.37;1.37;50.21088358336135;51.17930484935276
2023-05-26;1.47;1.47;1.47;1.47;52.857699670911266;51.108539724441364
2023-05-30;1.44;1.44;1.44;1.44;51.96520035745125;51.44931561352263
2023-05-31;1.44;1.44;1.44;1.44;51.96520035745125;52.13972167107583
2023-06-01;1.13;1.13;1.13;1.13;43.219590739368876;51.71831842028717
2023-06-02;1.37;1.37;1.37;1.37;50.206489612613375;52.05452177687112
2023-06-05;1.36;1.36;1.36;1.36;49.9307952639153;51.94872333247414
2023-06-06;1.32;1.32;1.32;1.32;48.77700255540576;51.48464626451635
2023-06-07;1.3;1.3;1.3;1.3;48.17754469740964;51.112175221116665
2023-06-08;1.37;1.37;1.37;1.37;50.47183573248898;50.85207676996837
2023-06-09;1.29;1.29;1.29;1.29;47.86379549740061;50.07802405803989
2023-06-12;1.49;1.49;1.49;1.49;54.231160923520406;49.972958470125135
2023-06-13;1.42;1.42;1.42;1.42;51.844578493143004;49.96296240487435
2023-06-14;1.82;1.82;1.82;1.82;62.10668973538428;50.98774765855903
2023-06-15;1.37;1.37;1.37;1.37;49.36218155544088;50.92712608513614
2023-06-16;1.39;1.39;1.39;1.39;49.85469393357248;50.71262567532623
2023-06-20;1.38;1.38;1.38;1.38;49.594956607707765;50.54332255034455
2023-06-21;1.28;1.28;1.28;1.28;46.96018604426279;50.18582152797394
2023-06-22;1.13;1.13;1.13;1.13;43.248649184814695;50.187897131220076
2023-06-23;1.38;1.38;1.38;1.38;50.29916778883931;50.194517000950505
2023-06-26;1.09;1.09;1.09;1.09;43.54157972815538;49.73814446268194
2023-06-27;1.23;1.23;1.23;1.23;47.22755844302658;49.62746988322628
2023-06-28;1.25;1.25;1.25;1.25;47.75233883357827;49.59709803580976
2023-06-29;1.18;1.18;1.18;1.18;46.02714776290704;49.279620323696754
2023-06-30;1.36;1.36;1.36;1.36;50.93584274105411;49.499052269672006
2023-07-03;1.13;1.13;1.13;1.13;45.270270509132494;48.8589886686443
2023-07-05;1.57;1.57;1.57;1.57;55.47370476041908;49.118211973449725
2023-07-06;1.61;1.61;1.61;1.61;56.27183961015698;48.70143696450492
2023-07-07;1.29;1.29;1.29;1.29;48.744222353637056;48.657297021518936
2023-07-10;1.11;1.11;1.11;1.11;45.09031994933096;48.31698459407312
2023-07-11;1.01;1.01;1.01;1.01;43.154896261212656;47.856980283609175
2023-07-12;1.22;1.22;1.22;1.22;48.18473896455795;47.94444834934455
2023-07-13;1.22;1.22;1.22;1.22;48.18473896455795;48.29702619075478
2023-07-14;1.28;1.28;1.28;1.28;49.66068330111493;48.25142015591732
2023-07-17;1.14;1.14;1.14;1.14;46.34354906349229;48.4515608227271
2023-07-18;1.13;1.13;1.13;1.13;46.10664607719217;48.37149565373893
2023-07-19;1.13;1.13;1.13;1.13;46.106646077192174;48.25394617113992
2023-07-20;1.12;1.12;1.12;1.12;45.83491019054445;48.24021491597117
2023-07-21;1.19;1.19;1.19;1.19;48.13903897379393;48.040443218309726
2023-07-24;1.35;1.35;1.35;1.35;53.05474199955276;48.59647689619688
2023-07-25;1.14;1.14;1.14;1.14;46.786450671074086;47.97595874695797
2023-07-26;1.08;1.08;1.08;1.08;45.14527923938077;47.181204434759664
2023-07-27;1.21;1.21;1.21;1.21;49.29537580527952;47.220572538448415
2023-07-28;1.57;1.57;1.57;1.57;58.629591539800536;48.1876633663391
2023-07-31;1.47;1.47;1.47;1.47;55.56940303211681;49.07441384997511
2023-08-01;1.25;1.25;1.25;1.25;49.45381182610055;49.165061911513874
2023-08-02;1.2;1.2;1.2;1.2;48.15665921575429;49.163056215170755
2023-08-03;1.17;1.17;1.17;1.17;47.3540859412992;48.99829926089821
2023-08-04;1.3;1.3;1.3;1.3;51.153109984056776;49.34183932665281
2023-08-07;1.61;1.61;1.61;1.61;58.789947704610476;50.24778944289698
2023-08-08;1.13;1.13;1.13;1.13;46.632785115007394;50.28537080274093
2023-08-09;1.12;1.12;1.12;1.12;46.417430741912575;50.326979413552934
2023-08-10;1.1;1.1;1.1;1.1;45.96027973220282;50.17135375343929
2023-08-11;1.22;1.22;1.22;1.22;49.19348953142832;49.89555000571612
2023-08-14;1.31;1.31;1.31;1.31;51.535508464334484;50.23476841952043
2023-08-15;1.28;1.28;1.28;1.28;50.69660243111996;50.63129150464466
2023-08-16;1.24;1.24;1.24;1.24;49.538692673227494;50.64867128092665
2023-08-17;1.12;1.12;1.12;1.12;46.134401579127505;49.75615771230715
2023-08-18;1.46;1.46;1.46;1.46;55.47133348132515;49.74915274439346
2023-08-21;1.46;1.46;1.46;1.46;55.47133348132515;50.17897571976665
2023-08-22;1.16;1.16;1.16;1.16;47.11421815636746;50.10451564409616
2023-08-23;1.52;1.52;1.52;1.52;55.73279935698211;50.70299517378779
2023-08-24;1.26;1.26;1.26;1.26;49.46326663234581;50.582292077237014
2023-08-25;1.19;1.19;1.19;1.19;47.900919475203594;49.80450434656509
2023-08-28;1.26;1.26;1.26;1.26;49.61480714982725;50.0175059204808
2023-08-29;1.44;1.44;1.44;1.44;53.82159289365802;50.546374645605475
2023-08-30;1.3;1.3;1.3;1.3;50.30366214929499;50.856616246826356
2023-08-31;1.22;1.22;1.22;1.22;48.35852417869657;50.79697586448837
2023-09-01;1.39;1.39;1.39;1.39;52.5567771987841;50.86992363123477
2023-09-05;1.4;1.4;1.4;1.4;52.799857093442434;51.02015610711494
2023-09-06;1.44;1.44;1.44;1.44;53.81910970415076;51.32590018075232
2023-09-07;1.32;1.32;1.32;1.32;50.309230789475784;51.624102267205764
2023-09-08;1.2;1.2;1.2;1.2;47.007742909350675;51.019560083493296
2023-09-11;1.32;1.32;1.32;1.32;50.50560538233372;50.66486521927963
2023-09-12;1.31;1.31;1.31;1.31;50.20818667186222;50.885862970386405
2023-09-13;1.62;1.62;1.62;1.62;58.388791457078256;51.07557669182184
2023-09-14;1.56;1.56;1.56;1.56;56.45545422350466;51.5750186626189
2023-09-15;1.1;1.1;1.1;1.1;44.33506113540336;51.320314495490315
2023-09-18;1.28;1.28;1.28;1.28;48.95331400146805;51.273064984893225
2023-09-19;1.14;1.14;1.14;1.14;45.77248257216624;50.6981285333581
2023-09-20;1.05;1.05;1.05;1.05;43.80209093368306;50.233730589385814
2023-09-21;1.32;1.32;1.32;1.32;50.66362553463418;50.39838068623851
2023-09-22;1.38;1.38;1.38;1.38;52.06428474677105;50.363202653951866
2023-09-25;1.24;1.24;1.24;1.24;48.59739739597434;50.063026961275575
2023-09-26;1.15;1.15;1.15;1.15;46.45579484174363;49.53707589967507
2023-09-27;1.24;1.24;1.24;1.24;48.88177003354662;49.43511441710869
2023-09-28;1.12;1.12;1.12;1.12;45.89589812925945;49.355696932816464
2023-09-29;1.35;1.35;1.35;1.35;51.953705026391674;49.459132621677746
2023-10-02;1.41;1.41;1.41;1.41;53.41892502509175;49.68847107547986
2023-10-03;1.16;1.16;1.16;1.16;46.98891313631401;48.87419405256812
2023-10-04;1.46;1.46;1.46;1.46;54.12497882016347;48.707731523758035
2023-10-05;1.18;1.18;1.18;1.18;47.674398167346965;48.94625559746829
2023-10-06;1.43;1.43;1.43;1.43;53.05417995797269;49.23917459436148
2023-10-09;1.26;1.26;1.26;1.26;49.33936186008329;49.49395168635555
2023-10-10;1.39;1.39;1.39;1.39;52.10134112878473;50.08675527171995
2023-10-11;1.36;1.36;1.36;1.36;51.404848653071156;50.13969978017974
2023-10-12;1.45;1.45;1.45;1.45;53.4167347600271;50.23630335255517
2023-10-13;1.34;1.34;1.34;1.34;50.65629222812543;50.383367269137395
2023-10-16;1.52;1.52;1.52;1.52;54.77485634619316;50.97758594802665
2023-10-17;1.23;1.23;1.23;1.23;47.84588424243475;50.90359410580437
2023-10-18;1.22;1.22;1.22;1.22;47.62217523041895;51.02689961303006
2023-10-19;1.14;1.14;1.14;1.14;45.77812982070647;50.58578709833825
2023-10-20;1.1;1.1;1.1;1.1;44.843126918799456;49.97323009074595
2023-10-23;1.36;1.36;1.36;1.36;51.74261316556333;50.31278009283518
2023-10-24;0.92;0.92;0.92;0.92;42.13664611747134;49.45647061407146
2023-10-25;1.21;1.21;1.21;1.21;48.87366000946305;49.542132174222616
2023-10-26;1.12;1.12;1.12;1.12;47.04307972491908;49.11276787186164
2023-10-27;1.27;1.27;1.27;1.27;50.37897984507329;49.18702629936093
2023-10-30;1.29;1.29;1.29;1.29;50.823784010837244;49.09577221950754
2023-10-31;1.23;1.23;1.23;1.23;49.3933187899062;48.95209151499575
2023-11-01;1.24;1.24;1.24;1.24;49.6476871927511;48.68287383161889
2023-11-02;1.39;1.39;1.39;1.39;53.429033872102906;48.88092680618872
2023-11-03;1.4;1.4;1.4;1.4;53.67878098513967;48.80263570897061
2023-11-06;1.17;1.17;1.17;1.17;47.3846544909431;48.76969072672121
2023-11-07;1.4;1.4;1.4;1.4;53.28375062313641;49.174088969058175
2023-11-08;1.36;1.36;1.36;1.36;52.18787936810533;49.63192822244381
2023-11-09;1.38;1.38;1.38;1.38;52.71156943527847;50.19395983076373
2023-11-10;1.36;1.36;1.36;1.36;52.09705206589004;50.21927689507278
2023-11-13;1.28;1.28;1.28;1.28;49.60586731038705;50.752792694566764
2023-11-14;1.16;1.16;1.16;1.16;46.04883828435939;50.55101971420222
2023-11-15;1.33;1.33;1.33;1.33;51.36894575026213;50.860010144583875
2023-11-16;1.37;1.37;1.37;1.37;52.55447058138537;51.01540234003473
2023-11-17;1.38;1.38;1.38;1.38;52.86383892464588;51.16112054816392
2023-11-20;1.19;1.19;1.19;1.19;46.64102335570143;50.9645280171493
2023-11-21;1.29;1.29;1.29;1.29;49.9784840763142;50.988156365975236
2023-11-22;1.07;1.07;1.07;1.07;43.52809778217623;50.280946645266184
2023-11-24;1.03;1.03;1.03;1.03;42.45520678943147;49.479262774144175
2023-11-27;1.17;1.17;1.17;1.17;47.34693475650122;49.47656850739832
2023-11-28;1.37;1.37;1.37;1.37;53.436527732111294;49.48748115803938
2023-11-29;1.33;1.33;1.33;1.33;52.13775952103558;49.48390116896297
2023-11-30;1.11;1.11;1.11;1.11;45.57657200501104;48.974258495372446
2023-12-01;1.29;1.29;1.29;1.29;51.00885270535935;48.896529969620254
2023-12-04;1.15;1.15;1.15;1.15;47.0732545435517;48.715629057703445
2023-12-05;1.12;1.12;1.12;1.12;46.249775176665956;48.7299816928682
2023-12-06;1.14;1.14;1.14;1.14;46.916477024097524;48.41194821242787
2023-12-07;1.51;1.51;1.51;1.51;57.43510997947439;48.76056531229137
2023-12-08;1.37;1.51;1.37;1.51;57.43510997947438;49.08708467335055
2023-12-11;1.52;1.52;1.52;1.52;57.69785205448662;49.87685815183521
2023-12-12;1.3;1.3;1.3;1.3;50.336338803967244;49.90241920381043
2023-12-13;1.04;1.04;1.04;1.04;43.304403538875654;49.88644104357467
2023-12-14;1.07;1.07;1.07;1.07;44.27179201149993;50.01619713086528
2023-12-15;1.22;1.22;1.22;1.22;48.961088284589174;50.131493811442986
2023-12-18;1.44;1.44;1.44;1.44;54.94872918056859;50.239508200618516
2023-12-19;1.32;1.32;1.32;1.32;51.40620263793417;50.187254137539846
2023-12-20;1.42;1.42;1.42;1.42;54.06394334469377;50.79349494751718
2023-12-21;1.43;1.43;1.43;1.43;54.33292314488251;51.03092855034026
2023-12-22;1.4;1.4;1.4;1.4;53.324144703811406;51.47742070464453
2023-12-26;1.32;1.32;1.32;1.32;50.62485245631753;51.78992622461964
2023-12-27;1.27;1.27;1.27;1.27;48.95682217890132;51.93566516424848
2023-12-28;1.79;1.79;1.79;1.79;62.7157268745927;52.312852085328366
2023-12-29;1.34;1.34;1.34;1.34;50.12398985740322;51.79062921946614
2024-01-02;1.02;1.02;1.02;1.02;43.44419550929725;50.77251089480976
2024-01-03;0.97;0.97;0.97;0.97;42.49134955840845;50.212154520126994
2024-01-04;1.02;1.02;1.02;1.02;43.818347131889354;50.24886477677084
2024-01-05;1.12;1.12;1.12;1.12;46.47834428429826;50.40647565339929
2024-01-08;1.37;1.37;1.37;1.37;52.52946081237536;50.66135940538401
2024-01-09;1.04;1.04;1.04;1.04;45.2560050025517;49.96902196409709
2024-01-10;1;1;1;1;44.45254324663196;49.4723320075755
2024-01-11;1.21;1.21;1.21;1.21;49.519600016075906;49.14773605553137
2024-01-12;1.32;1.32;1.32;1.32;51.99007625098057;48.98038984882408
2024-01-16;1.31;1.31;1.31;1.31;51.74216599363019;48.86739136952543
2024-01-17;1.15;1.15;1.15;1.15;47.813632609996894;48.666589951931094
2024-01-18;1.18;1.18;1.18;1.18;48.60162350584073;48.64121861814105
2024-01-19;1.18;1.18;1.18;1.18;48.60162350584073;47.633068377515905
2024-01-22;1.02;1.02;1.02;1.02;44.45012213405847;47.227792111562714
2024-01-23;1.16;1.16;1.16;1.16;48.5882996167262;47.595228119236204
2024-01-24;1.1;1.1;1.1;1.1;46.97325487807099;47.91536421349781
2024-01-25;1.19;1.19;1.19;1.19;49.67540272138492;48.333725327033214
2024-01-26;1.3;1.3;1.3;1.3;52.83866420590949;48.788033892862586
2024-01-29;1.32;1.32;1.32;1.32;53.412054500880046;48.85107629918435
2024-01-30;1.08;1.08;1.08;1.08;46.159496180686105;48.9156113833368
2024-01-31;1.29;1.29;1.29;1.29;52.26699583497279;49.473786568218294
2024-02-01;1.05;1.05;1.05;1.05;45.863745446017376;49.2126540989284
2024-02-02;1.24;1.24;1.24;1.24;50.98342683026066;49.140750568876975
2024-02-05;1.19;1.19;1.19;1.19;49.65267084028824;48.991500915066844
2024-02-06;1.04;1.04;1.04;1.04;45.79116219948013;48.84703874288707
2024-02-07;1.16;1.16;1.16;1.16;49.195195878372026;48.88943676949645
2024-02-08;1.22;1.22;1.22;1.22;50.856852964723885;49.0505245879881
2024-02-09;1.2;1.2;1.2;1.2;50.266678734215844;49.46599291657077
2024-02-12;1.21;1.21;1.21;1.21;50.57551451080463;49.60793683757637
2024-02-13;1.38;1.38;1.38;1.38;55.62087791871622;50.22562419762245
2024-02-14;1.14;1.14;1.14;1.14;48.1481837405646;50.11653712756386
2024-02-15;1.04;1.04;1.04;1.04;45.410584313259555;49.585959992374576
2024-02-16;1.27;1.27;1.27;1.27;52.14948597615559;49.495776526322835
2024-02-20;1.04;1.04;1.04;1.04;46.030107112293294;49.48653445000906
2024-02-21;1.18;1.18;1.18;1.18;49.88498032240216;49.31639048482544
2024-02-22;1.26;1.26;1.26;1.26;51.995023946734975;49.75433894916241
2024-02-23;1.15;1.15;1.15;1.15;48.94357175387103;49.60863501513459
2024-02-26;1.26;1.26;1.26;1.26;51.97861019446132;49.77477354043266
2024-02-27;1.31;1.31;1.31;1.31;53.33646521599784;50.313723755898216
2024-02-28;1.22;1.22;1.22;1.22;50.56490050384169;50.411559800574615
2024-02-29;1.43;1.43;1.43;1.43;56.27440000340308;50.79852744619456
2024-03-01;1.41;1.41;1.41;1.41;55.61559843319422;51.180593138978736
2024-03-04;1.2;1.2;1.2;1.2;49.11396167923542;51.076196508152364
2024-03-05;0.99;0.99;0.99;0.99;43.62212527980515;50.21914274823015
2024-03-06;1.22;1.22;1.22;1.22;50.19130324405715;50.365079855622476
2024-03-07;1.55;1.55;1.55;1.55;57.79073180955242;51.249376105357676
2024-03-08;1.18;1.18;1.18;1.18;48.80047189639269;51.01016081394605
2024-03-11;1.25;1.25;1.25;1.25;50.37340246727344;51.320396196444634
2024-03-12;1.3;1.3;1.3;1.3;51.51910241854723;51.437119203312136
2024-03-13;0.97;0.97;0.97;0.97;44.256933705226494;50.88439847177582
2024-03-14;1.3;1.3;1.3;1.3;51.603680389889796;51.074406231491444
2024-03-15;1.06;1.06;1.06;1.06;46.77528689415991;50.702740281469914
2024-03-18;1.34;1.34;1.34;1.34;52.37410781751377;50.63400046729248
2024-03-19;1.45;1.45;1.45;1.45;54.40335733414543;50.90817595517132
2024-03-20;1.34;1.34;1.34;1.34;52.01654374347556;50.6040433651765
2024-03-21;1.22;1.22;1.22;1.22;49.46689308896106;50.16485012630271
2024-03-22;1.32;1.32;1.32;1.32;51.59612400671362;50.3421474354083
2024-03-25;1.4;1.4;1.4;1.4;53.29169335208691;51.03283086914271
2024-03-26;1.25;1.25;1.25;1.25;49.77123062093149;51.00282568177659
2024-03-27;0.96;0.96;0.96;0.96;43.75335736382159;50.0001560785101
2024-03-28;1.49;1.49;1.49;1.49;54.565524122479054;50.41194552323056
2024-04-01;1.03;1.03;1.03;1.03;46.25478835731189;50.11775880109044
2024-04-02;1.09;1.09;1.09;1.09;47.380547722381834;49.82214775136435
2024-04-03;1.65;1.65;1.65;1.65;56.532119938496336;50.698946768026474
2024-04-04;1.49;1.49;1.49;1.49;53.66053902602108;50.845865242035856
2024-04-05;1.59;1.59;1.59;1.59;55.192477824176436;51.44709316560846
2024-04-08;1.24;1.24;1.24;1.24;49.07711548443315;51.21159371324556
2024-04-09;1.23;1.23;1.23;1.23;48.910367777598644;50.819237316349366
2024-04-10;1.13;1.13;1.13;1.13;47.18389661764107;50.474048235932614
2024-04-11;1.41;1.41;1.41;1.41;52.26478862528072;50.67389791709831
2024-04-12;1.06;1.06;1.06;1.06;46.272517784051246;50.293640329765275
2024-04-15;1.09;1.09;1.09;1.09;46.83517580213337;49.832460504768605
2024-04-16;0.98;0.98;0.98;0.98;44.975323598532505;49.48989571745439
2024-04-17;1.11;1.11;1.11;1.11;47.62252037887818;49.76626450424414
2024-04-18;1.08;1.08;1.08;1.08;47.0598656189335;49.230146039705176
2024-04-19;1.21;1.21;1.21;1.21;49.82625265332922;49.48525063227784
2024-04-22;1.1;1.1;1.1;1.1;47.56151651026818;49.49817697426972
2024-04-23;1.38;1.38;1.38;1.38;53.371333001295575;49.272406478755386
2024-04-24;1.22;1.22;1.22;1.22;49.96472305050338;49.008419623361256
2024-04-25;1.19;1.19;1.19;1.19;49.32894989494397;48.58959619984465
2024-04-26;1.37;1.37;1.37;1.37;53.17858175896844;48.882558076597164
2024-04-29;1.21;1.21;1.21;1.21;49.57329941637347;48.92991033650965
2024-04-30;1.17;1.17;1.17;1.17;48.68467247615591;49.037108612117855
2024-05-01;1.18;1.18;1.18;1.18;48.931135935809934;48.798990562869946
2024-05-02;1.19;1.19;1.19;1.19;49.19392408215821;49.00766244130615
2024-05-03;1.47;1.47;1.47;1.47;56.01831847971256;49.66360120399038
2024-05-06;1.44;1.44;1.44;1.44;55.163356008961074;50.39131780473529
2024-05-07;1.46;1.46;1.46;1.46;55.649327305581274;50.96466115664264
2024-05-08;1.3;1.3;1.3;1.3;50.89661936046814;51.23871499532369
2024-05-09;1.02;1.02;1.02;1.02;43.8403107771416;50.81114771845315
2024-05-10;1.08;1.08;1.08;1.08;45.58137229449351;50.66970884589782
2024-05-13;1.16;1.16;1.16;1.16;47.90061110421049;50.278942996106025
2024-05-14;1.19;1.19;1.19;1.19;48.782137428063685;50.19447259450319
2024-05-15;1.01;1.01;1.01;1.01;43.974422236131964;49.81200633315948
2024-05-16;1.18;1.18;1.18;1.18;49.07874475122091;49.51916083260608
2024-05-17;1.11;1.11;1.11;1.11;47.172939560746364;49.34770655720414
2024-05-20;1.53;1.53;1.53;1.53;57.76915469301228;49.99659814412246
2024-05-21;1.17;1.17;1.17;1.17;48.744022332853675;49.98323288676844
2024-05-22;1.57;1.57;1.57;1.57;56.81666799714375;50.527714594981695
2024-05-23;1.21;1.21;1.21;1.21;49.29218551242141;50.047276525889465
2024-05-24;1.41;1.41;1.41;1.41;53.015007058802134;49.89382302944954
2024-05-28;1.21;1.21;1.21;1.21;49.130522559843065;49.428194119039674
2024-05-29;1.82;1.82;1.82;1.82;58.99832948167552;50.00688769912591
2024-05-30;1.02;1.02;1.02;1.02;46.310492226897956;50.18332923125137
2024-05-31;0.87;0.87;0.87;0.87;44.38317923875223;50.09774401298413
2024-06-03;1.26;1.26;1.26;1.26;50.187713269617944;50.26110845337037
2024-06-04;1.71;1.71;1.71;1.71;55.906085804645926;50.76996190884053
2024-06-05;1.51;1.51;1.51;1.51;52.9942500054475;51.414235320934495
2024-06-06;1.2;1.2;1.2;1.2;48.7554103201061;51.3911400044263
2024-06-07;1.4;1.4;1.4;1.4;51.45333974531222;51.69688287475243
2024-06-10;1.38;1.38;1.38;1.38;51.1632546523382;51.22503287184714
2024-06-11;1.26;1.26;1.26;1.26;49.36493717635994;51.26938393209759
2024-06-12;1.25;1.25;1.25;1.25;49.20971189312109;50.7260299246674
2024-06-13;1.37;1.37;1.37;1.37;51.19302680452958;50.861804302675125
2024-06-14;1.7;1.7;1.7;1.7;56.25225271671182;51.09303613538297
2024-06-17;1.34;1.34;1.34;1.34;50.14553668629886;51.165537144415524
2024-06-18;1.18;1.18;1.18;1.18;47.66866797101548;50.356275607939814
2024-06-20;1.59;1.59;1.59;1.59;53.946146507185595;50.901679485103216
2024-06-21;1.27;1.27;1.27;1.27;49.00513524049651;51.23181919951352
2024-06-24;1.07;1.07;1.07;1.07;46.15948776277967;50.94408880616793
2024-06-25;1.36;1.36;1.36;1.36;50.63564806779381;50.56762896782135
2024-06-26;1.08;1.08;1.08;1.08;46.606718362951746;50.11137670764308
2024-06-27;1.43;1.43;1.43;1.43;51.7723573155025;50.326872921599964
2024-06-28;1.24;1.24;1.24;1.24;49.00087863837346;50.15169712824719
2024-07-01;1.19;1.19;1.19;1.19;48.26859497440811;49.94493572268076
2024-07-02;1.38;1.38;1.38;1.38;51.24998317480747;50.079581865427016
2024-07-03;1.3;1.3;1.3;1.3;49.944787888254176;50.132087293650805
2024-07-05;1.2;1.2;1.2;1.2;48.289294957567776;49.92467787601068
2024-07-08;1.07;1.07;1.07;1.07;46.14780405809435;49.20293154325229
2024-07-09;0.94;0.94;0.94;0.94;44.04431659624631;48.76713010824853
2024-07-10;1.26;1.26;1.26;1.26;50.07663240780922;48.939127568019515
2024-07-11;1.01;1.01;1.01;1.01;45.91231546898833;48.36528249386257
2024-07-12;0.97;0.97;0.97;0.97;45.26373522498312;48.09803963561161
2024-07-15;1.05;1.05;1.05;1.05;46.87998106519191;48.14950344292678
2024-07-16;1.14;1.14;1.14;1.14;48.714670738100004;48.01229077652008
2024-07-17;0.83;0.83;0.83;0.83;43.182268859985534;47.76768724059392
2024-07-18;1.02;1.02;1.02;1.02;47.144338048767985;47.43711443582716
2024-07-19;0.87;0.87;0.87;0.87;44.50572107895179;47.11603175301133
2024-07-22;0.99;0.99;0.99;0.99;47.058525325782355;47.02959820668092
2024-07-23;0.87;0.87;0.87;0.87;44.837296002312215;46.571549122931266
2024-07-24;0.83;0.83;0.83;0.83;44.09022677806191;46.15336618648895
2024-07-25;0.96;0.96;0.96;0.96;47.171014315500564;46.07348899776987
2024-07-26;0.98;0.98;0.98;0.98;47.64895139992564;46.18071380790068
2024-07-29;0.82;0.82;0.82;0.82;44.203620275718414;46.19209264214869
2024-07-30;0.92;0.92;0.92;0.92;46.79308727530011;45.95755370411233
2024-07-31;1.16;1.16;1.16;1.16;52.49170739640023;46.42751027035603
2024-08-01;0.95;0.95;0.95;0.95;47.67968378264628;46.60007802447483
2024-08-02;1.13;1.13;1.13;1.13;51.76163251643958;46.948767413849666
2024-08-05;1.43;1.43;1.43;1.43;57.68687011457777;47.58963879788379
2024-08-06;1.18;1.18;1.18;1.18;51.95918735437067;48.21656154748273
2024-08-07;1.28;1.28;1.28;1.28;53.929649823245164;48.70122667423111
2024-08-08;1.46;1.46;1.46;1.46;57.32285679607654;49.61673636831144
2024-08-09;1.34;1.34;1.34;1.34;54.443923031961695;50.144264775895685
2024-08-12;1.4;1.4;1.4;1.4;55.64346688408367;50.91613412459365
2024-08-13;1.49;1.49;1.49;1.49;57.453192493195225;51.870631675674595
2024-08-14;1.07;1.07;1.07;1.07;47.67726566834038;51.90679248659172
2024-08-15;1.08;1.08;1.08;1.08;47.90455493201901;51.925049881741245
2024-08-16;1.16;1.16;1.16;1.16;49.78389838289072;52.323641175110694
2024-08-19;1.08;1.08;1.08;1.08;47.92212361300562;52.40428662780395
2024-08-20;0.98;0.98;0.98;0.98;45.62524449084486;51.91382499169284
2024-08-21;0.94;0.94;0.94;0.94;44.70229782032654;51.70115456581287
2024-08-22;0.95;0.95;0.95;0.95;45.001830581034994;51.21831157042682
2024-08-23;1.02;1.02;1.02;1.02;47.15950944959838;50.46635723721401
2024-08-26;0.88;0.88;0.88;0.88;43.48505181299688;49.86106184140159
2024-08-27;1.02;1.02;1.02;1.02;47.860062845209995;49.42751991439909
2024-08-28;0.93;0.93;0.93;0.93;45.4255335072289;48.577711108052824
2024-08-29;1.07;1.07;1.07;1.07;49.71088046317753;48.23963663885395
2024-08-30;1.29;1.29;1.29;1.29;55.60968548603161;48.23722368185024
2024-09-03;0.84;0.84;0.84;0.84;44.191370983985266;47.289950716906674
2024-09-04;0.97;0.97;0.97;0.97;47.542380510755;47.28031606279343
2024-09-05;1.07;1.07;1.07;1.07;50.028042121289836;47.43199371916991
2024-09-06;1;1;1;1;48.3026526963091;47.32619045584266
2024-09-09;1.26;1.26;1.26;1.26;54.56990604904441;47.80103205841686
2024-09-10;1.26;1.26;1.26;1.26;54.56990604904441;48.43993645543111
2024-09-11;1.19;1.19;1.19;1.19;52.5795979425424;49.00260074987511
2024-09-12;1.12;1.12;1.12;1.12;50.592417865112346;49.40192841302349
2024-09-13;1.23;1.23;1.23;1.23;53.56249783842836;49.85928472651135
2024-09-16;1.02;1.02;1.02;1.02;47.67082644440894;50.15826862875507
2024-09-17;0.97;0.97;0.97;0.97;46.363191812167834;50.05134926925205
2024-09-18;1.14;1.14;1.14;1.14;51.25866579164808;50.468001575281995
2024-09-19;1.66;1.66;1.66;1.66;62.52559712677977;51.383338479825014
2024-09-20;1.11;1.11;1.11;1.11;49.49382963524868;50.94649163334052
2024-09-23;1.16;1.16;1.16;1.16;50.503801596089595;51.397379534205115
2024-09-24;1.24;1.24;1.24;1.24;52.15245441130381;51.726670527101454
2024-09-25;1.42;1.42;1.42;1.42;55.725802044826324;52.13365337878263
2024-09-26;0.78;0.78;0.78;0.78;43.33395411694294;51.77874633739933
2024-09-27;1.07;1.07;1.07;1.07;48.88103509486868;51.37239841210106
2024-09-30;1.27;1.27;1.27;1.27;52.34569357184858;51.21352609230136
2024-10-01;1.08;1.08;1.08;1.08;48.951382576219856;50.954367851849746
2024-10-02;1.43;1.43;1.43;1.43;54.769722039063424;51.25274672141768
2024-10-03;1.21;1.21;1.21;1.21;50.84673005954679;51.05876330864042
2024-10-04;1.12;1.12;1.12;1.12;49.29129590313388;51.17451112712077
2024-10-07;1.08;1.08;1.08;1.08;48.58000327481036;51.332854803023814
2024-10-08;1.49;1.49;1.49;1.49;55.64524191210854;51.646181668770986
2024-10-09;1.27;1.27;1.27;1.27;51.55203139510259;50.862355545079765
2024-10-10;1.18;1.18;1.18;1.18;49.933819657676324;50.89378340382459
2024-10-11;1.13;1.13;1.13;1.13;49.013336161216664;50.78732158704795
2024-10-14;1.1;1.1;1.1;1.1;48.43639836134197;50.52188901205068
2024-10-15;0.93;0.93;0.93;0.93;45.190225879866055;49.76934785741066
2024-10-16;1.03;1.03;1.03;1.03;47.422440434507905;50.06138259437959
2024-10-17;0.9;0.9;0.9;0.9;44.86439767107745;49.77447992125163
2024-10-18;1.29;1.29;1.29;1.29;53.047027915069584;49.82457523148172
2024-10-21;1.19;1.19;1.19;1.19;50.95869756959955;49.96795487386597
2024-10-22;1.21;1.21;1.21;1.21;51.3710303754662;49.72519118360903
2024-10-23;0.81;0.81;0.81;0.81;43.494500563428886;49.20003193388633
2024-10-24;1.2;1.2;1.2;1.2;51.330009417728796;49.34565432778596
2024-10-25;1.27;1.27;1.27;1.27;52.60049120944472;49.6328320374027
2024-10-28;1.14;1.14;1.14;1.14;49.99058216144387;49.22892776949809
2024-10-29;1.22;1.22;1.22;1.22;51.58267249386997;49.23111641941004
2024-10-30;1.48;1.48;1.48;1.48;56.436725025687785;49.69560965998229
2024-10-31;0.91;0.91;0.91;0.91;45.63510484991648;49.45430742346084
2024-11-01;1.22;1.22;1.22;1.22;51.1150225770092;49.645637724579935
2024-11-04;1.27;1.27;1.27;1.27;51.956196611535965;50.12892134827064
2024-11-05;1.49;1.49;1.49;1.49;55.57816221104373;50.71147290373749
2024-11-06;1.36;1.36;1.36;1.36;53.03387767919342;51.295007190031484
2024-11-07;1.33;1.33;1.33;1.33;52.43730352747564;51.25145544806048
2024-11-08;1.26;1.26;1.26;1.26;50.995828346956465;51.254107646443124
2024-11-11;1.19;1.19;1.19;1.19;49.52955176269446;51.12257345981657
2024-11-12;1.27;1.27;1.27;1.27;51.254562687355445;51.67686361152561
2024-11-13;1.21;1.21;1.21;1.21;49.87764933205225;51.573123605405854
2024-11-14;1.15;1.15;1.15;1.15;48.47522764020113;51.27846192188846
2024-11-15;0.86;0.86;0.86;0.86;42.286444753990224;50.72816639278462
2024-11-18;1.16;1.16;1.16;1.16;49.472943133794736;50.57747143849354
2024-11-19;1.12;1.12;1.12;1.12;48.60391433190947;50.01798496036651
2024-11-20;1.06;1.06;1.06;1.06;47.26281198432589;50.13424975568147
2024-11-21;0.97;0.97;0.97;0.97;45.24608270526023;49.71503976484225
2024-11-22;1.12;1.12;1.12;1.12;49.14125871542261;49.513972772262726
2024-11-25;0.79;0.79;0.79;0.79;42.05332573458334;48.54791302394413
2024-11-26;1.24;1.24;1.24;1.24;52.181911209271284;48.487058276092554
2024-11-27;0.82;0.82;0.82;0.82;44.384154316463636;47.911833332448836
2024-11-29;1.33;1.33;1.33;1.33;53.47565448684103;48.08896377101202
2024-12-02;1.14;1.14;1.14;1.14;50.18431191015033;48.13573235297315
2024-12-03;1.12;1.12;1.12;1.12;49.83659451675621;48.03444891221607
2024-12-04;1.25;1.25;1.25;1.25;52.157056068593356;48.19726367911186
2024-12-05;1.19;1.19;1.19;1.19;50.984804811232294;48.37651919132837
2024-12-06;1.42;1.42;1.42;1.42;55.146455936252366;49.29509141863281
2024-12-09;1.08;1.08;1.08;1.08;48.5800376376095;49.23131245461957
2024-12-10;1.1;1.1;1.1;1.1;48.964996963198395;49.257104071140205
2024-12-11;1.5;1.5;1.5;1.5;56.05163839021858;49.884877385846835
2024-12-12;1.35;1.35;1.35;1.35;53.07531027687332;50.44410792667634
2024-12-13;1.12;1.12;1.12;1.12;48.796686611752435;50.41949563355704
2024-12-16;1.24;1.24;1.24;1.24;51.015439112361086;51.059646589112596
2024-12-17;1.31;1.31;1.31;1.31;52.31353682504708;51.06904841881086
2024-12-18;1.17;1.17;1.17;1.17;49.48885060214794;51.43366958207402
2024-12-19;1.16;1.16;1.16;1.16;49.284149564855;51.13427637336073
2024-12-20;1.13;1.13;1.13;1.13;48.63422845297803;51.023556126419855
2024-12-23;0.95;0.95;0.95;0.95;44.81550987995973;50.66490722379153
2024-12-24;0.79;0.79;0.79;0.79;41.682501487425796;49.91672475370813
2024-12-26;1.03;1.03;1.03;1.03;47.60002801600244;49.67495498262029
2024-12-27;0.82;0.82;0.82;0.82;43.445873936222746;48.83919912547531
2024-12-30;0.95;0.95;0.95;0.95;46.55535779855519;48.69457913697143
2024-12-31;0.87;0.87;0.87;0.87;44.91861046226565;48.40555152976195
2025-01-02;0.89;0.89;0.89;0.89;45.43508645316567;47.64722639140103
2025-01-03;1.09;1.09;1.09;1.09;50.43963000686794;47.458963514972076
2025-01-06;1.03;1.03;1.03;1.03;48.988030151297416;47.472630910653855
2025-01-07;0.99;0.99;0.99;0.99;47.99633872609677;47.25698088306354
2025-01-08;1.1;1.1;1.1;1.1;50.937722314856536;47.15870841804993
2025-01-10;1.15;1.15;1.15;1.15;52.25952456366115;47.356613701015156
2025-01-13;1.14;1.14;1.14;1.14;51.95802541009164;47.54760483281778
2025-01-14;0.76;0.76;0.76;0.76;42.033967183819456;47.076157599306455
2025-01-15;1.06;1.06;1.06;1.06;50.13202286934102;47.455908527119405
2025-01-16;0.91;0.91;0.91;0.91;46.62468368960864;47.80892154156104
2025-01-17;1.14;1.14;1.14;1.14;52.15237957954409;48.134089510385444
2025-01-21;1.09;1.09;1.09;1.09;50.9178525279428;48.667802266936874
2025-01-22;1.16;1.16;1.16;1.16;52.60920151297113;49.10021967510944
2025-01-23;0.98;0.98;0.98;0.98;48.026228475484416;49.32219239033936
2025-01-24;1.01;1.01;1.01;1.01;48.82636717073192;49.56442672730838
2025-01-27;1.09;1.09;1.09;1.09;50.993034660456004;49.603955631136095
2025-01-28;1.03;1.03;1.03;1.03;49.30687219081295;49.62673006253006
2025-01-29;0.94;0.94;0.94;0.94;46.80668575888014;49.54175485058602
2025-01-30;0.93;0.93;0.93;0.93;46.524400693627655;49.226517591926815
2025-01-31;1.27;1.27;1.27;1.27;56.19707788986505;49.50777140094137
2025-02-03;1.23;1.23;1.23;1.23;54.93806507364999;49.72063137690983
2025-02-04;1.18;1.18;1.18;1.18;53.3297157440835;50.52747055978584
2025-02-05;1.05;1.05;1.05;1.05;49.28937179781288;50.46728119753383
2025-02-06;0.97;0.97;0.97;0.97;46.932923093094495;50.48929829778282
2025-02-07;0.94;0.94;0.94;0.94;46.04394073033896;50.052981237125316
2025-02-10;1.38;1.38;1.38;1.38;58.469122554649694;50.59235766760437
2025-02-11;1.24;1.24;1.24;1.24;54.192857433116146;50.70547594761473
2025-02-12;1.29;1.29;1.29;1.29;55.446142906990694;51.23546983557946
2025-02-13;1.19;1.19;1.19;1.19;52.360569753703764;51.4879128772203
2025-02-14;1.05;1.05;1.05;1.05;48.307433608803365;51.296084230673685
2025-02-18;0.97;0.97;0.97;0.97;46.11090381764484;51.06780077544739
2025-02-19;1.09;1.09;1.09;1.09;49.79828178444669;51.281486205845
2025-02-20;0.97;0.97;0.97;0.97;46.3805547128701;51.271211492933745
2025-02-21;0.95;0.95;0.95;0.95;45.81617000916176;50.52971807288351
2025-02-24;1.09;1.09;1.09;1.09;50.36893865945957;50.20335190044135
2025-02-25;1.03;1.03;1.03;1.03;48.48852768326313;49.857552753239894
2025-02-26;0.94;0.94;0.94;0.94;45.73066021739285;49.60335906892418
2025-02-27;1.05;1.05;1.05;1.05;49.51047515455501;49.78746993045707
2025-02-28;1.12;1.12;1.12;1.12;51.810631072173706;50.19937638344527
2025-03-03;1.07;1.07;1.07;1.07;50.05645676797094;49.598471684396785
2025-03-04;1.03;1.03;1.03;1.03;48.637720262272595;49.20167617219368
2025-03-05;0.91;0.91;0.91;0.91;44.557630956728865;48.423925318603544
2025-03-06;0.86;0.86;0.86;0.86;42.94124692472011;47.75111654510471
2025-03-07;0.93;0.93;0.93;0.93;45.900153230427414;47.579167946649285
2025-03-10;0.79;0.79;0.79;0.79;41.28853746505736;47.23471320717875
2025-03-11;0.81;0.81;0.81;0.81;42.18222762919467;46.69070933894647
2025-03-12;1.01;1.01;1.01;1.01;50.325231066754775;46.97247193565251
2025-03-13;0.94;0.94;0.94;0.94;47.78836154072272;47.11334275933543
2025-03-14;1.23;1.23;1.23;1.23;57.37491058112821;47.61376932516891
2025-03-17;1.04;1.04;1.04;1.04;50.79451394723667;47.77848262973845
2025-03-18;0.76;0.76;0.76;0.76;42.9726341199545;47.58148076563571
2025-03-19;1.1;1.1;1.1;1.1;52.531482405729875;47.79726699786249
2025-03-20;1.06;1.06;1.06;1.06;51.43908354869704;47.77072788904273
2025-03-21;0.94;0.94;0.94;0.94;48.20075184846545;47.63817753764948
2025-03-24;1.18;1.18;1.18;1.18;54.38579705482138;48.048754451402964
2025-03-25;1.06;1.06;1.06;1.06;51.10032503924004;48.51608974301091
2025-03-26;0.86;0.86;0.86;0.86;46.10157448267035;48.74182742572164
2025-03-27;1.18;1.18;1.18;1.18;53.87601723736845;49.311531997646
2025-03-28;0.96;0.96;0.96;0.96;48.677506983255;49.839315534660116
2025-03-31;1.22;1.22;1.22;1.22;54.29085386724146;50.704217408806315
2025-04-01;1.03;1.03;1.03;1.03;49.98810730482663;50.68013714009716
2025-04-02;1.14;1.14;1.14;1.14;52.34299193597771;51.00546788261538
2025-04-03;1.23;1.23;1.23;1.23;54.241458806267836;50.78164989869678
2025-04-04;1.15;1.15;1.15;1.15;52.249013073315496;50.88554269341669
2025-04-07;1.05;1.05;1.05;1.05;49.78713266661672;51.37229258960685
2025-04-08;1.22;1.22;1.22;1.22;53.7746507557694;51.46109032889539
2025-04-09;1.08;1.08;1.08;1.08;50.23654199135517;51.37519450337096
2025-04-10;1.12;1.12;1.12;1.12;51.22399502008562;51.591140444200974
2025-04-11;1.02;1.02;1.02;1.02;48.626222491832095;51.17974226113031
2025-04-14;1.18;1.18;1.18;1.18;52.75470898114537;51.29791254269498
2025-04-15;1.17;1.17;1.17;1.17;52.4708958097446;51.75286406605743
2025-04-16;1.2;1.2;1.2;1.2;53.28289055120034;51.71049787418827
2025-04-17;1.06;1.06;1.06;1.06;49.069812985219464;51.73851973147145
2025-04-21;1.15;1.15;1.15;1.15;51.713075979772626;51.55439273950939
2025-04-22;1.15;1.15;1.15;1.15;51.713075979772626;51.677604787719815
2025-04-23;1.09;1.09;1.09;1.09;49.718011382176;51.49010617673399
2025-04-24;1.44;1.44;1.44;1.44;59.52698608872064;51.86764383976633
2025-04-25;1.09;1.09;1.09;1.09;49.19238472565059;51.649313243504544
2025-04-28;1.24;1.24;1.24;1.24;52.961514278448924;51.87605478720684
2025-04-29;1.22;1.22;1.22;1.22;52.403308432128796;51.77810176408965
2025-04-30;1.2;1.2;1.2;1.2;51.81517530523531;51.89086128650967
2025-05-01;1.08;1.08;1.08;1.08;48.31165390572069;51.68283692119788
2025-05-02;1.15;1.15;1.15;1.15;50.41773757054759;51.81080228396327
2025-05-05;1.3;1.3;1.3;1.3;54.67919811289373;51.94826579337387
2025-05-06;1.2;1.2;1.2;1.2;51.50127395597982;51.87900708953354
2025-05-07;1.07;1.07;1.07;1.07;47.626073232704044;51.47494870964094
2025-05-08;1.15;1.15;1.15;1.15;50.11371975791334;51.54951347911907
2025-05-09;1;1;1;1;45.7279924513643;51.122007512804196
2025-05-12;1.21;1.21;1.21;1.21;52.054262249620315;51.146377960650454
2025-05-13;1.3;1.3;1.3;1.3;54.50203819538987;51.4880941615943
2025-05-14;1.22;1.22;1.22;1.22;51.962560731584;50.947778064655964
2025-05-15;1.27;1.27;1.27;1.27;53.42327498954868;51.24998451207726
2025-05-16;1.21;1.21;1.21;1.21;51.40331629895633;51.138684656399214
2025-05-19;1.21;1.21;1.21;1.21;51.40331629895633;51.0672566468869
2025-05-20;1.04;1.04;1.04;1.04;45.72252046974158;50.6320670157802
2025-05-21;1.21;1.21;1.21;1.21;51.49531873141276;50.859471646186776
2025-05-22;1.03;1.03;1.03;1.03;45.92563945411769;50.53860749501322
2025-05-23;1.38;1.38;1.38;1.38;55.9111716704367;50.62660560626629
2025-05-27;1.23;1.23;1.23;1.23;51.520156883060224;50.62795438677203
2025-05-28;0.97;0.97;0.97;0.97;44.9329935538509;50.43559155256823
2025-05-29;0.97;0.97;0.97;0.97;44.932993553850906;50.06553968084949
2025-05-30;1.26;1.26;1.26;1.26;52.74809459949545;50.56697554857315
2025-06-02;1.23;1.23;1.23;1.23;51.92709099561189;50.557891887572545
2025-06-03;1.17;1.17;1.17;1.17;50.242763699945336;50.2536579950408
2025-06-04;1.17;1.17;1.17;1.17;50.242763699945336;50.13081534992375
2025-06-05;1.24;1.24;1.24;1.24;52.33471164738972;50.053060825483826
2025-06-06;1.26;1.26;1.26;1.26;52.94345094323795;50.163070442932515
2025-06-09;1.02;1.02;1.02;1.02;45.443375598364455;49.737360392890245
2025-06-10;1.07;1.07;1.07;1.07;47.12394282466929;49.837461989670786
2025-06-11;1.02;1.02;1.02;1.02;45.61086458113153;49.417143836079276
2025-06-12;1.23;1.23;1.23;1.23;52.508075523033575;49.88731784100183
2025-06-13;1.19;1.19;1.19;1.19;51.17682416147848;49.54915016179053
2025-06-16;1.37;1.37;1.37;1.37;56.51913700068574;49.90622017019235
2025-06-17;1.07;1.07;1.07;1.07;47.241088845858215;50.07108411962144
2025-06-18;1.07;1.07;1.07;1.07;47.241088845858215;50.235948069050536
2025-06-20;0.97;0.97;0.97;0.97;44.42200880834103;49.641227655396655
2025-06-23;1.48;1.48;1.48;1.48;58.14121504011036;50.08509365857511
2025-06-24;1.46;1.46;1.46;1.46;57.54135391422586;50.60642153102372
2025-06-25;1.13;1.13;1.13;1.13;48.626603683021095;50.490981529814846
2025-06-26;1.45;1.45;1.45;1.45;55.780797917287714;50.737130549093266
2025-06-27;1.2;1.2;1.2;1.2;49.93067971884972;50.52193260449411
2025-06-30;1;1;1;1;45.79302783628541;50.54690776434561
2025-07-01;1.01;1.01;1.01;1.01;46.033831308552884;50.46904265605158
2025-07-02;1.19;1.19;1.19;1.19;50.312529667378335;50.804875876497775
2025-07-03;1.11;1.11;1.11;1.11;48.47305977516483;50.51666046593572
2025-07-07;1.05;1.05;1.05;1.05;47.08271044167;50.22422377166368
2025-07-08;1.08;1.08;1.08;1.08;47.887568913801694;49.607683194029114
2025-07-09;0.87;0.87;0.87;0.87;42.96166683039944;49.30201019292492
2025-07-10;0.87;0.87;0.87;0.87;42.96166683039944;48.996337191820714
2025-07-11;1.2;1.2;1.2;1.2;51.96642244714851;49.535223880306965
2025-07-14;1.37;1.37;1.37;1.37;55.83460440454803;49.3704659777668
2025-07-15;1.02;1.02;1.02;1.02;47.37557952045327;48.64433923535447
2025-07-16;1.1;1.1;1.1;1.1;49.26752885538347;48.69011960480892
2025-07-17;1.41;1.41;1.41;1.41;55.88596455487041;48.6976315074934
2025-07-18;1.03;1.03;1.03;1.03;47.67544437666296;48.536543268765776
2025-07-21;1.48;1.48;1.48;1.48;55.932095301714725;49.2607623734393
2025-07-22;0.93;0.93;0.93;0.93;46.31296477402516;49.28070047811589
2025-07-23;1.03;1.03;1.03;1.03;48.0619352813611;49.11994373625752
2025-07-24;1.14;1.14;1.14;1.14;49.991820491994844;49.228426644602514
2025-07-25;1.25;1.25;1.25;1.25;51.91593780939187;49.573657170868366
2025-07-28;0.86;0.86;0.86;0.86;45.265978050552995;49.386400680636314
2025-07-29;1.14;1.14;1.14;1.14;50.198188113626294;49.903295058009654
2025-07-30;1.02;1.02;1.02;1.02;48.19379355995962;50.277018395835384
2025-07-31;1.13;1.13;1.13;1.13;50.158433541649465;50.14787633115689
2025-08-01;1.25;1.25;1.25;1.25;52.28429882883679;49.89428307574894
2025-08-04;1.33;1.33;1.33;1.33;53.70204755613956;50.34617364972653
2025-08-05;1.04;1.04;1.04;1.04;48.12042914974334;50.26423795646651
2025-08-06;1.21;1.21;1.21;1.21;51.314914088469294;49.93773435172358
2025-08-07;1.02;1.02;1.02;1.02;47.77422734611619;49.94479027811309
2025-08-08;1.32;1.32;1.32;1.32;53.25827219514125;49.753802913357845
2025-08-11;1.07;1.07;1.07;1.07;48.671624304318115;49.92227859409305
2025-08-12;1.28;1.28;1.28;1.28;52.38141005707543;50.23081250664408
2025-08-13;1.16;1.16;1.16;1.16;50.1508385924326;50.24217094238963
2025-08-14;1.32;1.32;1.32;1.32;53.02324190833276;50.321264092313974
2025-08-15;1.15;1.15;1.15;1.15;49.74351519769609;50.641088174252765
2025-08-18;1.02;1.02;1.02;1.02;47.332447231483634;50.43639239695686
2025-08-19;0.99;0.99;0.99;0.99;46.76907639670726;50.334626885295975
2025-08-20;1.14;1.14;1.14;1.14;49.975166616616804;50.32153639065079
2025-08-21;1.16;1.16;1.16;1.16;50.404091270770486;50.187235850788916
2025-08-22;1.13;1.13;1.13;1.13;49.71549749768643;49.90248227518513
2025-08-25;1.14;1.14;1.14;1.14;49.96089507063215;50.033944126677184
2025-08-26;1.12;1.12;1.12;1.12;49.44121043265692;49.90010815126201
2025-08-27;1.27;1.27;1.27;1.27;53.35968548378662;50.299069446809895
2025-08-28;1.23;1.23;1.23;1.23;52.197897595218166;50.22332840395825
2025-08-29;1.06;1.06;1.06;1.06;47.467639551083614;50.13732949301293
2025-09-02;1.15;1.15;1.15;1.15;50.0484666914691;49.97069068118391
2025-09-03;1.03;1.03;1.03;1.03;46.75053251178359;49.72781167542326
2025-09-04;1.35;1.35;1.35;1.35;55.22381541672814;49.8849954974515
2025-09-05;1.14;1.14;1.14;1.14;49.64125779382408;49.877691397174935
2025-09-08;1.16;1.16;1.16;1.16;50.15802792934313;50.07951858987918
2025-09-09;1.27;1.27;1.27;1.27;53.01390344360281;50.525577664657426
2025-09-10;1.19;1.19;1.19;1.19;50.736968834623525;50.57999210880077
2025-09-11;1.52;1.52;1.52;1.52;58.6301696455521;51.16756913557088
2025-09-12;1.62;1.62;1.62;1.62;60.68583232060915;51.951164480065366
2025-09-15;1.36;1.36;1.36;1.36;53.27376234481567;52.18779785679276
2025-09-16;1.17;1.17;1.17;1.17;48.60209290084254;52.127860890234594
2025-09-17;1.29;1.29;1.29;1.29;51.49514513228297;51.99467943655576
2025-09-18;1.4;1.4;1.4;1.4;54.04847480746833;52.12686352314506
2025-09-19;1.27;1.27;1.27;1.27;50.65474570107533;52.35451396243018
2025-09-22;1.64;1.64;1.64;1.64;58.61888693835772;52.96668683720794
2025-09-23;1.49;1.49;1.49;1.49;54.760255935133976;53.53880993887583
2025-09-24;1.28;1.28;1.28;1.28;49.81624534490332;53.15255493374548
2025-09-25;1.43;1.43;1.43;1.43;53.07516269459551;53.39783385522916
2025-09-26;1.2;1.2;1.2;1.2;47.934921734381646;53.23904055558905
2025-09-29;1.09;1.09;1.09;1.09;45.6574483371241;52.713579476554855
2025-09-30;1.37;1.37;1.37;1.37;51.91954654869718;52.798049313274404
2025-10-01;1.57;1.57;1.57;1.57;55.834442402465626;52.59835451019679
2025-10-02;1.13;1.13;1.13;1.13;46.805168359743554;51.60687851299212
2025-10-03;1.21;1.21;1.21;1.21;48.4378578479445;51.261456763215605
2025-10-06;1.6;1.6;1.6;1.6;55.59337785718768;51.7608342600974
2025-10-07;1.36;1.36;1.36;1.36;50.91113095101107;51.71911896143512
2025-10-08;1.61;1.61;1.61;1.61;55.14872626976387;51.79770835159909
2025-10-09;1.38;1.38;1.38;1.38;50.803590316203156;51.8083401098225
2025-10-10;1.3;1.3;1.3;1.3;49.34720179006057;51.14607688494414
2025-10-13;1.46;1.46;1.46;1.46;52.292850743190996;50.96983365694821
2025-10-14;1.29;1.29;1.29;1.29;49.03031095860812;50.913695486498554
2025-10-15;1.29;1.29;1.29;1.29;49.03031095860812;50.6247775053566
2025-10-16;1.24;1.24;1.24;1.24;48.008611660609176;50.63004107151571
2025-10-17;1.35;1.35;1.35;1.35;50.454679264186595;50.97270042344875
2025-10-20;1.64;1.64;1.64;1.64;56.292882422378796;51.28508155728315
2025-10-21;1.48;1.48;1.48;1.48;52.60949531958633;51.05472819422034
2025-10-22;1.11;1.11;1.11;1.11;45.23788173188673;50.94277914937343
2025-10-23;1.3;1.3;1.3;1.3;49.17612686301887;50.995512650450166
2025-10-24;1.38;1.38;1.38;1.38;50.78112759640412;50.65178048896563
2025-10-27;1.31;1.31;1.31;1.31;49.31366351230433;50.53767567191515
2025-10-28;1.24;1.24;1.24;1.24;47.825304944486646;50.014574148681056
2025-10-29;1.32;1.32;1.32;1.32;49.693992883846775;49.935317189227035
2025-10-30;1.34;1.34;1.34;1.34;50.17444893321927;49.99440627088122
2025-10-31;1.25;1.25;1.25;1.25;47.95490351342511;49.68455289732652
2025-11-03;1.32;1.32;1.32;1.32;49.81442228647107;49.740560849316736
2025-11-04;1.33;1.33;1.33;1.33;50.088772714167234;49.81616526042809
2025-11-05;1.23;1.23;1.23;1.23;47.303881863205454;49.7658274177564
2025-11-06;1.11;1.11;1.11;1.11;44.13288347883884;49.31427057594584
2025-11-07;1.08;1.08;1.08;1.08;43.35050288219649;48.38981489450425
2025-11-10;1.01;1.01;1.01;1.01;41.50173051061549;47.59640312243489
2025-11-11;0.93;0.93;0.93;0.93;39.4319957607705;47.181696981640876
2025-11-12;0.79;0.79;0.79;0.79;36.044275668385424;46.24370761059563
2025-11-13;1.11;1.11;1.11;1.11;47.20851771836823;45.98852119073592
2025-11-14;1.32;1.32;1.32;1.32;53.006080856122594;46.252265286722945
2025-11-17;1.11;1.11;1.11;1.11;47.40016970137691;46.22189848364367
2025-11-18;1.05;1.05;1.05;1.05;45.90631090559978;45.95134977091175
2025-11-19;1.02;1.02;1.02;1.02;45.14027601654656;45.591765991149416
2025-11-20;1.1;1.1;1.1;1.1;47.64900921792431;45.56991639861364
2025-11-21;1.18;1.18;1.18;1.18;50.10616358594249;45.590755062861604
2025-11-24;1.24;1.24;1.24;1.24;51.92855095331826;45.72216779422954
2025-11-25;1.31;1.31;1.31;1.31;54.03779172123116;46.20316135551708
2025-11-26;0.98;0.98;0.98;0.98;44.19325067164221;46.20747329786018
2025-11-28;1.01;1.01;1.01;1.01;45.171160770249536;46.33752028986397
2025-12-01;1.08;1.08;1.08;1.08;47.483591292344016;46.76479605998743
2025-12-02;1.01;1.01;1.01;1.01;45.420600923168664;47.192553571587304
2025-12-03;1.01;1.01;1.01;1.01;45.420600923168664;47.8622910897861
2025-12-04;0.91;0.91;0.91;0.91;42.370668052650245;47.51673039937767
2025-12-05;0.96;0.96;0.96;0.96;44.381659033182125;46.90070026916764
2025-12-08;0.78;0.78;0.78;0.78;39.09292327475932;46.307325524409244
2025-12-09;1.06;1.06;1.06;1.06;49.2283069130095;46.54461095350994
2025-12-10;0.97;0.97;0.97;0.97;46.54707725857625;46.645096756512054
2025-12-11;0.91;0.91;0.91;0.91;44.79543157230671;46.44126978182509
2025-12-12;0.86;0.86;0.86;0.86;43.332020864474664;45.95740244457739
2025-12-15;0.93;0.93;0.93;0.93;45.99214644679752;45.533373551254485
2025-12-16;0.98;0.98;0.98;0.98;47.87437491695827;45.09312949380642
2025-12-17;0.79;0.79;0.79;0.79;41.898732686129726;44.9292353519841
2025-12-18;1.29;1.29;1.29;1.29;57.08088427837375;45.77992988827868
2025-12-19;1.23;1.23;1.23;1.23;55.21630443959279;46.332266541653595
2025-12-22;0.95;0.95;0.95;0.95;47.429946095547976;46.47579119682354
2025-12-23;1.15;1.15;1.15;1.15;52.5743706341175;46.9867747476056
2025-12-24;0.97;0.97;0.97;0.97;48.0198145900942;47.39028521456589
2025-12-26;1.09;1.09;1.09;1.09;51.063490331740184;47.86755887874862
2025-12-29;1.12;1.12;1.12;1.12;51.822985704768406;48.77684905232069
2025-12-30;0.94;0.94;0.94;0.94;47.09968022875885;48.62480428915993
2025-12-31;0.88;0.88;0.88;0.88;45.607493287219924;48.55769114834876
2026-01-02;0.75;0.75;0.75;0.75;42.46810560190433;48.39145357903431
2026-01-05;1.12;1.12;1.12;1.12;52.49165822488974;49.04571339049253
2026-01-06;1.27;1.27;1.27;1.27;55.84994994549636;49.74984221182816
2026-01-07;1.15;1.15;1.15;1.15;52.64389311979998;50.0905220834597
2026-01-08;1.02;1.02;1.02;1.02;49.33951246506729;50.62200635338382
2026-01-09;1.22;1.22;1.22;1.22;54.11167875828276;50.40992024480589
2026-01-12;1.32;1.32;1.32;1.32;56.32688934212469;50.489247737843876
2026-01-13;0.92;0.92;0.92;0.92;46.63017562854448;50.43212127591505
2026-01-14;0.81;0.81;0.81;0.81;44.36815008779172;49.84596266546321
2026-01-15;1.08;1.08;1.08;1.08;50.690994032336505;50.03676119705194
2026-01-16;1;1;1;1;48.91697032719489;49.883438339584416
2026-01-20;1.07;1.07;1.07;1.07;50.547794036958216;49.79235322045513
2026-01-21;0.95;0.95;0.95;0.95;47.734405109266596;49.83769071191996
2026-01-22;1.19;1.19;1.19;1.19;53.32923820845409;50.389243920579545
2026-01-23;1.31;1.31;1.31;1.31;55.872744645928044;51.34671813800981
2026-01-26;1.34;1.34;1.34;1.34;56.51085170029128;51.63380338625279
2026-01-27;1.25;1.25;1.25;1.25;53.98856554171987;51.50084735741161
2026-01-28;1.14;1.14;1.14;1.14;50.99281041477687;51.382912878481385
2026-01-29;1.01;1.01;1.01;1.01;47.629145948716214;51.260743841599165
2026-01-30;1.08;1.08;1.08;1.08;49.55858194853488;50.93552264090289
2026-02-02;1.44;1.44;1.44;1.44;58.10676417494737;51.06265655753309
2026-02-03;0.92;0.92;0.92;0.92;45.98450585123084;51.016537287724965
2026-02-04;1.13;1.13;1.13;1.13;50.47772940253873;51.452935810206895
2026-02-05;1.13;1.13;1.13;1.13;50.47772940253874;51.437702622364206
2026-02-06;1.14;1.14;1.14;1.14;50.70419368713228;51.56536143378831
2026-02-09;1.12;1.12;1.12;1.12;50.20965408037949;51.541208579746964
2026-02-10;1.1;1.1;1.1;1.1;49.687749380963886;51.680733170582485
2026-02-11;1.06;1.06;1.06;1.06;48.59969108183494;51.342908375823974
2026-02-12;1.25;1.25;1.25;1.25;53.7773771891142;51.19323927176584
2026-02-13;1.23;1.23;1.23;1.23;53.170222235499885;50.954622881423596
2026-02-17;1.37;1.37;1.37;1.37;56.843305880866836;51.158532905648386
2026-02-18;1.4;1.4;1.4;1.4;57.61056880574704;51.631229933574836
2026-02-19;1.26;1.26;1.26;1.26;52.885340341729346;52.006672390218625
2026-02-20;1.34;1.34;1.34;1.34;55.14914033655805;52.40599798936314
2026-02-23;1.06;1.06;1.06;1.06;46.692763921655484;51.590712256985135
2026-02-24;1.27;1.27;1.27;1.27;52.5672491750589;52.060908208687145
2026-02-25;1.14;1.14;1.14;1.14;48.96959892570851;51.95318460319927
2026-02-26;1.23;1.23;1.23;1.23;51.44703949947996;52.02242103869508
2026-02-27;1.34;1.34;1.34;1.34;54.36328132193504;52.28378444118099