date;SPX_IWM_correlation_20d
2020-04-07;0.9136207716884457
2020-04-08;0.9169180404080639
2020-04-09;0.9398422728210325
2020-04-13;0.9425409011387199
2020-04-14;0.9482930024256455
2020-04-15;0.9479788129779702
2020-04-16;0.9468653944023946
2020-04-17;0.9485269662824167
2020-04-20;0.9414154827869655
2020-04-21;0.9187672983579097
2020-04-22;0.9159194907057476
2020-04-23;0.9187346985935586
2020-04-24;0.9344102179655555
2020-04-27;0.9412619557737002
2020-04-28;0.9341745854948122
2020-04-29;0.9343409651156955
2020-04-30;0.9351202699244016
2020-05-01;0.9266793638534319
2020-05-04;0.9039481783496081
2020-05-05;0.8907381231088692
2020-05-06;0.8725805188658369
2020-05-07;0.8692305978260488
2020-05-08;0.9042931238641696
2020-05-11;0.9224915027222971
2020-05-12;0.9249415287909051
2020-05-13;0.9179529205826992
2020-05-14;0.9156807444199634
2020-05-15;0.9465999785454707
2020-05-18;0.9527590481406392
2020-05-19;0.9483118526164578
2020-05-20;0.9457551397619085
2020-05-21;0.9409902465109665
2020-05-22;0.945181186120979
2020-05-26;0.9542024139396058
2020-05-27;0.9727065126035366
2020-05-28;0.9793969296935331
2020-05-29;0.9760985899752875
2020-06-01;0.9768784838499163
2020-06-02;0.9755342159851547
2020-06-03;0.9764948425540995
2020-06-04;0.9775368517741457
2020-06-05;0.9804571983476777
2020-06-08;0.9845094123687648
2020-06-09;0.9852520628013333
2020-06-10;0.979413133317995
2020-06-11;0.9747892449562203
2020-06-12;0.9723522339876589
2020-06-15;0.9680683464306575
2020-06-16;0.9667082781540538
2020-06-17;0.9594733802263871
2020-06-18;0.9521803445484016
2020-06-19;0.9417353041848232
2020-06-22;0.929613904139179
2020-06-23;0.9323955910335503
2020-06-24;0.9648500747886837
2020-06-25;0.9699688587603701
2020-06-26;0.9700812013743085
2020-06-29;0.9630225971680811
2020-06-30;0.9611852823505174
2020-07-01;0.9591926746082895
2020-07-02;0.9579355243722211
2020-07-06;0.9364116574057795
2020-07-07;0.902366438767213
2020-07-08;0.8637232349342977
2020-07-09;0.7576341490332207
2020-07-10;0.6319720893292387
2020-07-13;0.5012101487040213
2020-07-14;0.4952269735564006
2020-07-15;0.6484255612976585
2020-07-16;0.7023459497836341
2020-07-17;0.7444181228401748
2020-07-20;0.7736888367701261
2020-07-21;0.8115424911030996
2020-07-22;0.843376683367315
2020-07-23;0.8313826609598003
2020-07-24;0.8290128796122526
2020-07-27;0.7837157544568898
2020-07-28;0.8110201113978323
2020-07-29;0.8786047017150345
2020-07-30;0.9016573990860287
2020-07-31;0.9204087949494264
2020-08-03;0.925645028212337
2020-08-04;0.9273241580478927
2020-08-05;0.9380744336995761
2020-08-06;0.9353502917997156
2020-08-07;0.9441483020664814
2020-08-10;0.940155327478321
2020-08-11;0.9342467237959422
2020-08-12;0.9450416367966652
2020-08-13;0.9499668627299193
2020-08-14;0.9527636762766004
2020-08-17;0.9599069509702732
2020-08-18;0.9559751679346505
2020-08-19;0.9600833332996442
2020-08-20;0.9549859316510992
2020-08-21;0.9262463929583369
2020-08-24;0.8925503448764701
2020-08-25;0.8323857044374824
2020-08-26;0.7256751516826228
2020-08-27;0.5993335019304316
2020-08-28;0.47492478234858776
2020-08-31;0.27231267143994137
2020-09-01;0.10560792291966925
2020-09-02;0.18214320214663784
2020-09-03;-0.007623283623018014
2020-09-04;-0.015121760016721041
2020-09-08;0.27280524706073234
2020-09-09;0.34843128202324003
2020-09-10;0.4885929179015642
2020-09-11;0.5986502285474421
2020-09-14;0.6645562239060592
2020-09-15;0.7496028878242614
2020-09-16;0.7768338520316631
2020-09-17;0.8263461165742314
2020-09-18;0.836288303916163
2020-09-21;0.8725259263344008
2020-09-22;0.8924280749308947
2020-09-23;0.9147999651780654
2020-09-24;0.9204116893232384
2020-09-25;0.9182390874972376
2020-09-28;0.9097415847820056
2020-09-29;0.9069731609829913
2020-09-30;0.8895859599613526
2020-10-01;0.8627103468906494
2020-10-02;0.8533510463248551
2020-10-05;0.8776440015888769
2020-10-06;0.8392939332871341
2020-10-07;0.8716184175530147
2020-10-08;0.8961697364098454
2020-10-09;0.9226999300320461
2020-10-12;0.9365735404285418
2020-10-13;0.9495839826074133
2020-10-14;0.9523461660017353
2020-10-15;0.9561925579017725
2020-10-16;0.9639751858110809
2020-10-19;0.9588627475390231
2020-10-20;0.9563504476135972
2020-10-21;0.9475857882680312
2020-10-22;0.9298042739651454
2020-10-23;0.9110838378986242
2020-10-26;0.8898030362143666
2020-10-27;0.8615723340252875
2020-10-28;0.8823607594088104
2020-10-29;0.9300722558431501
2020-10-30;0.9618807448538731
2020-11-02;0.9736333406159997
2020-11-03;0.9583451574577556
2020-11-04;0.9579555526741182
2020-11-05;0.9593755578823338
2020-11-06;0.960896270643621
2020-11-09;0.9458396644700835
2020-11-10;0.9213266150768654
2020-11-11;0.9377580646784103
2020-11-12;0.9428891984418454
2020-11-13;0.9532707205036458
2020-11-16;0.9588181387714053
2020-11-17;0.9596635660279678
2020-11-18;0.9607683686663455
2020-11-19;0.9604525060148584
2020-11-20;0.9558124480216772
2020-11-23;0.9462760171976867
2020-11-24;0.9450483492888355
2020-11-25;0.9383040488824979
2020-11-27;0.9311649654602189
2020-11-30;0.9203316787998502
2020-12-01;0.9151161707542294
2020-12-02;0.9256877529427813
2020-12-03;0.9050307063425516
2020-12-04;0.9044521255826955
2020-12-07;0.902596235906242
2020-12-08;0.9131735415922803
2020-12-09;0.9042156241815263
2020-12-10;0.8900733507893739
2020-12-11;0.8536953212172672
2020-12-14;0.820268852775944
2020-12-15;0.8431724950215227
2020-12-16;0.8519467360234113
2020-12-17;0.8469145776173007
2020-12-18;0.8331724460854448
2020-12-21;0.7970307907204713
2020-12-22;0.7673096401110214
2020-12-23;0.7333279977222205
2020-12-24;0.722585269662847
2020-12-28;0.7253606177760742
2020-12-29;0.6426304177937853
2020-12-30;0.6180564171810458
2020-12-31;0.5808441302927999
2021-01-04;0.534249400079798
2021-01-05;0.5889399301609461
2021-01-06;0.6765885052297637
2021-01-07;0.8146352992401411
2021-01-08;0.8581938367040516
2021-01-11;0.872052698564869
2021-01-12;0.872308244868891
2021-01-13;0.873592082394878
2021-01-14;0.8636152337242654
2021-01-15;0.8421544336334523
2021-01-19;0.8477813176848426
2021-01-20;0.8606921110484245
2021-01-21;0.8572503802065023
2021-01-22;0.86891709889622
2021-01-25;0.8874471258300674
2021-01-26;0.8938700966654983
2021-01-27;0.8552245893048792
2021-01-28;0.8386061196291077
2021-01-29;0.7923862809540583
2021-02-01;0.800276849659816
2021-02-02;0.7480919927959893
2021-02-03;0.7285193650899658
2021-02-04;0.735613821349351
2021-02-05;0.7918191798888536
2021-02-08;0.8672972096823636
2021-02-09;0.8867714439247987
2021-02-10;0.8975154812928525
2021-02-11;0.9125848508436848
2021-02-12;0.9256993123911464
2021-02-16;0.9310057233098132
2021-02-17;0.9320652888342393
2021-02-18;0.9300799428336263
2021-02-19;0.942398127630354
2021-02-22;0.9386235930118041
2021-02-23;0.9442846279203032
2021-02-24;0.9557687214873134
2021-02-25;0.947482535323145
2021-02-26;0.9353139210499472
2021-03-01;0.898101170497842
2021-03-02;0.8555454469134794
2021-03-03;0.8302699811270636
2021-03-04;0.8760226669052725
2021-03-05;0.8931012857307625
2021-03-08;0.902550702390875
2021-03-09;0.9001139076184796
2021-03-10;0.8984916470917254
2021-03-11;0.8902478141307331
2021-03-12;0.8822772289385649
2021-03-15;0.8963426237272799
2021-03-16;0.9087420723941948
2021-03-17;0.9332393926147836
2021-03-18;0.9616053785745672
2021-03-19;0.9632467645000342
2021-03-22;0.9477614792163755
2021-03-23;0.8890135475092399
2021-03-24;0.8128592291141593
2021-03-25;0.7692965447605208
2021-03-26;0.6967442185158544
2021-03-29;0.5723471954030898
2021-03-30;0.524558670585991
2021-03-31;0.4902329627083192
2021-04-01;0.3541657814823762
2021-04-05;0.27076052852190113
2021-04-06;0.18200606535632505
2021-04-07;0.104602478996057
2021-04-08;0.10631257069169602
2021-04-09;0.1253717310207125
2021-04-12;0.16249980900944505
2021-04-13;0.19309165566064684
2021-04-14;0.2716344031050143
2021-04-15;0.41815299739216283
2021-04-16;0.5341196494126136
2021-04-19;0.675282150012873
2021-04-20;0.7102655236160733
2021-04-21;0.6862240793725272
2021-04-22;0.5756901389576037
2021-04-23;0.5254959983583273
2021-04-26;0.5731247193185274
2021-04-27;0.489109252282585
2021-04-28;0.4037284229233401
2021-04-29;0.4321670099133965
2021-04-30;0.5259037140882936
2021-05-03;0.6250828598157284
2021-05-04;0.7235297004510237
2021-05-05;0.7087668841554581
2021-05-06;0.6915656686540871
2021-05-07;0.6560937279701609
2021-05-10;0.5631914200040342
2021-05-11;0.564380768684824
2021-05-12;0.793656809115454
2021-05-13;0.8233966004025021
2021-05-14;0.8157484547714005
2021-05-17;0.8155145726498986
2021-05-18;0.8105526943029212
2021-05-19;0.8235097373290612
2021-05-20;0.8259230101655857
2021-05-21;0.8272039708213048
2021-05-24;0.8151909122563354
2021-05-25;0.8037069242937854
2021-05-26;0.851326682641656
2021-05-27;0.853181969538603
2021-05-28;0.8693282259045364
2021-06-01;0.8611497502890754
2021-06-02;0.8662868864117712
2021-06-03;0.8627475893783287
2021-06-04;0.8795284246725511
2021-06-07;0.888269193700759
2021-06-08;0.9044779743241546
2021-06-09;0.9032729186776125
2021-06-10;0.8823372841042345
2021-06-11;0.8749958096960281
2021-06-14;0.8828666992946466
2021-06-15;0.8837457872772314
2021-06-16;0.8795948288693543
2021-06-17;0.8689393954379253
2021-06-18;0.8478258794974858
2021-06-21;0.8075828253749292
2021-06-22;0.7822071886457629
2021-06-23;0.7732944208755569
2021-06-24;0.782516721237916
2021-06-25;0.7888078610441269
2021-06-28;0.7397462521732912
2021-06-29;0.6764056789465156
2021-06-30;0.620840696464818
2021-07-01;0.5847228830129171
2021-07-02;0.45588861851760676
2021-07-06;0.2566449008068455
2021-07-07;0.06476368093471487
2021-07-08;-0.02922830084234434
2021-07-09;-0.07829244168719755
2021-07-12;-0.09005067421642957
2021-07-13;-0.1758072780932395
2021-07-14;-0.27147588159369324
2021-07-15;-0.30607967244577244
2021-07-16;-0.29953969207875364
2021-07-19;-0.2571752778454406
2021-07-20;-0.25237968232234415
2021-07-21;-0.2403571086424813
2021-07-22;-0.23061991078794275
2021-07-23;-0.1840084137226714
2021-07-26;-0.11597209298729656
2021-07-27;-0.07686457371428089
2021-07-28;0.01749072643625434
2021-07-29;0.16309448172664026
2021-07-30;0.3310889638178851
2021-08-02;0.4101166811302049
2021-08-03;0.4825471870112085
2021-08-04;0.48459734027896567
2021-08-05;0.5613010766320149
2021-08-06;0.679391991625276
2021-08-09;0.7880164106429378
2021-08-10;0.8405890602476924
2021-08-11;0.8528653528077159
2021-08-12;0.8573327794139781
2021-08-13;0.8132640445040568
2021-08-16;0.4549008703864526
2021-08-17;0.19821736584877409
2021-08-18;0.3566995834861867
2021-08-19;0.3541308678957357
2021-08-20;0.2894104760861768
2021-08-23;0.2592623714845575
2021-08-24;0.2619204060759472
2021-08-25;0.3313784390427502
2021-08-26;0.36108761376669246
2021-08-27;0.5164547399377458
2021-08-30;0.6163206126563854
2021-08-31;0.676489554876815
2021-09-01;0.713148778958484
2021-09-02;0.7816176431548935
2021-09-03;0.8387396750578953
2021-09-07;0.8751209954817486
2021-09-08;0.9075982435318889
2021-09-09;0.9462473644710395
2021-09-10;0.9563098434830481
2021-09-13;0.9485933887369257
2021-09-14;0.9475684424326308
2021-09-15;0.9477630508029009
2021-09-16;0.9381238235877777
2021-09-17;0.8505871596124005
2021-09-20;0.8588337560415817
2021-09-21;0.9001008141194722
2021-09-22;0.9004916992357619
2021-09-23;0.8899992191393798
2021-09-24;0.9075756644327364
2021-09-27;0.842559599697271
2021-09-28;0.8036562764112763
2021-09-29;0.7834928746653055
2021-09-30;0.7712818216693332
2021-10-01;0.6998170721620927
2021-10-04;0.6276985789119232
2021-10-05;0.5586830020642886
2021-10-06;0.5411483992185492
2021-10-07;0.49802257666115873
2021-10-08;0.5152209888778411
2021-10-11;0.5127887111150407
2021-10-12;0.5609226899521758
2021-10-13;0.5877093978604963
2021-10-14;0.6851097721997802
2021-10-15;0.7391558961825028
2021-10-18;0.7941917345891952
2021-10-19;0.8569819260677666
2021-10-20;0.9040008529587108
2021-10-21;0.9210626695969047
2021-10-22;0.9390329467203348
2021-10-25;0.9587114942325662
2021-10-26;0.9596696936923317
2021-10-27;0.9160421052185609
2021-10-28;0.9134823310079949
2021-10-29;0.9179177309315054
2021-11-01;0.8922666418188134
2021-11-02;0.8870473019357397
2021-11-03;0.8695526762340511
2021-11-04;0.8815360830995019
2021-11-05;0.8814283019566125
2021-11-08;0.8786540242757556
2021-11-09;0.8868195253323133
2021-11-10;0.908306715596256
2021-11-11;0.9331271447652262
2021-11-12;0.945865953008996
2021-11-15;0.9527521549092434
2021-11-16;0.9487064878835113
2021-11-17;0.9348464860147878
2021-11-18;0.8971075496468601
2021-11-19;0.8362341074690447
2021-11-22;0.7895143710999041
2021-11-23;0.7044146757116088
2021-11-24;0.4770734804677344
2021-11-26;0.540730393931804
2021-11-29;0.44962689188255517
2021-11-30;0.6669229187191485
2021-12-01;0.8053709767701185
2021-12-02;0.8402196868012438
2021-12-03;0.8692300789642534
2021-12-06;0.8727473583853977
2021-12-07;0.829332813559009
2021-12-08;0.7952579659510707
2021-12-09;0.7873129413516399
2021-12-10;0.7485535638963214
2021-12-13;0.7172301382195285
2021-12-14;0.714622424804935
2021-12-15;0.6450084888461698
2021-12-16;0.5949854122979759
2021-12-17;0.5744976526761306
2021-12-20;0.5837577033766619
2021-12-21;0.571332437897028
2021-12-22;0.5540812221504791
2021-12-23;0.5625064358484312
2021-12-27;0.6907949776264812
2021-12-28;0.7298458343650687
2021-12-29;0.7654100160421068
2021-12-30;0.7468110850798226
2021-12-31;0.7873095023455999
2022-01-03;0.7921223392316765
2022-01-04;0.8372022091628694
2022-01-05;0.8678241859391295
2022-01-06;0.9194053092194204
2022-01-07;0.9337802684207015
2022-01-10;0.9329162221887823
2022-01-11;0.9275713673953868
2022-01-12;0.8967005637246447
2022-01-13;0.9008526793931179
2022-01-14;0.9102961190919339
2022-01-18;0.9263548823494339
2022-01-19;0.9517952557104213
2022-01-20;0.9790542649597103
2022-01-21;0.9881858102188142
2022-01-24;0.9857982485309087
2022-01-25;0.9824918556076983
2022-01-26;0.9844215389120351
2022-01-27;0.9856380837089896
2022-01-28;0.9812635202856063
2022-01-31;0.9770180339459986
2022-02-01;0.9715726460944845
2022-02-02;0.9479007373774161
2022-02-03;0.9404921761645857
2022-02-04;0.9314876001512798
2022-02-07;0.9258274771088593
2022-02-08;0.9194762065823758
2022-02-09;0.9060917796399385
2022-02-10;0.8771668315410002
2022-02-11;0.8381852202951424
2022-02-14;0.7691229418510537
2022-02-15;0.6979265102306014
2022-02-16;0.6489746605497394
2022-02-17;0.6201913458685353
2022-02-18;0.5953224465845489
2022-02-22;0.6337058612888454
2022-02-23;0.7028785577257866
2022-02-24;0.6809315852250128
2022-02-25;0.6298660987707158
2022-02-28;0.6253019495197333
2022-03-01;0.6349191671008847
2022-03-02;0.5893721896975761
2022-03-03;0.624792355542928
2022-03-04;0.7070913533793024
2022-03-07;0.8353609254485999
2022-03-08;0.8982332446042529
2022-03-09;0.9028488732737787
2022-03-10;0.8817890005595044
2022-03-11;0.8946699720776607
2022-03-14;0.9168113927265114
2022-03-15;0.9255669290932251
2022-03-16;0.9138118133225892
2022-03-17;0.9035505037082942
2022-03-18;0.924789415618658
2022-03-21;0.9360713817010816
2022-03-22;0.9515790694652416
2022-03-23;0.9537431778629941
2022-03-24;0.9521522852353617
2022-03-25;0.9494835442746907
2022-03-28;0.9454094845935982
2022-03-29;0.9550267004591212
2022-03-30;0.9568699912473616
2022-03-31;0.9560088571290601
2022-04-01;0.9587020407577046
2022-04-04;0.9580240760225155
2022-04-05;0.9366676530437831
2022-04-06;0.9147814201294944
2022-04-07;0.8847041523051292
2022-04-08;0.8281904397182452
2022-04-11;0.7420417253642595
2022-04-12;0.6940012318265055
2022-04-13;0.7260174177791437
2022-04-14;0.8005761636352401
2022-04-18;0.8618491441848364
2022-04-19;0.8857780410402415
2022-04-20;0.8951636975027616
2022-04-21;0.9142519596915653
2022-04-22;0.9302050640345209
2022-04-25;0.9358631985038287
2022-04-26;0.9503317792893212
2022-04-27;0.9576079016223676
2022-04-28;0.9537353165255613
2022-04-29;0.961773451819451
2022-05-02;0.9677776467656984
2022-05-03;0.966784718339397
2022-05-04;0.9630841674159835
2022-05-05;0.965818399496562
2022-05-06;0.9708550989426128
2022-05-09;0.9856079963611806
2022-05-10;0.9892936270637217
2022-05-11;0.9906714210622879
2022-05-12;0.9914962601668279
2022-05-13;0.9913159844685376
2022-05-16;0.9914035017022901
2022-05-17;0.9900083630346189
2022-05-18;0.9812073618177045
2022-05-19;0.9668024110937976
2022-05-20;0.9578005804850445
2022-05-23;0.9495007084591475
2022-05-24;0.9491947538476786
2022-05-25;0.9442030523283471
2022-05-26;0.9351545264390194
2022-05-27;0.9367829344765797
2022-05-31;0.9352833373351311
2022-06-01;0.9302617205194831
2022-06-02;0.9112798169913318
2022-06-03;0.9042304263579263
2022-06-06;0.9133292322478831
2022-06-07;0.9261988827727967
2022-06-08;0.9366616424319184
2022-06-09;0.9350578646655223
2022-06-10;0.9195308999966934
2022-06-13;0.9431872363032586
2022-06-14;0.9636102688738248
2022-06-15;0.9705701251898803
2022-06-16;0.9773431892886417
2022-06-17;0.9808939897063814
2022-06-21;0.9816395490176575
2022-06-22;0.9832708966314075
2022-06-23;0.9860677018751428
2022-06-24;0.9861663972241838
2022-06-27;0.9865429145692053
2022-06-28;0.9864306439128016
2022-06-29;0.987800278660957
2022-06-30;0.9893477562148256
2022-07-01;0.9894223247052686
2022-07-05;0.9881478474862249
2022-07-06;0.9840282815510961
2022-07-07;0.9760632128829061
2022-07-08;0.9623046157396874
2022-07-11;0.9437925859599163
2022-07-12;0.9553767315719432
2022-07-13;0.9629842164262853
2022-07-14;0.9709117546927444
2022-07-15;0.9806336534279972
2022-07-18;0.9714893425602605
2022-07-19;0.9683011145944385
2022-07-20;0.9639183368705726
2022-07-21;0.9709086034403276
2022-07-22;0.9724341620646119
2022-07-25;0.980483606753946
2022-07-26;0.9774064356709898
2022-07-27;0.9821412071183228
2022-07-28;0.9849288345598631
2022-07-29;0.9819149147312479
2022-08-01;0.9830411998360311
2022-08-02;0.9845889997897018
2022-08-03;0.9875399620434462
2022-08-04;0.9889229233433953
2022-08-05;0.9893977187662112
2022-08-08;0.986243220183124
2022-08-09;0.9846842819865894
2022-08-10;0.9834644433703085
2022-08-11;0.9790614147768822
2022-08-12;0.9793229826058955
2022-08-15;0.9779959956151233
2022-08-16;0.9793238207346706
2022-08-17;0.9803528319346377
2022-08-18;0.9806600217087671
2022-08-19;0.9770148993914487
2022-08-22;0.9729542071855821
2022-08-23;0.9692517497771288
2022-08-24;0.9589434562651216
2022-08-25;0.952119790365573
2022-08-26;0.9461348888060455
2022-08-29;0.9507489814657984
2022-08-30;0.9584945865222974
2022-08-31;0.9724547099650188
2022-09-01;0.9835337380145596
2022-09-02;0.9876757715286019
2022-09-06;0.9892377770533861
2022-09-07;0.9896773713346911
2022-09-08;0.9894825685393835
2022-09-09;0.9895212964026997
2022-09-12;0.988951312247973
2022-09-13;0.9873864980979512
2022-09-14;0.9845945200240902
2022-09-15;0.9798319384126722
2022-09-16;0.9756159978960223
2022-09-19;0.9735645521006742
2022-09-20;0.9751989782918696
2022-09-21;0.9760996241127089
2022-09-22;0.9768483784679974
2022-09-23;0.9753867736592828
2022-09-26;0.9802268490148851
2022-09-27;0.983598979294877
2022-09-28;0.9838372863971151
2022-09-29;0.9855362021505459
2022-09-30;0.9853537231585152
2022-10-03;0.9845994672393478
2022-10-04;0.9827921243658134
2022-10-05;0.9823732552679569
2022-10-06;0.9800294618702449
2022-10-07;0.9752271744824152
2022-10-10;0.9639919335615218
2022-10-11;0.949860572957799
2022-10-12;0.9311155161170057
2022-10-13;0.9089609512558465
2022-10-14;0.8932132752207298
2022-10-17;0.8444945466330205
2022-10-18;0.7997571359759493
2022-10-19;0.7764823300420689
2022-10-20;0.7931333888589606
2022-10-21;0.8367418383364699
2022-10-24;0.8758447124057741
2022-10-25;0.9295092832165758
2022-10-26;0.9446683583710598
2022-10-27;0.9499022668521135
2022-10-28;0.955332717116293
2022-10-31;0.9556746107331207
2022-11-01;0.9510745010857814
2022-11-02;0.9512919865455062
2022-11-03;0.9460223815205003
2022-11-04;0.9404660430485888
2022-11-07;0.9360269965878097
2022-11-08;0.9306634529800455
2022-11-09;0.9189884469127128
2022-11-10;0.9273949218023582
2022-11-11;0.922940904101713
2022-11-14;0.9233170336904587
2022-11-15;0.931746217790567
2022-11-16;0.9242393109746974
2022-11-17;0.9000566868342654
2022-11-18;0.8973160497399238
2022-11-21;0.9203119361242389
2022-11-22;0.9311256477739279
2022-11-23;0.9267320365939404
2022-11-25;0.9240731736129497
2022-11-28;0.9103325371367236
2022-11-29;0.9135737850202179
2022-11-30;0.9395172667887558
2022-12-01;0.9359893230603242
2022-12-02;0.9279493145626002
2022-12-05;0.9114261856160466
2022-12-06;0.8937446879153
2022-12-07;0.8780964283668338
2022-12-08;0.7603303977082062
2022-12-09;0.8040032903707194
2022-12-12;0.7969766818249922
2022-12-13;0.7994592734584898
2022-12-14;0.8321878330438506
2022-12-15;0.889530915358176
2022-12-16;0.9272481328484994
2022-12-19;0.9569958365311225
2022-12-20;0.9721168540076858
2022-12-21;0.9755577567353583
2022-12-22;0.9762378131684046
2022-12-23;0.9780450450750917
2022-12-27;0.9805620161282881
2022-12-28;0.9864997129252513
2022-12-29;0.9840759600795698
2022-12-30;0.980450919497143
2023-01-03;0.9843257403808293
2023-01-04;0.981122496794629
2023-01-05;0.9793281432906207
2023-01-06;0.9756906932023832
2023-01-09;0.9666090203847787
2023-01-10;0.9447063976837268
2023-01-11;0.941458951970121
2023-01-12;0.9417323658825574
2023-01-13;0.9765739814965637
2023-01-17;0.987477943650672
2023-01-18;0.9825119010104346
2023-01-19;0.9739557977787988
2023-01-20;0.9750346738598142
2023-01-23;0.9794403056466287
2023-01-24;0.9793142238160484
2023-01-25;0.9804711532599957
2023-01-26;0.9775490764284385
2023-01-27;0.9739384616354662
2023-01-30;0.9733019300231359
2023-01-31;0.9740438514167777
2023-02-01;0.9749576160124209
2023-02-02;0.9790760385990941
2023-02-03;0.9747658309989174
2023-02-06;0.9758478547765543
2023-02-07;0.9750257387747626
2023-02-08;0.9722709040973878
2023-02-09;0.9721599335718537
2023-02-10;0.9674388309654711
2023-02-13;0.9628175217748954
2023-02-14;0.9587985712499176
2023-02-15;0.957228858858028
2023-02-16;0.9473376020014334
2023-02-17;0.9257192883073547
2023-02-21;0.920242897479078
2023-02-22;0.9085070941692298
2023-02-23;0.8953002266093388
2023-02-24;0.9037417810528214
2023-02-27;0.9114209597486821
2023-02-28;0.9139239763642842
2023-03-01;0.91004522548111
2023-03-02;0.9098941924784842
2023-03-03;0.9005475549326747
2023-03-06;0.9055961239239755
2023-03-07;0.9058428437379424
2023-03-08;0.8858329768425157
2023-03-09;0.8748396409143189
2023-03-10;0.8910629633283403
2023-03-13;0.8997357771976122
2023-03-14;0.8946530447938911
2023-03-15;0.9024671906438891
2023-03-16;0.8750351864842988
2023-03-17;0.8537848367217712
2023-03-20;0.805998580129423
2023-03-21;0.7344944029023669
2023-03-22;0.7159195636968092
2023-03-23;0.670612416647351
2023-03-24;0.6334176440132955
2023-03-27;0.5983384708399835
2023-03-28;0.5843249227663595
2023-03-29;0.5720993981026542
2023-03-30;0.5189963158960977
2023-03-31;0.41184651096006797
2023-04-03;0.33891274954892275
2023-04-04;0.34460119174864917
2023-04-05;0.3759564644822591
2023-04-06;0.5319305993877645
2023-04-10;0.6427842237430087
2023-04-11;0.6734423465235102
2023-04-12;0.7597880529405822
2023-04-13;0.8019101007488867
2023-04-14;0.8446667372451858
2023-04-17;0.8361031676879078
2023-04-18;0.8418193829705454
2023-04-19;0.8823901913495076
2023-04-20;0.8616175956872437
2023-04-21;0.8235840623818032
2023-04-24;0.7746921426813324
2023-04-25;0.7330210911012438
2023-04-26;0.74190120293156
2023-04-27;0.7335331933936513
2023-04-28;0.6741740289586952
2023-05-01;0.6500986977871912
2023-05-02;0.6230953754969939
2023-05-03;0.6530267790418226
2023-05-04;0.7055813802181823
2023-05-05;0.6873200593554735
2023-05-08;0.6751799978636239
2023-05-09;0.704784556737109
2023-05-10;0.733199844872536
2023-05-11;0.7162318095753829
2023-05-12;0.7056460024438026
2023-05-15;0.7005667159390722
2023-05-16;0.6859009292130197
2023-05-17;0.6876268951936424
2023-05-18;0.7668924137548652
2023-05-19;0.8327853770176447
2023-05-22;0.9043292590385354
2023-05-23;0.8878841886299665
2023-05-24;0.846392214104143
2023-05-25;0.841968551660984
2023-05-26;0.8346071356915818
2023-05-30;0.8113358453587182
2023-05-31;0.7758794210811287
2023-06-01;0.7321083763298266
2023-06-02;0.7868326894222025
2023-06-05;0.8204674964889223
2023-06-06;0.849681330847953
2023-06-07;0.8229376485440387
2023-06-08;0.8481835041628176
2023-06-09;0.8608107703247239
2023-06-12;0.8703053798518857
2023-06-13;0.8892699989604426
2023-06-14;0.8808564428849207
2023-06-15;0.8798132039633071
2023-06-16;0.8750765535457367
2023-06-20;0.8698797420053049
2023-06-21;0.8681865388177783
2023-06-22;0.8570235542143287
2023-06-23;0.8285089651529481
2023-06-26;0.7842520632792073
2023-06-27;0.7449529337634861
2023-06-28;0.6924754733334306
2023-06-29;0.5630669556751585
2023-06-30;0.4229034628175398
2023-07-03;0.42915061027671414
2023-07-05;0.2969482631984897
2023-07-06;0.20273689219080485
2023-07-07;0.3625603253393398
2023-07-10;0.5099506404133689
2023-07-11;0.630654965462295
2023-07-12;0.7590975015216977
2023-07-13;0.8782054065277095
2023-07-14;0.9070225751061757
2023-07-17;0.9247160911553985
2023-07-18;0.9421384115738904
2023-07-19;0.9536334552861011
2023-07-20;0.9612953919308037
2023-07-21;0.9623087912981816
2023-07-24;0.959557367194327
2023-07-25;0.9513161812254732
2023-07-26;0.9496915769551433
2023-07-27;0.9447317483203996
2023-07-28;0.9472571384080959
2023-07-31;0.9508144392907476
2023-08-01;0.9522407788287018
2023-08-02;0.9485766253972675
2023-08-03;0.9506202238240868
2023-08-04;0.9178834585010068
2023-08-07;0.8771789619803196
2023-08-08;0.8349020011044443
2023-08-09;0.8396117586329094
2023-08-10;0.862953637019739
2023-08-11;0.8938160686526737
2023-08-14;0.889071650946466
2023-08-15;0.9080343582411559
2023-08-16;0.9280461815511014
2023-08-17;0.9483411655085726
2023-08-18;0.9583152838336633
2023-08-21;0.9604484749435439
2023-08-22;0.9679965555618029
2023-08-23;0.9613703951536183
2023-08-24;0.9662933248714064
2023-08-25;0.9684123318789403
2023-08-28;0.9584579379801954
2023-08-29;0.9184553979574764
2023-08-30;0.8725989508506417
2023-08-31;0.8402532630569759
2023-09-01;0.8651503177932915
2023-09-05;0.8184362559675648
2023-09-06;0.8014265691347235
2023-09-07;0.7997174901813964
2023-09-08;0.7780318415105206
2023-09-11;0.7543992473294339
2023-09-12;0.7278038533741906
2023-09-13;0.6985970179160275
2023-09-14;0.697006465733723
2023-09-15;0.6735552983884191
2023-09-18;0.6770101782024855
2023-09-19;0.6717922159271159
2023-09-20;0.7312617225415928
2023-09-21;0.8336651732685006
2023-09-22;0.8989638784128453
2023-09-25;0.9274453172425731
2023-09-26;0.9473948641637117
2023-09-27;0.9435291508719249
2023-09-28;0.9366685061196539
2023-09-29;0.9349567121685501
2023-10-02;0.9556735796983711
2023-10-03;0.9608135514525102
2023-10-04;0.9611161914643044
2023-10-05;0.9607118657670485
2023-10-06;0.9527128918102473
2023-10-09;0.9389722795110091
2023-10-10;0.9287573371283491
2023-10-11;0.9081117970355693
2023-10-12;0.8200155480093267
2023-10-13;0.7205469418898861
2023-10-16;0.577595338779314
2023-10-17;0.4140539905282999
2023-10-18;0.2660055135933695
2023-10-19;0.3070733791308894
2023-10-20;0.45825963932461994
2023-10-23;0.5501642769116643
2023-10-24;0.6067344540332502
2023-10-25;0.7314587422153671
2023-10-26;0.814812526090222
2023-10-27;0.8935704077223177
2023-10-30;0.9175165211120063
2023-10-31;0.9405269807730173
2023-11-01;0.9436465433820738
2023-11-02;0.9514333453846578
2023-11-03;0.9577006969396511
2023-11-06;0.958456190878833
2023-11-07;0.9609581059215446
2023-11-08;0.9447410896395882
2023-11-09;0.912944733889511
2023-11-10;0.8749095814116351
2023-11-13;0.8437100195709929
2023-11-14;0.8832587828485661
2023-11-15;0.9081038744353459
2023-11-16;0.9191033554698299
2023-11-17;0.9284866287666975
2023-11-20;0.9353676309333429
2023-11-21;0.9375698147090594
2023-11-22;0.937171953428818
2023-11-24;0.9399521066958403
2023-11-27;0.9338574709158006
2023-11-28;0.9215532879428876
2023-11-29;0.9089611887745274
2023-11-30;0.8909553805359368
2023-12-01;0.8890491179706336
2023-12-04;0.9005007092451651
2023-12-05;0.9093106478869399
2023-12-06;0.9051588489691853
2023-12-07;0.8984859810364886
2023-12-08;0.8839487860335683
2023-12-11;0.8621178717403932
2023-12-12;0.8039845468610824
2023-12-13;0.8756229488052882
2023-12-14;0.9234666552496075
2023-12-15;0.9355631895432553
2023-12-18;0.9445133516347648
2023-12-19;0.954727688870472
2023-12-20;0.9541902784778978
2023-12-21;0.9601802621746308
2023-12-22;0.9634174190359989
2023-12-26;0.9654426513513816
2023-12-27;0.9687211929365439
2023-12-28;0.9694498746910395
2023-12-29;0.9715287084454464
2024-01-02;0.9704873087440522
2024-01-03;0.9720806115631841
2024-01-04;0.9688489490320833
2024-01-05;0.9696239523573188
2024-01-08;0.9505135919962657
2024-01-09;0.9159986565238688
2024-01-10;0.813157306987432
2024-01-11;0.6038368023828977
2024-01-12;0.4518018235770535
2024-01-16;0.38223494624754073
2024-01-17;0.3810897777866596
2024-01-18;0.2892385055430187
2024-01-19;0.12553875675638718
2024-01-22;0.1161631702297001
2024-01-23;0.11058179767342759
2024-01-24;0.088313566846169
2024-01-25;0.1013138833429482
2024-01-26;0.135616136021946
2024-01-29;0.31763097968464127
2024-01-30;0.4633714122607025
2024-01-31;0.5819960528759803
2024-02-01;0.6105056313178543
2024-02-02;0.5880220860337287
2024-02-05;0.47588825392595185
2024-02-06;0.5182999145764817
2024-02-07;0.48313785723067654
2024-02-08;0.5487412794133634
2024-02-09;0.6307753463273817
2024-02-12;0.6853949260047529
2024-02-13;0.6371166691389594
2024-02-14;0.5738972754250131
2024-02-15;0.5662110614309852
2024-02-16;0.5579455956301785
2024-02-20;0.5964612960737636
2024-02-21;0.6156066786548485
2024-02-22;0.59069253159409
2024-02-23;0.598672049318641
2024-02-26;0.6282522658471319
2024-02-27;0.7113745700706384
2024-02-28;0.7485878115477981
2024-02-29;0.7567401106417565
2024-03-01;0.8007965219830572
2024-03-04;0.8109117526048384
2024-03-05;0.786716724711065
2024-03-06;0.7689579157159997
2024-03-07;0.8109316584769432
2024-03-08;0.8177261894442657
2024-03-11;0.8215401227585891
2024-03-12;0.8286307765506893
2024-03-13;0.7898031032031273
2024-03-14;0.7114575379570532
2024-03-15;0.7534924456670673
2024-03-18;0.7057503445824689
2024-03-19;0.5708269787018547
2024-03-20;0.4366716867142677
2024-03-21;0.5310767340841144
2024-03-22;0.5022847041913165
2024-03-25;0.45965611372131615
2024-03-26;0.46714269322168156
2024-03-27;0.5204828215282591
2024-03-28;0.5904010508556424
2024-04-01;0.6355144260306237
2024-04-02;0.6359411822677663
2024-04-03;0.6336016031965244
2024-04-04;0.6761037999929495
2024-04-05;0.6997108076522426
2024-04-08;0.7917381698173308
2024-04-09;0.8575029509802514
2024-04-10;0.8628910218694195
2024-04-11;0.8650844023533556
2024-04-12;0.8823335006156573
2024-04-15;0.9344588918811096
2024-04-16;0.9493672717212281
2024-04-17;0.9663727765617233
2024-04-18;0.9734687192013474
2024-04-19;0.9678260842004119
2024-04-22;0.969599042821374
2024-04-23;0.9680538156662352
2024-04-24;0.9678614153335194
2024-04-25;0.9669127841485607
2024-04-26;0.9656181442412158
2024-04-29;0.9613185481132939
2024-04-30;0.9592478871814948
2024-05-01;0.9499050878320414
2024-05-02;0.9412822708187975
2024-05-03;0.9318849046970894
2024-05-06;0.9277654342240274
2024-05-07;0.9232079575842248
2024-05-08;0.9332731043606798
2024-05-09;0.9506429598895201
2024-05-10;0.9564547400707472
2024-05-13;0.9609997550701654
2024-05-14;0.9684724174167245
2024-05-15;0.9780785298419389
2024-05-16;0.9828938407439057
2024-05-17;0.9804199473483205
2024-05-20;0.9795112794233531
2024-05-21;0.978146034080543
2024-05-22;0.9716618401172427
2024-05-23;0.9485348868437472
2024-05-24;0.9360557349176339
2024-05-28;0.9189955614499249
2024-05-29;0.8570059263769358
2024-05-30;0.7713295839977605
2024-05-31;0.6741338160238771
2024-06-03;0.5689714545003285
2024-06-04;0.46208350020164035
2024-06-05;0.4094312633701748
2024-06-06;0.23856836845043441
2024-06-07;0.09632467004258556
2024-06-10;-0.07020314761916986
2024-06-11;-0.23740478961516165
2024-06-12;-0.19104744215576164
2024-06-13;-0.26789241074900605
2024-06-14;-0.3945044583455294
2024-06-17;-0.45672855616162394
2024-06-18;-0.502655328797247
2024-06-20;-0.5902610021407128
2024-06-21;-0.6175283277483983
2024-06-24;-0.6318090218132906
2024-06-25;-0.6292232863376549
2024-06-26;-0.6296540215361827
2024-06-27;-0.6398103201814492
2024-06-28;-0.568646126959813
2024-07-01;-0.4550611858129545
2024-07-02;-0.28121445118770544
2024-07-03;-0.26851735604817784
2024-07-05;-0.1131729058469241
2024-07-08;0.13325634667476932
2024-07-09;0.10348732769538072
2024-07-10;0.3194145609107296
2024-07-11;0.43307990227240983
2024-07-12;0.624145327203164
2024-07-15;0.7076990132365447
2024-07-16;0.7602603024108596
2024-07-17;0.7289367702271161
2024-07-18;0.6865726219475383
2024-07-19;0.6082360923156137
2024-07-22;0.5771064600527944
2024-07-23;0.5273311544827487
2024-07-24;0.3419555652900166
2024-07-25;0.12903696480729104
2024-07-26;-0.007837996470242803
2024-07-29;-0.13122308072492478
2024-07-30;-0.27241218498818803
2024-07-31;-0.3310973313444841
2024-08-01;-0.35271951396721823
2024-08-02;-0.18335961383237556
2024-08-05;0.19689939685184066
2024-08-06;0.43043203943397707
2024-08-07;0.7056295762677062
2024-08-08;0.7842463410090721
2024-08-09;0.846912414906841
2024-08-12;0.8769430597045786
2024-08-13;0.8525102580108485
2024-08-14;0.8048162027528588
2024-08-15;0.7640483767807817
2024-08-16;0.7243883434165987
2024-08-19;0.6788160517893386
2024-08-20;0.6108632260547601
2024-08-21;0.6084922398821826
2024-08-22;0.6369275542918051
2024-08-23;0.7077686000147366
2024-08-26;0.7617122402506503
2024-08-27;0.8438307206866436
2024-08-28;0.9036470033515526
2024-08-29;0.9286317831255841
2024-08-30;0.9347014756237204
2024-09-03;0.9271372560776454
2024-09-04;0.9238619050163607
2024-09-05;0.9107110608417943
2024-09-06;0.9218187392884076
2024-09-09;0.9238372214784295
2024-09-10;0.909339820453531
2024-09-11;0.872970089883717
2024-09-12;0.8217303200937138
2024-09-13;0.8240847628627681
2024-09-16;0.8297223969985654
2024-09-17;0.8413476162871181
2024-09-18;0.8616283914469969
2024-09-19;0.8932085659797695
2024-09-20;0.9009966892902854
2024-09-23;0.898260642323629
2024-09-24;0.9057347179324231
2024-09-25;0.8915526369246717
2024-09-26;0.8872418179220203
2024-09-27;0.9046480652190317
2024-09-30;0.9126226653344598
2024-10-01;0.9114479975616336
2024-10-02;0.9090305960806627
2024-10-03;0.8991834789763011
2024-10-04;0.8799212376353954
2024-10-07;0.8426593047763241
2024-10-08;0.7362524968271867
2024-10-09;0.5373951340918262
2024-10-10;0.23145069761606424
2024-10-11;0.22967097600383027
2024-10-14;0.34391357813984774
2024-10-15;0.43254849500742076
2024-10-16;0.5932964226326395
2024-10-17;0.7417288573553044
2024-10-18;0.8218333845013814
2024-10-21;0.8263459954498565
2024-10-22;0.8211051095283937
2024-10-23;0.8035453020592951
2024-10-24;0.7900246652543325
2024-10-25;0.7882204805522383
2024-10-28;0.8018142926838226
2024-10-29;0.8001038653856831
2024-10-30;0.7938949856840717
2024-10-31;0.7648406217989685
2024-11-01;0.7584903700789815
2024-11-04;0.699778019122826
2024-11-05;0.6229343819410187
2024-11-06;0.7330699417266605
2024-11-07;0.817279764703634
2024-11-08;0.8684426209715708
2024-11-11;0.9038757660182102
2024-11-12;0.9156632444441539
2024-11-13;0.9212638409114543
2024-11-14;0.9224736866625962
2024-11-15;0.9229368853690527
2024-11-18;0.9293899197021074
2024-11-19;0.9388815138089884
2024-11-20;0.9398479006346583
2024-11-21;0.9446704231284219
2024-11-22;0.9510755145865732
2024-11-25;0.9476402844032076
2024-11-26;0.9570164187580262
2024-11-27;0.9602405558513559
2024-11-29;0.9528076336510728
2024-12-02;0.9403689282653095
2024-12-03;0.9129262273040125
2024-12-04;0.8615273665685057
2024-12-05;0.8424854416463811
2024-12-06;0.8127924279477508
2024-12-09;0.8005403317426584
2024-12-10;0.8077400738618422
2024-12-11;0.788315476469485
2024-12-12;0.7543346605298925
2024-12-13;0.6916097121031615
2024-12-16;0.5543412894194182
2024-12-17;0.35664863570254435
2024-12-18;0.5466479326845666
2024-12-19;0.6667805324374307
2024-12-20;0.7144489229711096
2024-12-23;0.7450431153900194
2024-12-24;0.744893247651807
2024-12-26;0.7348667093148042
2024-12-27;0.7907871420028344
2024-12-30;0.8359832234414394
2024-12-31;0.8611424179989917
2025-01-02;0.8730073590196678
2025-01-03;0.8692403874665937
2025-01-06;0.8602630864780616
2025-01-07;0.8473627730844959
2025-01-08;0.850690494337127
2025-01-10;0.8781971223093223
2025-01-13;0.8794008023187779
2025-01-14;0.877251854617167
2025-01-15;0.8670567525666161
2025-01-16;0.8429977845894258
2025-01-17;0.8390328025751125
2025-01-21;0.8599034469436142
2025-01-22;0.8785980632721282
2025-01-23;0.9000872457649789
2025-01-24;0.924601869311424
2025-01-27;0.9492914810145138
2025-01-28;0.9496377563219696
2025-01-29;0.9558121733759408
2025-01-30;0.9590389885305425
2025-01-31;0.9571036688823973
2025-02-03;0.9531472038146329
2025-02-04;0.957845515102128
2025-02-05;0.9561634113820147
2025-02-06;0.9592213923606429
2025-02-07;0.9568144922397412
2025-02-10;0.9419599568752448
2025-02-11;0.8959763183271898
2025-02-12;0.7246507361416814
2025-02-13;0.6042181882276674
2025-02-14;0.4656998955291916
2025-02-18;0.4010901677461813
2025-02-19;0.40691065292613376
2025-02-20;0.276199191159849
2025-02-21;0.35766487224367083
2025-02-24;0.4953542000554382
2025-02-25;0.6602190514956283
2025-02-26;0.724759050545115
2025-02-27;0.814644002755143
2025-02-28;0.832797449529812
2025-03-03;0.8823024922430466
2025-03-04;0.9210309831191542
2025-03-05;0.939542979338179
2025-03-06;0.958733511349599
2025-03-07;0.9676709410640301
2025-03-10;0.9771574968730453
2025-03-11;0.9786774277685782
2025-03-12;0.9816041615577937
2025-03-13;0.9830689473735573
2025-03-14;0.9832421332056202
2025-03-17;0.9821114960854302
2025-03-18;0.9816786112633453
2025-03-19;0.9770704496903457
2025-03-20;0.9727030372561993
2025-03-21;0.9685822073675545
2025-03-24;0.9606628174417846
2025-03-25;0.9540089225111118
2025-03-26;0.9430282139622697
2025-03-27;0.9388224572041326
2025-03-28;0.9172461794743174
2025-03-31;0.9068836591177438
2025-04-01;0.8960863499559569
2025-04-02;0.8919705270696109
2025-04-03;0.9424267469960558
2025-04-04;0.9734242744309086
2025-04-07;0.9839350574422344
2025-04-08;0.9891668334930411
2025-04-09;0.9822835856217492
2025-04-10;0.9787970789982477
2025-04-11;0.9725000376235678
2025-04-14;0.9674430441347045
2025-04-15;0.9655668207852174
2025-04-16;0.9676672413985192
2025-04-17;0.9684632617378446
2025-04-21;0.9675168260493093
2025-04-22;0.9644156506913244
2025-04-23;0.9585723616186914
2025-04-24;0.9542995202765978
2025-04-25;0.9497888911618032
2025-04-28;0.9524104259556898
2025-04-29;0.9514212763072298
2025-04-30;0.947930545721113
2025-05-01;0.9494973483742832
2025-05-02;0.9568772851451484
2025-05-05;0.9629736578264468
2025-05-06;0.963366683767712
2025-05-07;0.9515021857566508
2025-05-08;0.9562112771605532
2025-05-09;0.9577289848632147
2025-05-12;0.9729087960789747
2025-05-13;0.9838882475899411
2025-05-14;0.9898317166415421
2025-05-15;0.9904078148185206
2025-05-16;0.9905726548749856
2025-05-19;0.9881874145154222
2025-05-20;0.9874077707350316
2025-05-21;0.9804133668269294
2025-05-22;0.9746490375368984
2025-05-23;0.9695568929220333
2025-05-27;0.9675140269280462
2025-05-28;0.9624052487294461
2025-05-29;0.9540867861551325
2025-05-30;0.938790059068432
2025-06-02;0.9272129961233485
2025-06-03;0.9221287551107485
2025-06-04;0.8997484231178787
2025-06-05;0.859764755070105
2025-06-06;0.8459537930260137
2025-06-09;0.8407052762559409
2025-06-10;0.9184358703120925
2025-06-11;0.9491033811139267
2025-06-12;0.9523969703709981
2025-06-13;0.9516660912905747
2025-06-16;0.9493490258308656
2025-06-17;0.9471576531438637
2025-06-18;0.9499809204110522
2025-06-20;0.9429473486909283
2025-06-23;0.9358940568082347
2025-06-24;0.9371483903140698
2025-06-25;0.9114189732778925
2025-06-26;0.9083476030181211
2025-06-27;0.8970243237061319
2025-06-30;0.8869089316340905
2025-07-01;0.9124754557277145
2025-07-02;0.924168081828626
2025-07-03;0.9402435953319022
2025-07-07;0.9415077661856037
2025-07-08;0.9447048947778118
2025-07-09;0.9541652433611248
2025-07-10;0.9616385847524339
2025-07-11;0.9685667201778936
2025-07-14;0.9697843806367823
2025-07-15;0.9616078297833306
2025-07-16;0.9591318076733222
2025-07-17;0.9544339811856204
2025-07-18;0.9470355598829916
2025-07-21;0.9256519098302162
2025-07-22;0.9175022573092176
2025-07-23;0.9275922238078594
2025-07-24;0.869921894189902
2025-07-25;0.8201117987085368
2025-07-28;0.7680721358285904
2025-07-29;0.7211178146026049
2025-07-30;0.595075291150619
2025-07-31;0.46478494616490457
2025-08-01;0.5279097306586193
2025-08-04;0.45982235939781646
2025-08-05;0.4677684233925514
2025-08-06;0.49211991442353636
2025-08-07;0.5346978234054229
2025-08-08;0.48806656895402295
2025-08-11;0.5148281567059488
2025-08-12;0.5799904138602217
2025-08-13;0.718152788156606
2025-08-14;0.8029988785351383
2025-08-15;0.8391090066994726
2025-08-18;0.8591962412002091
2025-08-19;0.8910281520170901
2025-08-20;0.9267090166058182
2025-08-21;0.9117764703852109
2025-08-22;0.8974619233683276
2025-08-25;0.8896131497434548
2025-08-26;0.8923089686598018
2025-08-27;0.8973249557460843
2025-08-28;0.9043182115113741
2025-08-29;0.8849888237690903
2025-09-02;0.8417663934447588
2025-09-03;0.8430756565462523
2025-09-04;0.8371842694394828
2025-09-05;0.8097990746061066
2025-09-08;0.8035684720913806
2025-09-09;0.7611197244703617
2025-09-10;0.7753434010960933
2025-09-11;0.810467200666614
2025-09-12;0.8302222025314524
2025-09-15;0.8425581626185267
2025-09-16;0.8542810052516784
2025-09-17;0.8633586042305827
2025-09-18;0.8883087663106106
2025-09-19;0.9001561900953928
2025-09-22;0.9184625251387266
2025-09-23;0.9210461451438787
2025-09-24;0.9205140854327533
2025-09-25;0.9154350587539442
2025-09-26;0.9148571598554575
2025-09-29;0.9084415531456543
2025-09-30;0.8888519628619832
2025-10-01;0.8560115587161492
2025-10-02;0.8525193912466847
2025-10-03;0.8665542731109613
2025-10-06;0.8955456753359088
2025-10-07;0.8822297571375043
2025-10-08;0.8689082338838576
2025-10-09;0.8767726185727248
2025-10-10;0.8781263587785706
2025-10-13;0.8550763986277136
2025-10-14;0.7215775535887167
2025-10-15;0.5764983836151627
2025-10-16;0.5695047057564112
2025-10-17;0.5690111677294238
2025-10-20;0.6036794875975889
2025-10-21;0.6238282098762968
2025-10-22;0.6003928920126025
2025-10-23;0.5500522009463122
2025-10-24;0.5890879489585407
2025-10-27;0.6482091642966237
2025-10-28;0.667641705579823
2025-10-29;0.6400944477289267
2025-10-30;0.5971374713130186
2025-10-31;0.5777545607971879
2025-11-03;0.542680732876961
2025-11-04;0.47941797214024484
2025-11-05;0.46405475778127075
2025-11-06;0.4545360126788407
2025-11-07;0.26763861647665027
2025-11-10;0.21414552068081902
2025-11-11;0.26525918014620037
2025-11-12;0.3989577483133646
2025-11-13;0.4650331230562664
2025-11-14;0.5106884579308739
2025-11-17;0.6801447841244088
2025-11-18;0.799137659305823
2025-11-19;0.8590163405711014
2025-11-20;0.9244261045497161
2025-11-21;0.9477169142515304
2025-11-24;0.9464942353585714
2025-11-25;0.927367587860511
2025-11-26;0.9165161011789251
2025-11-28;0.9170382455624876
2025-12-01;0.9144428551293957
2025-12-02;0.9150292352612268
2025-12-03;0.9190001853110442
2025-12-04;0.9172342598162377
2025-12-05;0.9232681440031423
2025-12-08;0.9243355117138327
2025-12-09;0.9262452196207047
2025-12-10;0.937624964958335
2025-12-11;0.9529291332715871
2025-12-12;0.9530481208492652
2025-12-15;0.9551915334789077
2025-12-16;0.9559763612152998
2025-12-17;0.9306559824952197
2025-12-18;0.9165641583552532
2025-12-19;0.8529890389982925
2025-12-22;0.7605965850449359
2025-12-23;0.6540541669766324
2025-12-24;0.6137265615442616
2025-12-26;0.586623017095937
2025-12-29;0.5677565377987139
2025-12-30;0.49232480082776275
2025-12-31;0.48628135738848705
2026-01-02;0.4794022962277181
2026-01-05;0.4962323422161536
2026-01-06;0.571210173010721
2026-01-07;0.5960909080304027
2026-01-08;0.6090777648128459
2026-01-09;0.6658710470658941
2026-01-12;0.7178367395046706
2026-01-13;0.7561943642654785
2026-01-14;0.7312754266658263
2026-01-15;0.7138951721259578
2026-01-16;0.7127545965989813
2026-01-20;0.44024244540810265
2026-01-21;0.28563119667719833
2026-01-22;0.24769913990333997
2026-01-23;0.24408066843616208
2026-01-26;0.29119210491561603
2026-01-27;0.3558643859624013
2026-01-28;0.3719184751950855
2026-01-29;0.36800782200273985
2026-01-30;0.19841607163936004
2026-02-02;-0.017721386280775273
2026-02-03;-0.134988443309592
2026-02-04;-0.07526177611364843
2026-02-05;0.19973077888259827
2026-02-06;0.20527084596024722
2026-02-09;0.2859011656055978
2026-02-10;0.3394808042219148
2026-02-11;0.38733012677106504
2026-02-12;0.4577366634851577
2026-02-13;0.44256858337403054
2026-02-17;0.42757434097143066
2026-02-18;0.4346991416127787
2026-02-19;0.48517526821356816
2026-02-20;0.5538936978791168
2026-02-23;0.5849138171177964
2026-02-24;0.5756988389715127
2026-02-25;0.5711931121424781
2026-02-26;0.5794641097993258
2026-02-27;0.6032379464889847