time;open;high;low;close;RSI;RSI-based MA;;;;
2020-12-09 09:00:00 ;0.938;0.948;0.938;0.941;55.6;51.7;;;;
2020-12-10 09:00:00 ;0.918;0.931;0.918;0.923;46.8;50.7;;;;
2020-12-11 09:00:00 ;0.908;0.911;0.882;0.89;35.1;48.3;;;;
2020-12-14 09:00:00 ;0.906;0.926;0.906;0.925;54.1;43.8;;;;
2020-12-15 09:00:00 ;0.891;0.903;0.891;0.9;46.3;42.8;;;;
2020-12-16 09:00:00 ;0.915;0.928;0.911;0.918;53.8;47.8;;;;
2020-12-17 09:00:00 ;0.933;0.933;0.921;0.923;54.5;52.2;;;;
2020-12-18 09:00:00 ;0.923;0.946;0.916;0.941;59.1;54.6;;;;
2020-12-21 09:00:00 ;0.905;0.915;0.885;0.901;42.8;53.7;;;;
2020-12-22 09:00:00 ;0.918;0.94;0.915;0.935;53.2;52.8;;;;
2020-12-23 09:00:00 ;0.916;0.928;0.915;0.926;51.1;49.7;;;;
2020-12-24 09:00:00 ;0.948;0.951;0.943;0.945;54.8;52.4;;;;
2020-12-28 09:00:00 ;0.953;0.958;0.951;0.958;58.4;53.8;;;;
2020-12-29 09:00:00 ;0.943;0.948;0.94;0.943;52.2;52.9;;;;
2020-12-30 09:00:00 ;0.946;0.956;0.946;0.951;55.9;52.0;;;;
2020-12-31 09:00:00 ;0.926;0.931;0.923;0.93;47.1;49.6;;;;
2021-01-04 09:00:00 ;0.942;0.942;0.918;0.922;45.2;48.5;;;;
2021-01-05 09:00:00 ;0.925;0.938;0.922;0.928;49.3;46.3;;;;
2021-01-06 09:00:00 ;1.017;1.035;1;1.014;74.6;55.1;;;;
2021-01-07 09:00:00 ;1.061;1.066;1.036;1.042;68.5;67.6;;;;
2021-01-08 09:00:00 ;1.093;1.093;1.076;1.085;68.5;73.8;;;;
2021-01-11 09:00:00 ;1.1;1.112;1.1;1.103;67.1;71.7;;;;
2021-01-12 09:00:00 ;1.151;1.163;1.15;1.16;76.4;72.0;;;;
2021-01-13 09:00:00 ;1.115;1.127;1.11;1.127;57.5;67.7;;;;
2021-01-14 09:00:00 ;1.102;1.116;1.1;1.107;51.8;58.7;;;;
2021-01-15 09:00:00 ;1.106;1.116;1.104;1.107;50.6;51.8;;;;
2021-01-19 09:00:00 ;1.111;1.121;1.106;1.121;55.2;50.8;;;;
2021-01-20 09:00:00 ;1.094;1.104;1.09;1.102;50.2;49.0;;;;
2021-01-21 09:00:00 ;1.08;1.092;1.077;1.087;46.1;47.5;;;;
2021-01-22 09:00:00 ;1.101;1.108;1.092;1.092;47.1;48.5;;;;
2021-01-25 09:00:00 ;1.101;1.103;1.077;1.079;41.8;48.8;;;;
2021-01-26 09:00:00 ;1.031;1.053;1.031;1.052;40.8;40.6;;;;
2021-01-27 09:00:00 ;1.036;1.048;1.033;1.033;35.9;36.3;;;;
2021-01-28 09:00:00 ;1.006;1.014;0.999;1.009;31.6;34.7;;;;
2021-01-29 09:00:00 ;1.05;1.084;1.043;1.072;60.4;41.5;;;;
2021-02-01 09:00:00 ;1.081;1.089;1.072;1.081;58.1;52.9;;;;
2021-02-02 09:00:00 ;1.088;1.112;1.088;1.112;66.0;58.8;;;;
2021-02-03 09:00:00 ;1.117;1.122;1.108;1.119;65.6;60.5;;;;
2021-02-04 09:00:00 ;1.138;1.139;1.132;1.136;65.8;65.7;;;;
2021-02-05 09:00:00 ;1.133;1.162;1.133;1.162;70.3;67.0;;;;
2021-02-08 09:00:00 ;1.188;1.2;1.186;1.186;74.5;68.2;;;;
2021-02-09 09:00:00 ;1.165;1.169;1.145;1.152;52.5;65.0;;;;
2021-02-10 09:00:00 ;1.159;1.169;1.153;1.169;58.7;58.8;;;;
2021-02-11 09:00:00 ;1.147;1.147;1.133;1.143;48.4;51.6;;;;
2021-02-12 09:00:00 ;1.162;1.162;1.152;1.158;53.2;51.4;;;;
2021-02-16 09:00:00 ;1.225;1.265;1.225;1.265;71.0;63.2;;;;
2021-02-17 09:00:00 ;1.309;1.312;1.282;1.291;67.2;70.7;;;;
2021-02-18 09:00:00 ;1.272;1.292;1.272;1.292;63.1;67.8;;;;
2021-02-19 09:00:00 ;1.306;1.309;1.292;1.304;62.8;63.5;;;;
2021-02-22 09:00:00 ;1.382;1.389;1.358;1.375;72.2;66.1;;;;
2021-02-23 09:00:00 ;1.367;1.382;1.357;1.37;63.9;66.6;;;;
2021-02-24 09:00:00 ;1.34;1.374;1.337;1.371;60.9;62.8;;;;
2021-02-26 09:00:00 ;1.477;1.489;1.453;1.477;64.8;63.8;;;;
2021-03-01 09:00:00 ;1.419;1.455;1.405;1.434;54.4;62.5;;;;
2021-03-02 09:00:00 ;1.415;1.451;1.408;1.448;56.3;55.8;;;;
2021-03-03 09:00:00 ;1.414;1.455;1.41;1.441;55.3;51.8;;;;
2021-03-04 09:00:00 ;1.453;1.477;1.45;1.464;55.9;54.2;;;;
2021-03-05 09:00:00 ;1.55;1.564;1.535;1.563;66.6;61.1;;;;
2021-03-08 09:00:00 ;1.599;1.613;1.587;1.594;67.5;64.8;;;;
2021-03-09 09:00:00 ;1.542;1.554;1.523;1.533;49.8;64.0;;;;
2021-03-10 09:00:00 ;1.544;1.566;1.544;1.559;55.0;58.2;;;;
2021-03-11 09:00:00 ;1.513;1.514;1.475;1.501;41.8;49.6;;;;
2021-03-12 09:00:00 ;1.593;1.614;1.588;1.614;65.4;51.3;;;;
2021-03-29 09:00:00 ;1.6372;1.6655;1.6337;1.6496;51.3;49.2;;;;
2021-03-30 09:00:00 ;1.7526;1.7742;1.7526;1.7599;69.3;57.9;;;;
2021-03-31 09:00:00 ;1.7242;1.7369;1.7208;1.7226;57.6;60.1;;;;
2021-04-01 09:00:00 ;1.7262;1.7262;1.709;1.7197;53.7;59.8;;;;
2021-04-05 09:00:00 ;1.7181;1.7288;1.7181;1.727;55.5;54.0;;;;
2021-04-06 09:00:00 ;1.6931;1.7164;1.6931;1.704;49.7;50.2;;;;
2021-04-07 09:00:00 ;1.6313;1.6508;1.6313;1.6508;40.4;45.6;;;;
2021-04-08 09:00:00 ;1.6633;1.6634;1.6439;1.6457;40.7;42.1;;;;
2021-04-09 09:00:00 ;1.6492;1.6727;1.6492;1.6691;51.3;41.9;;;;
2021-04-12 09:00:00 ;1.6604;1.6657;1.6427;1.6622;49.6;44.9;;;;
2021-04-13 09:00:00 ;1.6995;1.6995;1.6783;1.6783;52.8;51.5;;;;
2021-04-14 09:00:00 ;1.6269;1.643;1.6269;1.6323;42.2;48.1;;;;
2021-04-15 09:00:00 ;1.6288;1.6288;1.6095;1.6112;36.1;43.6;;;;
2021-04-16 09:00:00 ;1.583;1.5886;1.5693;1.571;37.0;38.4;;;;
2021-04-19 09:00:00 ;1.5588;1.5729;1.5535;1.5729;41.1;36.6;;;;
2021-04-20 09:00:00 ;1.6259;1.6296;1.5924;1.596;48.1;43.8;;;;
2021-04-21 09:00:00 ;1.5607;1.582;1.5607;1.5749;45.3;45.1;;;;
2021-04-22 09:00:00 ;1.545;1.5662;1.5433;1.5592;43.9;43.0;;;;
2021-04-23 09:00:00 ;1.5574;1.5701;1.5454;1.5472;42.1;42.2;;;;
2021-04-26 09:00:00 ;1.579;1.5879;1.5667;1.5861;56.3;46.4;;;;
2021-04-27 09:00:00 ;1.5808;1.5862;1.5721;1.5809;54.4;50.2;;;;
2021-04-28 09:00:00 ;1.6376;1.6502;1.6376;1.6413;70.7;58.2;;;;
2021-04-29 09:00:00 ;1.6378;1.6593;1.6378;1.6521;67.8;62.8;;;;
2021-04-30 09:00:00 ;1.6379;1.6508;1.6379;1.6383;58.1;63.0;;;;
2021-05-03 09:00:00 ;1.6385;1.6509;1.6385;1.6438;58.7;59.5;;;;
2021-05-04 09:00:00 ;1.6153;1.6226;1.6101;1.6208;51.2;52.2;;;;
2021-05-05 09:00:00 ;1.5995;1.6103;1.5961;1.6085;49.8;46.7;;;;
2021-05-06 09:00:00 ;1.573;1.582;1.5643;1.5661;39.1;44.0;;;;
2021-05-07 09:00:00 ;1.5679;1.5806;1.5647;1.5753;44.8;42.1;;;;
2021-05-10 09:00:00 ;1.602;1.602;1.5719;1.5719;45.9;43.8;;;;
2021-05-11 09:00:00 ;1.602;1.6199;1.5986;1.6057;56.0;49.6;;;;
2021-05-12 09:00:00 ;1.6164;1.6201;1.6094;1.613;55.0;55.5;;;;
2021-05-13 09:00:00 ;1.6744;1.7052;1.6744;1.6932;68.5;63.1;;;;
2021-05-14 09:00:00 ;1.6522;1.6539;1.6284;1.6386;49.6;61.6;;;;
2021-05-17 09:00:00 ;1.6097;1.6318;1.6097;1.6267;46.9;53.1;;;;
2021-05-18 09:00:00 ;1.642;1.654;1.642;1.6454;53.0;49.8;;;;
2021-05-19 09:00:00 ;1.6454;1.6693;1.6454;1.6642;60.6;51.6;;;;
2021-05-20 09:00:00 ;1.6676;1.6693;1.6505;1.6659;55.4;53.7;;;;
2021-05-21 09:00:00 ;1.6267;1.6386;1.6165;1.6335;46.5;51.0;;;;
2021-05-24 09:00:00 ;1.618;1.627;1.611;1.618;41.1;46.0;;;;
2021-05-25 09:00:00 ;1.598;1.598;1.588;1.591;33.4;41.1;;;;
2021-05-28 09:00:00 ;1.622;1.623;1.608;1.608;48.2;40.1;;;;
2021-06-01 09:00:00 ;1.616;1.63;1.611;1.618;53.5;49.0;;;;
2021-06-02 09:00:00 ;1.608;1.615;1.603;1.603;46.8;49.2;;;;
2021-06-03 09:00:00 ;1.594;1.604;1.594;1.603;49.3;48.1;;;;
2021-06-04 09:00:00 ;1.622;1.63;1.618;1.623;56.8;50.6;;;;
2021-06-07 09:00:00 ;1.574;1.582;1.572;1.581;43.2;47.7;;;;
2021-06-08 09:00:00 ;1.553;1.564;1.54;1.555;34.9;40.0;;;;
2021-06-09 09:00:00 ;1.521;1.526;1.503;1.506;23.9;34.3;;;;
2021-06-10 09:00:00 ;1.484;1.504;1.481;1.503;34.7;27.4;;;;
2021-06-11 09:00:00 ;1.435;1.447;1.428;1.445;26.5;24.5;;;;
2021-06-14 09:00:00 ;1.457;1.467;1.455;1.462;38.3;30.4;;;;
2021-06-15 09:00:00 ;1.485;1.499;1.48;1.496;52.3;40.7;;;;
2021-06-16 09:00:00 ;1.499;1.501;1.482;1.487;47.8;49.0;;;;
2021-06-17 09:00:00 ;1.565;1.575;1.555;1.555;62.5;57.1;;;;
2021-06-18 09:00:00 ;1.504;1.512;1.47;1.49;43.3;55.9;;;;
2021-06-21 09:00:00 ;1.401;1.441;1.401;1.44;39.9;44.4;;;;
2021-06-22 09:00:00 ;1.489;1.506;1.468;1.473;47.2;42.3;;;;
2021-06-23 09:00:00 ;1.489;1.489;1.472;1.478;49.2;46.8;;;;
2021-06-24 09:00:00 ;1.495;1.504;1.489;1.495;54.0;50.0;;;;
2021-06-25 09:00:00 ;1.485;1.497;1.483;1.49;51.5;52.1;;;;
2021-06-28 09:00:00 ;1.526;1.526;1.512;1.512;54.4;56.3;;;;
2021-06-29 09:00:00 ;1.482;1.497;1.478;1.485;46.0;52.6;;;;
2021-06-30 09:00:00 ;1.478;1.483;1.453;1.454;34.8;45.5;;;;
2021-07-01 09:00:00 ;1.466;1.482;1.466;1.478;49.9;42.5;;;;
2021-07-02 09:00:00 ;1.466;1.466;1.437;1.444;38.0;42.9;;;;
2021-07-06 09:00:00 ;1.444;1.444;1.419;1.427;35.7;41.0;;;;
2021-07-07 09:00:00 ;1.366;1.368;1.33;1.348;28.4;33.1;;;;
2021-07-08 09:00:00 ;1.28;1.289;1.25;1.251;20.2;28.1;;;;
2021-07-09 09:00:00 ;1.336;1.346;1.326;1.346;48.0;31.6;;;;
2021-07-12 09:00:00 ;1.353;1.353;1.326;1.344;46.9;40.9;;;;
2021-07-13 09:00:00 ;1.364;1.373;1.356;1.356;49.6;50.5;;;;
2021-07-14 09:00:00 ;1.396;1.412;1.39;1.396;58.2;55.0;;;;
2021-07-15 09:00:00 ;1.329;1.332;1.312;1.327;38.1;51.2;;;;
2021-07-16 09:00:00 ;1.32;1.336;1.315;1.324;43.2;43.8;;;;
2021-07-19 09:00:00 ;1.285;1.289;1.247;1.25;28.7;38.1;;;;
2021-07-20 09:00:00 ;1.205;1.217;1.167;1.172;25.6;32.5;;;;
2021-07-21 09:00:00 ;1.208;1.258;1.205;1.247;48.0;32.5;;;;
2021-07-22 09:00:00 ;1.27;1.307;1.265;1.305;58.0;44.5;;;;
2021-07-23 09:00:00 ;1.28;1.298;1.275;1.291;54.8;51.0;;;;
2021-07-26 09:00:00 ;1.236;1.253;1.221;1.24;42.7;51.2;;;;
2021-07-27 09:00:00 ;1.278;1.278;1.244;1.259;46.8;50.8;;;;
2021-07-28 09:00:00 ;1.241;1.263;1.231;1.253;47.4;47.0;;;;
2021-07-29 09:00:00 ;1.249;1.273;1.238;1.271;54.2;46.2;;;;
2021-07-30 09:00:00 ;1.244;1.252;1.239;1.244;44.4;48.1;;;;
2021-08-02 09:00:00 ;1.235;1.244;1.225;1.225;40.9;46.1;;;;
2021-08-03 09:00:00 ;1.182;1.2;1.172;1.195;39.1;38.1;;;;
2021-08-04 09:00:00 ;1.182;1.182;1.182;1.182;39.6;36.1;;;;
2021-08-05 09:00:00 ;1.182;1.195;1.177;1.177;41.3;39.9;;;;
2021-08-06 09:00:00 ;1.243;1.263;1.233;1.257;65.7;49.8;;;;
2021-08-09 09:00:00 ;1.304;1.307;1.275;1.277;61.0;61.5;;;;
2021-08-10 09:00:00 ;1.312;1.334;1.309;1.315;66.2;68.3;;;;
2021-08-11 09:00:00 ;1.369;1.376;1.359;1.364;74.8;70.1;;;;
2021-08-12 09:00:00 ;1.34;1.354;1.337;1.354;63.9;68.4;;;;
2021-08-13 09:00:00 ;1.342;1.351;1.334;1.34;54.6;64.2;;;;
2021-08-16 09:00:00 ;1.255;1.282;1.252;1.275;38.0;50.6;;;;
2021-08-17 09:00:00 ;1.232;1.24;1.217;1.228;33.1;38.8;;;;
2021-08-18 09:00:00 ;1.27;1.278;1.258;1.278;49.3;39.7;;;;
2021-08-20 09:00:00 ;1.23;1.242;1.228;1.235;37.2;42.9;;;;
2021-08-23 09:00:00 ;1.265;1.283;1.263;1.278;56.0;44.0;;;;
2021-08-24 09:00:00 ;1.28;1.28;1.258;1.267;51.3;47.7;;;;
2021-08-25 09:00:00 ;1.289;1.304;1.287;1.304;62.2;54.3;;;;
2021-08-26 09:00:00 ;1.346;1.358;1.339;1.346;68.7;62.9;;;;
2021-08-27 09:00:00 ;1.339;1.351;1.339;1.341;61.1;66.1;;;;
2021-08-30 09:00:00 ;1.3;1.31;1.3;1.304;45.4;57.9;;;;
2021-08-31 09:00:00 ;1.284;1.299;1.272;1.299;48.1;46.1;;;;
2021-09-01 09:00:00 ;1.322;1.331;1.31;1.316;53.8;46.3;;;;
2021-09-02 09:00:00 ;1.297;1.3;1.285;1.287;41.1;49.4;;;;
2021-09-03 09:00:00 ;1.294;1.304;1.29;1.3;49.5;47.8;;;;
2021-09-07 09:00:00 ;1.346;1.366;1.346;1.365;71.1;53.2;;;;
2021-09-08 09:00:00 ;1.361;1.361;1.344;1.355;59.7;62.6;;;;
2021-09-09 09:00:00 ;1.331;1.333;1.316;1.326;45.6;60.3;;;;
2021-09-10 09:00:00 ;1.311;1.331;1.309;1.329;51.0;48.9;;;;
2021-09-13 09:00:00 ;1.339;1.35;1.329;1.329;49.6;47.9;;;;
2021-09-14 09:00:00 ;1.328;1.345;1.324;1.341;55.2;50.9;;;;
2021-09-15 09:00:00 ;1.287;1.292;1.27;1.272;35.4;44.7;;;;
2021-09-16 09:00:00 ;1.309;1.319;1.301;1.306;49.1;43.6;;;;
2021-09-17 09:00:00 ;1.333;1.343;1.326;1.338;59.4;50.5;;;;
2021-09-20 09:00:00 ;1.355;1.357;1.328;1.331;49.6;58.8;;;;
2021-09-21 09:00:00 ;1.334;1.346;1.328;1.331;50.9;55.3;;;;
2021-09-22 09:00:00 ;1.333;1.341;1.324;1.338;54.2;49.4;;;;
2021-09-23 09:00:00 ;1.333;1.348;1.323;1.326;49.7;49.5;;;;
2021-09-24 09:00:00 ;1.439;1.447;1.405;1.408;60.7;57.2;;;;
2021-09-27 09:00:00 ;1.454;1.496;1.444;1.484;69.9;64.5;;;;
2021-09-28 09:00:00 ;1.536;1.551;1.52;1.532;73.5;68.7;;;;
2021-09-29 09:00:00 ;1.511;1.517;1.496;1.501;58.8;69.6;;;;
2021-09-30 09:00:00 ;1.545;1.545;1.515;1.529;59.7;66.5;;;;
2021-10-01 09:00:00 ;1.479;1.51;1.479;1.489;48.9;57.4;;;;
2021-10-04 09:00:00 ;1.465;1.5;1.465;1.498;53.4;50.7;;;;
2021-10-05 09:00:00 ;1.489;1.501;1.479;1.5;54.7;48.1;;;;
2021-10-06 09:00:00 ;1.561;1.571;1.538;1.545;62.0;56.2;;;;
2021-10-07 09:00:00 ;1.529;1.535;1.512;1.521;52.1;58.5;;;;
2021-10-08 09:00:00 ;1.591;1.601;1.584;1.584;65.1;60.3;;;;
2021-10-12 09:00:00 ;1.601;1.619;1.596;1.598;58.4;66.3;;;;
2021-10-13 09:00:00 ;1.577;1.591;1.558;1.563;46.0;60.1;;;;
2021-10-14 09:00:00 ;1.554;1.554;1.53;1.532;39.6;48.7;;;;
2021-10-15 09:00:00 ;1.535;1.555;1.535;1.542;46.2;42.4;;;;
2021-10-18 09:00:00 ;1.6;1.62;1.594;1.613;67.1;49.2;;;;
2021-10-19 09:00:00 ;1.568;1.601;1.568;1.598;57.9;55.9;;;;
2021-10-20 09:00:00 ;1.651;1.658;1.63;1.637;62.4;61.4;;;;
2021-10-21 09:00:00 ;1.645;1.659;1.641;1.654;61.2;63.0;;;;
2021-10-22 09:00:00 ;1.67;1.695;1.67;1.684;63.0;64.2;;;;
2021-10-25 09:00:00 ;1.658;1.668;1.653;1.66;55.0;58.8;;;;
2021-10-26 09:00:00 ;1.631;1.644;1.617;1.628;46.1;51.6;;;;
2021-10-27 09:00:00 ;1.616;1.624;1.589;1.594;39.4;47.2;;;;
2021-10-28 09:00:00 ;1.557;1.561;1.533;1.54;34.2;40.6;;;;
2021-10-29 09:00:00 ;1.605;1.617;1.591;1.607;53.2;40.5;;;;
2021-11-08 09:00:00 ;1.476;1.491;1.472;1.488;39.2;38.7;;;;
2021-11-09 09:00:00 ;1.486;1.49;1.453;1.462;37.0;36.5;;;;
2021-11-10 09:00:00 ;1.474;1.486;1.469;1.485;48.2;38.9;;;;
2021-11-12 09:00:00 ;1.566;1.585;1.558;1.575;61.1;54.4;;;;
2021-11-15 09:00:00 ;1.546;1.558;1.541;1.555;53.8;60.0;;;;
2021-11-16 09:00:00 ;1.615;1.62;1.594;1.599;57.9;59.3;;;;
2021-11-17 09:00:00 ;1.627;1.637;1.623;1.63;60.7;61.3;;;;
2021-11-18 09:00:00 ;1.579;1.603;1.575;1.601;52.6;57.6;;;;
2021-11-19 09:00:00 ;1.599;1.608;1.534;1.536;36.6;51.2;;;;
2021-11-22 09:00:00 ;1.56;1.589;1.546;1.574;49.6;46.0;;;;
2021-11-23 09:00:00 ;1.618;1.648;1.615;1.648;64.1;49.9;;;;
2021-11-24 09:00:00 ;1.636;1.657;1.636;1.65;59.5;58.3;;;;
2021-11-26 09:00:00 ;1.529;1.543;1.505;1.519;30.3;53.4;;;;
2021-11-29 09:00:00 ;1.528;1.543;1.517;1.538;42.3;41.4;;;;
2021-11-30 09:00:00 ;1.451;1.463;1.421;1.449;30.5;34.5;;;;
2021-12-01 09:00:00 ;1.463;1.506;1.46;1.49;44.8;38.0;;;;
2021-12-02 09:00:00 ;1.446;1.456;1.429;1.439;40.7;37.9;;;;
2021-12-03 09:00:00 ;1.441;1.456;1.424;1.432;40.8;40.8;;;;
2021-12-06 09:00:00 ;1.383;1.4;1.37;1.397;41.5;39.2;;;;
2021-12-07 09:00:00 ;1.45;1.453;1.438;1.439;50.4;42.6;;;;
2021-12-08 09:00:00 ;1.458;1.47;1.427;1.463;54.1;50.7;;;;
2021-12-09 09:00:00 ;1.499;1.511;1.492;1.499;57.0;57.5;;;;
2021-12-10 09:00:00 ;1.508;1.52;1.506;1.518;60.4;58.1;;;;
2021-12-13 09:00:00 ;1.492;1.496;1.47;1.477;48.6;53.9;;;;
2021-12-14 09:00:00 ;1.433;1.443;1.426;1.439;43.6;47.2;;;;
2021-12-15 09:00:00 ;1.434;1.448;1.431;1.446;47.1;43.5;;;;
2021-12-16 09:00:00 ;1.453;1.453;1.431;1.433;42.8;46.5;;;;
2021-12-17 09:00:00 ;1.419;1.434;1.412;1.412;37.1;44.5;;;;
2021-12-20 09:00:00 ;1.37;1.392;1.363;1.392;39.0;38.1;;;;
2021-12-21 09:00:00 ;1.426;1.45;1.414;1.443;56.8;41.4;;;;
2021-12-22 09:00:00 ;1.462;1.486;1.462;1.477;61.9;52.9;;;;
2021-12-23 09:00:00 ;1.467;1.477;1.464;1.472;58.9;58.4;;;;
2021-12-27 09:00:00 ;1.481;1.498;1.481;1.496;62.6;59.6;;;;
2021-12-28 09:00:00 ;1.486;1.488;1.482;1.484;56.2;58.6;;;;
2021-12-29 09:00:00 ;1.477;1.498;1.477;1.494;58.7;54.3;;;;
2021-12-30 09:00:00 ;1.538;1.544;1.524;1.532;62.2;59.9;;;;
2021-12-31 09:00:00 ;1.522;1.526;1.507;1.507;50.9;60.8;;;;
2022-01-03 09:00:00 ;1.531;1.541;1.531;1.538;60.3;59.6;;;;
2022-01-04 09:00:00 ;1.625;1.647;1.621;1.642;74.6;62.4;;;;
2022-01-05 09:00:00 ;1.653;1.654;1.64;1.649;68.2;70.6;;;;
2022-01-06 09:00:00 ;1.735;1.744;1.721;1.737;79.1;73.8;;;;
2022-01-07 09:00:00 ;1.725;1.732;1.723;1.725;72.1;74.3;;;;
2022-01-10 09:00:00 ;1.799;1.808;1.769;1.771;67.9;75.4;;;;
2022-01-11 09:00:00 ;1.76;1.764;1.737;1.755;57.9;68.9;;;;
2022-01-12 09:00:00 ;1.746;1.753;1.738;1.745;53.3;60.7;;;;
2022-01-13 09:00:00 ;1.745;1.759;1.743;1.752;55.4;54.0;;;;
2022-01-14 09:00:00 ;1.719;1.75;1.715;1.74;52.7;49.8;;;;
2022-01-18 09:00:00 ;1.825;1.838;1.809;1.816;61.0;56.9;;;;
2022-01-19 09:00:00 ;1.89;1.902;1.881;1.886;70.7;66.2;;;;
2022-01-20 09:00:00 ;1.85;1.85;1.829;1.833;53.3;63.0;;;;
2022-01-21 09:00:00 ;1.783;1.801;1.783;1.792;44.8;54.4;;;;
2022-01-24 09:00:00 ;1.76;1.763;1.716;1.742;36.7;44.8;;;;
2022-01-25 09:00:00 ;1.749;1.797;1.749;1.781;50.0;41.6;;;;
2022-01-26 09:00:00 ;1.774;1.792;1.773;1.792;53.0;45.1;;;;
2022-01-27 09:00:00 ;1.835;1.853;1.823;1.826;55.4;52.9;;;;
2022-01-28 09:00:00 ;1.837;1.848;1.823;1.843;58.7;55.6;;;;
2022-01-31 09:00:00 ;1.786;1.793;1.77;1.787;46.9;50.9;;;;
2022-02-01 09:00:00 ;1.786;1.793;1.75;1.75;39.2;47.3;;;;
2022-02-02 09:00:00 ;1.786;1.798;1.773;1.791;49.5;47.6;;;;
2022-02-03 09:00:00 ;1.772;1.781;1.768;1.779;48.1;47.3;;;;
2022-02-04 09:00:00 ;1.838;1.842;1.813;1.813;52.8;52.1;;;;
2022-02-07 09:00:00 ;1.903;1.927;1.901;1.927;67.4;61.4;;;;
2022-02-08 09:00:00 ;1.956;1.956;1.929;1.949;66.9;65.5;;;;
2022-02-09 09:00:00 ;1.934;1.938;1.916;1.925;55.6;64.7;;;;
2022-02-10 09:00:00 ;1.93;1.948;1.928;1.939;57.6;60.8;;;;
2022-02-11 09:00:00 ;2.008;2.012;1.993;2.008;63.4;62.1;;;;
2022-02-14 09:00:00 ;1.958;1.968;1.903;1.92;44.7;59.6;;;;
2022-02-15 09:00:00 ;1.988;2.047;1.986;2.036;60.2;54.7;;;;
2022-02-16 09:00:00 ;2.045;2.054;2.033;2.035;57.9;56.3;;;;
2022-02-17 09:00:00 ;2.012;2.031;1.993;2.002;49.8;56.9;;;;
2022-02-18 09:00:00 ;1.982;1.988;1.963;1.969;45.1;51.1;;;;
2022-02-22 09:00:00 ;1.859;1.949;1.858;1.949;49.6;40.4;;;;
2022-02-23 09:00:00 ;1.979;1.982;1.962;1.962;51.7;41.9;;;;
2022-02-24 09:00:00 ;1.906;1.927;1.847;1.887;39.3;45.9;;;;
2022-02-25 09:00:00 ;1.949;1.979;1.934;1.979;55.2;50.2;;;;
2022-02-28 09:00:00 ;1.91;1.925;1.899;1.918;45.2;49.1;;;;
2022-03-01 09:00:00 ;1.853;1.853;1.724;1.741;28.9;43.8;;;;
2022-03-02 09:00:00 ;1.719;1.765;1.712;1.758;38.5;35.1;;;;
2022-03-03 09:00:00 ;1.863;1.882;1.853;1.859;51.8;40.4;;;;
2022-03-04 09:00:00 ;1.809;1.816;1.768;1.775;40.8;47.0;;;;
2022-03-07 09:00:00 ;1.712;1.749;1.702;1.746;43.5;43.2;;;;
2022-03-08 09:00:00 ;1.789;1.859;1.789;1.839;57.1;43.3;;;;
2022-03-09 09:00:00 ;1.865;1.911;1.858;1.908;64.1;52.1;;;;
2022-03-10 09:00:00 ;1.936;1.939;1.911;1.936;64.1;60.9;;;;
2022-03-11 09:00:00 ;1.978;2.018;1.972;2.007;67.2;65.8;;;;
2022-03-28 09:00:00 ;2.51;2.518;2.49;2.495;69.2;65.0;;;;
2022-03-29 09:00:00 ;2.468;2.518;2.468;2.496;62.9;65.0;;;;
2022-03-30 09:00:00 ;2.378;2.418;2.362;2.418;51.5;56.5;;;;
2022-03-31 09:00:00 ;2.336;2.345;2.312;2.312;38.5;47.7;;;;
2022-04-01 09:00:00 ;2.386;2.441;2.382;2.408;55.1;45.6;;;;
2022-04-04 09:00:00 ;2.401;2.419;2.38;2.404;53.2;48.9;;;;
2022-04-05 09:00:00 ;2.425;2.478;2.423;2.467;62.9;54.1;;;;
2022-04-06 09:00:00 ;2.594;2.66;2.594;2.644;76.3;62.7;;;;
2022-04-07 09:00:00 ;2.562;2.598;2.557;2.592;63.4;68.2;;;;
2022-04-08 09:00:00 ;2.662;2.694;2.653;2.675;70.2;68.5;;;;
2022-04-11 09:00:00 ;2.769;2.776;2.74;2.761;74.8;70.4;;;;
2022-04-12 09:00:00 ;2.817;2.836;2.788;2.799;72.0;74.3;;;;
2022-04-13 09:00:00 ;2.765;2.788;2.727;2.733;54.7;67.4;;;;
2022-04-14 09:00:00 ;2.677;2.713;2.656;2.69;48.7;55.2;;;;
2022-04-18 09:00:00 ;2.862;2.862;2.849;2.851;65.9;56.3;;;;
2022-04-19 09:00:00 ;2.851;2.909;2.849;2.892;68.3;61.7;;;;
2022-04-20 09:00:00 ;2.938;2.938;2.859;2.867;55.2;67.0;;;;
2022-04-21 09:00:00 ;2.859;2.884;2.852;2.879;56.1;61.7;;;;
2022-04-22 09:00:00 ;2.903;2.961;2.903;2.941;59.6;57.7;;;;
2022-04-25 09:00:00 ;2.826;2.841;2.806;2.833;44.9;54.7;;;;
2022-04-26 09:00:00 ;2.826;2.835;2.785;2.791;41.7;48.0;;;;
2022-04-27 09:00:00 ;2.776;2.788;2.746;2.776;44.3;42.5;;;;
2022-04-28 09:00:00 ;2.813;2.834;2.796;2.805;48.3;45.0;;;;
2022-04-29 09:00:00 ;2.837;2.885;2.831;2.864;56.2;50.1;;;;
2022-05-02 09:00:00 ;2.94;2.94;2.914;2.916;60.2;57.1;;;;
2022-05-03 09:00:00 ;3.001;3.01;2.963;2.967;61.1;61.7;;;;
2022-05-04 09:00:00 ;2.971;2.985;2.952;2.958;56.7;62.5;;;;
2022-05-05 09:00:00 ;2.952;2.976;2.944;2.968;55.9;58.9;;;;
2022-05-06 09:00:00 ;3.063;3.091;3.055;3.073;64.2;59.5;;;;
2022-05-09 09:00:00 ;3.143;3.203;3.135;3.183;74.2;65.4;;;;
2022-05-10 09:00:00 ;3.068;3.068;3.005;3.024;47.5;61.5;;;;
2022-05-11 09:00:00 ;2.952;2.96;2.927;2.934;38.5;50.7;;;;
2022-05-12 09:00:00 ;2.844;2.855;2.815;2.841;33.1;41.8;;;;
2022-05-13 09:00:00 ;2.886;2.928;2.877;2.897;44.7;39.2;;;;
2022-05-16 09:00:00 ;2.893;2.937;2.882;2.92;48.7;42.2;;;;
2022-05-17 09:00:00 ;2.917;2.929;2.902;2.92;50.6;46.6;;;;
2022-05-18 09:00:00 ;2.988;2.993;2.955;2.988;59.1;51.4;;;;
2022-05-19 09:00:00 ;2.888;2.891;2.817;2.835;37.3;50.9;;;;
2022-05-20 09:00:00 ;2.859;2.88;2.85;2.87;46.1;45.1;;;;
2022-05-23 09:00:00 ;2.833;2.837;2.806;2.832;44.3;40.9;;;;
2022-05-24 09:00:00 ;2.837;2.842;2.795;2.815;41.6;43.4;;;;
2022-05-25 09:00:00 ;2.76;2.767;2.731;2.749;36.5;41.6;;;;
2022-05-26 09:00:00 ;2.724;2.74;2.706;2.74;38.4;37.8;;;;
2022-05-27 09:00:00 ;2.741;2.761;2.734;2.738;40.0;39.4;;;;
2022-05-31 09:00:00 ;2.839;2.839;2.799;2.817;57.4;48.4;;;;
2022-06-01 09:00:00 ;2.877;2.888;2.857;2.86;60.3;57.6;;;;
2022-06-02 09:00:00 ;2.915;2.937;2.911;2.911;63.2;63.7;;;;
2022-06-03 09:00:00 ;2.917;2.928;2.915;2.919;62.4;64.3;;;;
2022-06-06 09:00:00 ;2.941;2.964;2.937;2.953;64.7;64.1;;;;
2022-06-07 09:00:00 ;3.045;3.045;3.01;3.021;68.6;68.8;;;;
2022-06-08 09:00:00 ;2.999;3.021;2.994;3.007;61.7;65.9;;;;
2022-06-09 09:00:00 ;3.04;3.042;3.007;3.01;56.1;62.3;;;;
2022-06-10 09:00:00 ;3.051;3.051;3.018;3.033;55.9;62.0;;;;
2022-06-13 09:00:00 ;3.193;3.248;3.182;3.238;79.3;66.6;;;;
2022-06-14 09:00:00 ;3.301;3.331;3.269;3.288;67.3;74.1;;;;
2022-06-15 09:00:00 ;3.4;3.441;3.372;3.379;63.8;75.7;;;;
2022-06-16 09:00:00 ;3.345;3.464;3.337;3.445;63.1;66.0;;;;
2022-06-17 09:00:00 ;3.267;3.282;3.194;3.224;45.3;55.1;;;;
2022-06-21 09:00:00 ;3.275;3.288;3.258;3.279;50.7;47.9;;;;
2022-06-22 09:00:00 ;3.222;3.239;3.209;3.213;42.3;48.7;;;;
2022-06-23 09:00:00 ;3.171;3.175;3.089;3.124;35.4;43.9;;;;
2022-06-24 09:00:00 ;3.057;3.115;3.041;3.115;43.4;37.9;;;;
2022-06-27 09:00:00 ;3.16;3.181;3.145;3.171;50.9;41.7;;;;
2022-06-28 09:00:00 ;3.207;3.258;3.202;3.255;61.7;49.7;;;;
2022-06-29 09:00:00 ;3.14;3.183;3.14;3.16;47.2;52.0;;;;
2022-06-30 09:00:00 ;3.067;3.071;3.05;3.059;35.9;46.3;;;;
2022-07-01 09:00:00 ;2.961;3.007;2.957;2.959;30.6;36.6;;;;
2022-07-05 09:00:00 ;2.946;2.956;2.878;2.911;36.4;32.7;;;;
2022-07-06 09:00:00 ;2.825;2.845;2.796;2.82;31.2;32.7;;;;
2022-07-07 09:00:00 ;2.93;2.982;2.926;2.95;52.7;39.2;;;;
2022-07-08 09:00:00 ;2.985;3;2.967;2.982;55.3;49.7;;;;
2022-07-11 09:00:00 ;3.071;3.075;3.047;3.06;60.1;59.6;;;;
2022-07-12 09:00:00 ;2.948;2.948;2.902;2.917;40.2;55.3;;;;
2022-07-13 09:00:00 ;2.976;2.984;2.948;2.952;46.1;48.5;;;;
2022-07-14 09:00:00 ;2.939;2.985;2.939;2.967;50.8;45.6;;;;
2022-07-15 09:00:00 ;2.913;2.947;2.91;2.936;46.2;46.8;;;;
2022-07-18 09:00:00 ;2.937;2.967;2.934;2.954;51.2;47.3;;;;
2022-07-19 09:00:00 ;2.961;2.999;2.958;2.986;54.9;49.5;;;;
2022-07-20 09:00:00 ;3.012;3.023;2.961;2.973;49.0;55.2;;;;
2022-07-21 09:00:00 ;3.051;3.062;3.038;3.041;58.4;57.1;;;;
2022-07-22 09:00:00 ;2.893;2.897;2.805;2.82;31.2;48.2;;;;
2022-07-25 09:00:00 ;2.794;2.818;2.774;2.801;35.5;37.5;;;;
2022-07-26 09:00:00 ;2.787;2.792;2.754;2.759;31.8;33.7;;;;
2022-07-27 09:00:00 ;2.805;2.818;2.779;2.798;41.8;37.7;;;;
2022-07-28 09:00:00 ;2.809;2.827;2.776;2.787;44.9;39.7;;;;
2022-07-29 09:00:00 ;2.667;2.727;2.667;2.703;40.1;38.5;;;;
2022-08-01 09:00:00 ;2.67;2.69;2.647;2.667;38.5;37.2;;;;
2022-08-02 09:00:00 ;2.55;2.57;2.523;2.562;31.3;33.9;;;;
2022-08-03 09:00:00 ;2.719;2.79;2.716;2.781;60.8;42.2;;;;
2022-08-04 09:00:00 ;2.728;2.745;2.714;2.734;53.0;51.5;;;;
2022-08-05 09:00:00 ;2.685;2.704;2.683;2.699;49.6;51.9;;;;
2022-08-08 09:00:00 ;2.812;2.814;2.788;2.796;57.4;54.6;;;;
2022-08-09 09:00:00 ;2.759;2.799;2.746;2.796;57.1;56.4;;;;
2022-08-10 09:00:00 ;2.794;2.799;2.764;2.794;55.9;54.8;;;;
2022-08-11 09:00:00 ;2.768;2.782;2.761;2.773;50.8;53.3;;;;
2022-08-12 09:00:00 ;2.873;2.904;2.858;2.869;62.4;57.2;;;;
2022-08-15 09:00:00 ;2.846;2.864;2.822;2.831;52.8;58.9;;;;
2022-08-16 09:00:00 ;2.775;2.806;2.775;2.795;46.7;51.9;;;;
2022-08-17 09:00:00 ;2.831;2.879;2.831;2.869;60.0;49.8;;;;
2022-08-18 09:00:00 ;2.913;2.913;2.875;2.875;55.5;55.9;;;;
2022-08-19 09:00:00 ;2.941;2.95;2.922;2.941;64.1;59.3;;;;
2022-08-22 09:00:00 ;2.963;2.985;2.943;2.981;63.6;61.6;;;;
2022-08-23 09:00:00 ;2.998;3.029;2.985;3.022;64.1;65.6;;;;
2022-08-24 09:00:00 ;3.048;3.065;3.022;3.052;64.5;64.4;;;;
2022-08-25 09:00:00 ;3.095;3.102;3.072;3.098;66.2;65.6;;;;
2022-08-26 09:00:00 ;3.061;3.086;3.059;3.076;58.4;62.2;;;;
2022-08-29 09:00:00 ;3.121;3.121;3.104;3.106;60.6;57.1;;;;
2022-08-30 09:00:00 ;3.088;3.102;3.052;3.06;48.4;56.6;;;;
2022-08-31 09:00:00 ;3.093;3.164;3.093;3.147;60.9;57.9;;;;
2022-09-01 09:00:00 ;3.2;3.21;3.183;3.2;64.5;58.4;;;;
2022-09-02 09:00:00 ;3.237;3.267;3.237;3.256;65.3;63.6;;;;
2022-09-06 09:00:00 ;3.246;3.279;3.227;3.235;58.3;60.3;;;;
2022-09-07 09:00:00 ;3.353;3.353;3.307;3.328;64.7;62.3;;;;
2022-09-08 09:00:00 ;3.233;3.267;3.233;3.25;49.7;60.6;;;;
2022-09-09 09:00:00 ;3.298;3.319;3.249;3.262;49.3;55.8;;;;
2022-09-12 09:00:00 ;3.329;3.331;3.293;3.293;52.1;55.1;;;;
2022-09-13 09:00:00 ;3.333;3.341;3.316;3.318;53.4;56.0;;;;
2022-09-14 09:00:00 ;3.418;3.457;3.418;3.443;66.0;60.3;;;;
2022-09-15 09:00:00 ;3.447;3.461;3.435;3.459;64.9;61.6;;;;
2022-09-16 09:00:00 ;3.479;3.479;3.457;3.471;63.7;62.3;;;;
2022-09-19 09:00:00 ;3.448;3.494;3.448;3.494;65.4;61.8;;;;
2022-09-20 09:00:00 ;3.495;3.543;3.485;3.538;69.4;62.6;;;;
2022-09-21 09:00:00 ;3.542;3.546;3.52;3.544;62.8;65.2;;;;
2022-09-22 09:00:00 ;3.554;3.563;3.514;3.536;56.4;63.4;;;;
2022-09-23 09:00:00 ;3.703;3.797;3.679;3.797;79.5;66.4;;;;
2022-09-26 09:00:00 ;3.799;3.799;3.745;3.781;67.3;68.5;;;;
2022-09-27 09:00:00 ;3.858;3.864;3.811;3.811;59.7;67.9;;;;
2022-09-28 09:00:00 ;4.009;4.019;3.886;3.933;62.0;68.1;;;;
2022-09-29 09:00:00 ;3.82;3.868;3.81;3.826;52.6;58.8;;;;
2022-09-30 09:00:00 ;3.724;3.73;3.682;3.698;42.5;50.4;;;;
2022-10-03 09:00:00 ;3.772;3.817;3.76;3.764;48.3;49.2;;;;
2022-10-04 09:00:00 ;3.583;3.607;3.564;3.583;36.2;44.2;;;;
2022-10-05 09:00:00 ;3.661;3.717;3.657;3.687;49.4;41.7;;;;
2022-10-06 09:00:00 ;3.771;3.791;3.751;3.773;57.3;47.8;;;;
2022-10-07 09:00:00 ;3.847;3.855;3.833;3.851;64.7;58.1;;;;
2022-10-11 09:00:00 ;3.98;3.98;3.931;3.935;62.8;67.7;;;;
2022-10-12 09:00:00 ;3.913;3.972;3.91;3.962;62.8;66.5;;;;
2022-10-13 09:00:00 ;3.933;3.935;3.882;3.89;49.4;59.1;;;;
2022-10-14 09:00:00 ;3.899;3.93;3.883;3.895;48.1;54.9;;;;
2022-10-17 09:00:00 ;3.98;3.98;3.932;3.949;51.7;55.7;;;;
2022-10-18 09:00:00 ;3.994;4.04;3.98;4.011;58.3;56.5;;;;
2022-10-19 09:00:00 ;4.067;4.079;4.054;4.069;65.1;57.8;;;;
2022-10-20 09:00:00 ;4.153;4.18;4.107;4.115;64.5;64.0;;;;
2022-10-21 09:00:00 ;4.257;4.291;4.24;4.276;79.0;71.8;;;;
2022-10-24 09:00:00 ;4.141;4.217;4.137;4.164;54.7;67.8;;;;
2022-10-25 09:00:00 ;4.18;4.196;4.173;4.175;51.8;61.9;;;;
2022-10-26 09:00:00 ;4.046;4.079;4.026;4.067;40.0;50.3;;;;
2022-10-27 09:00:00 ;4.036;4.086;4.036;4.08;47.2;41.3;;;;
2022-10-28 09:00:00 ;3.95;4.023;3.95;4.006;44.9;37.0;;;;
2022-11-07 09:00:00 ;4.188;4.188;4.131;4.138;53.7;59.0;;;;
2022-11-08 09:00:00 ;4.224;4.241;4.197;4.208;60.0;59.8;;;;
2022-11-09 09:00:00 ;4.115;4.151;4.101;4.13;47.9;55.1;;;;
2022-11-10 09:00:00 ;4.098;4.117;4.079;4.102;45.7;48.5;;;;
2022-11-14 09:00:00 ;3.891;3.902;3.865;3.891;36.8;36.0;;;;
2022-11-15 09:00:00 ;3.844;3.865;3.794;3.798;29.4;32.5;;;;
2022-11-16 09:00:00 ;3.81;3.818;3.777;3.781;32.0;33.2;;;;
2022-11-17 09:00:00 ;3.688;3.747;3.681;3.725;35.3;30.3;;;;
2022-11-18 09:00:00 ;3.762;3.825;3.762;3.806;49.6;36.1;;;;
2022-11-21 09:00:00 ;3.81;3.842;3.803;3.833;53.8;45.1;;;;
2022-11-22 09:00:00 ;3.801;3.819;3.788;3.789;46.6;49.6;;;;
2022-11-23 09:00:00 ;3.765;3.784;3.741;3.765;43.6;47.6;;;;
2022-11-25 09:00:00 ;3.676;3.722;3.659;3.722;45.8;38.2;;;;
2022-11-28 09:00:00 ;3.642;3.696;3.62;3.677;42.0;37.1;;;;
2022-11-29 09:00:00 ;3.676;3.679;3.648;3.659;41.3;42.0;;;;
2022-11-30 09:00:00 ;3.737;3.748;3.714;3.727;51.9;47.6;;;;
2022-12-01 09:00:00 ;3.626;3.64;3.598;3.602;36.9;47.5;;;;
2022-12-02 09:00:00 ;3.532;3.535;3.508;3.515;32.0;40.0;;;;
2022-12-05 09:00:00 ;3.532;3.541;3.51;3.519;40.1;36.7;;;;
2022-12-06 09:00:00 ;3.597;3.597;3.561;3.564;46.3;42.7;;;;
2022-12-07 09:00:00 ;3.517;3.548;3.513;3.544;46.1;45.5;;;;
2022-12-08 09:00:00 ;3.449;3.466;3.44;3.451;40.2;41.9;;;;
2022-12-09 09:00:00 ;3.476;3.496;3.471;3.483;46.1;41.4;;;;
2022-12-12 09:00:00 ;3.542;3.556;3.52;3.527;50.5;48.5;;;;
2022-12-13 09:00:00 ;3.591;3.615;3.584;3.584;55.9;55.3;;;;
2022-12-14 09:00:00 ;3.474;3.505;3.465;3.497;45.6;51.1;;;;
2022-12-15 09:00:00 ;3.488;3.51;3.466;3.474;43.4;46.1;;;;
2022-12-16 09:00:00 ;3.484;3.504;3.475;3.497;49.7;44.5;;;;
2022-12-19 09:00:00 ;3.517;3.533;3.502;3.519;54.4;47.2;;;;
2022-12-20 09:00:00 ;3.655;3.671;3.645;3.647;66.2;57.9;;;;
2022-12-21 09:00:00 ;3.679;3.695;3.677;3.679;65.9;66.4;;;;
2022-12-22 09:00:00 ;3.641;3.651;3.63;3.651;56.8;65.0;;;;
2022-12-23 09:00:00 ;3.682;3.719;3.676;3.71;65.9;61.8;;;;
2022-12-27 09:00:00 ;3.751;3.783;3.751;3.779;72.5;64.3;;;;
2022-12-28 09:00:00 ;3.83;3.841;3.824;3.826;69.9;71.2;;;;
2022-12-29 09:00:00 ;3.843;3.883;3.841;3.881;69.4;73.2;;;;
2022-12-30 09:00:00 ;3.827;3.856;3.827;3.852;60.3;65.7;;;;
2023-01-03 09:00:00 ;3.805;3.818;3.735;3.761;39.6;56.2;;;;
2023-01-04 09:00:00 ;3.681;3.709;3.672;3.681;32.1;47.8;;;;
2023-01-05 09:00:00 ;3.698;3.722;3.686;3.692;38.2;38.8;;;;
2023-01-06 09:00:00 ;3.722;3.74;3.714;3.727;46.5;40.5;;;;
2023-01-09 09:00:00 ;3.599;3.61;3.591;3.599;35.2;39.2;;;;
2023-01-10 09:00:00 ;3.552;3.567;3.539;3.567;38.0;34.7;;;;
2023-01-11 09:00:00 ;3.574;3.587;3.559;3.58;41.8;37.8;;;;
2023-01-12 09:00:00 ;3.515;3.55;3.511;3.526;36.1;39.9;;;;
2023-01-13 09:00:00 ;3.45;3.472;3.417;3.469;34.6;34.8;;;;
2023-01-17 09:00:00 ;3.54;3.561;3.54;3.551;53.3;40.9;;;;
2023-01-18 09:00:00 ;3.479;3.501;3.476;3.476;41.1;47.6;;;;
2023-01-19 09:00:00 ;3.351;3.393;3.335;3.39;38.2;40.4;;;;
2023-01-20 09:00:00 ;3.411;3.442;3.4;3.438;48.0;37.4;;;;
2023-01-23 09:00:00 ;3.493;3.508;3.471;3.502;58.6;46.9;;;;
2023-01-24 09:00:00 ;3.495;3.508;3.491;3.502;56.1;55.8;;;;
2023-01-25 09:00:00 ;3.456;3.456;3.431;3.434;40.2;53.3;;;;
2023-01-26 09:00:00 ;3.451;3.491;3.447;3.484;54.0;47.9;;;;
2023-01-27 09:00:00 ;3.524;3.563;3.524;3.557;66.8;52.1;;;;
2023-01-30 09:00:00 ;3.505;3.562;3.505;3.559;62.7;56.9;;;;
2023-01-31 09:00:00 ;3.52;3.54;3.511;3.536;55.5;57.5;;;;
2023-02-01 09:00:00 ;3.496;3.499;3.464;3.488;43.5;53.4;;;;
2023-02-02 09:00:00 ;3.404;3.424;3.398;3.409;34.0;43.7;;;;
2023-02-03 09:00:00 ;3.387;3.407;3.383;3.39;39.5;36.9;;;;
2023-02-06 09:00:00 ;3.549;3.617;3.547;3.601;66.9;46.8;;;;
2023-02-07 09:00:00 ;3.627;3.649;3.615;3.649;68.7;61.3;;;;
2023-02-08 09:00:00 ;3.64;3.664;3.64;3.649;62.7;66.2;;;;
2023-02-09 09:00:00 ;3.614;3.618;3.586;3.586;48.5;61.6;;;;
2023-02-10 09:00:00 ;3.669;3.715;3.658;3.703;63.3;58.4;;;;
2023-02-13 09:00:00 ;3.74;3.755;3.73;3.738;66.4;61.3;;;;
2023-02-14 09:00:00 ;3.688;3.7;3.677;3.694;54.4;62.0;;;;
2023-02-15 09:00:00 ;3.749;3.757;3.726;3.749;61.2;61.3;;;;
2023-02-16 09:00:00 ;3.78;3.791;3.768;3.788;63.4;63.0;;;;
2023-02-17 09:00:00 ;3.91;3.927;3.892;3.892;72.9;68.7;;;;
2023-02-21 09:00:00 ;3.857;3.882;3.84;3.877;64.3;64.6;;;;
2023-02-22 09:00:00 ;3.929;3.968;3.925;3.939;68.6;63.9;;;;
2023-02-23 09:00:00 ;3.929;3.951;3.922;3.943;64.6;65.6;;;;
2023-02-24 09:00:00 ;3.869;3.91;3.865;3.91;55.3;58.8;;;;
2023-02-27 09:00:00 ;3.932;3.971;3.93;3.953;60.7;57.1;;;;
2023-02-28 09:00:00 ;3.959;3.961;3.934;3.945;57.5;56.8;;;;
2023-03-01 09:00:00 ;3.953;3.963;3.914;3.922;50.0;54.9;;;;
2023-03-02 09:00:00 ;4.036;4.046;4.014;4.022;64.3;59.1;;;;
2023-03-03 09:00:00 ;4.044;4.044;3.999;4.007;53.9;63.2;;;;
2023-03-06 09:00:00 ;3.936;3.948;3.909;3.928;39.7;56.4;;;;
2023-03-07 09:00:00 ;3.958;3.964;3.925;3.934;42.0;47.7;;;;
2023-03-08 09:00:00 ;3.983;3.999;3.966;3.976;50.3;48.4;;;;
2023-03-09 09:00:00 ;3.995;4.009;3.98;3.985;51.8;50.3;;;;
2023-03-10 09:00:00 ;3.82;3.868;3.799;3.847;34.5;45.0;;;;
2023-03-27 09:00:00 ;3.408;3.471;3.378;3.462;51.7;41.7;;;;
2023-03-28 09:00:00 ;3.53;3.575;3.53;3.553;60.1;48.3;;;;
2023-03-29 09:00:00 ;3.57;3.575;3.534;3.553;57.8;57.7;;;;
2023-03-30 09:00:00 ;3.553;3.583;3.536;3.568;58.6;59.7;;;;
2023-03-31 09:00:00 ;3.56;3.585;3.551;3.554;53.9;57.5;;;;
2023-04-03 09:00:00 ;3.528;3.545;3.507;3.52;48.1;51.4;;;;
2023-04-04 09:00:00 ;3.43;3.46;3.424;3.454;42.4;42.8;;;;
2023-04-05 09:00:00 ;3.363;3.372;3.342;3.365;35.0;36.2;;;;
2023-04-06 09:00:00 ;3.29;3.298;3.27;3.29;31.5;32.4;;;;
2023-04-07 09:00:00 ;3.305;3.307;3.298;3.307;38.5;32.9;;;;
2023-04-10 09:00:00 ;3.383;3.385;3.379;3.379;52.1;40.7;;;;
2023-04-11 09:00:00 ;3.406;3.406;3.383;3.391;52.2;49.4;;;;
2023-04-12 09:00:00 ;3.428;3.46;3.424;3.452;61.3;56.1;;;;
2023-04-13 09:00:00 ;3.4;3.437;3.394;3.432;55.7;55.4;;;;
2023-04-14 09:00:00 ;3.445;3.452;3.424;3.447;57.2;55.1;;;;
2023-04-17 09:00:00 ;3.517;3.545;3.513;3.538;69.9;60.7;;;;
2023-04-18 09:00:00 ;3.597;3.608;3.579;3.591;71.3;68.8;;;;
2023-04-19 09:00:00 ;3.608;3.639;3.598;3.621;71.1;69.5;;;;
2023-04-20 09:00:00 ;3.564;3.583;3.545;3.551;49.6;63.9;;;;
2023-04-21 09:00:00 ;3.522;3.557;3.52;3.526;44.0;55.0;;;;
2023-04-24 09:00:00 ;3.543;3.547;3.53;3.541;47.2;49.4;;;;
2023-04-25 09:00:00 ;3.475;3.475;3.437;3.443;26.8;43.8;;;;
2023-04-26 09:00:00 ;3.409;3.416;3.394;3.409;26.5;31.9;;;;
2023-04-27 09:00:00 ;3.456;3.477;3.443;3.46;47.6;31.6;;;;
2023-04-28 09:00:00 ;3.511;3.515;3.454;3.477;48.2;46.3;;;;
2023-05-01 09:00:00 ;3.467;3.467;3.454;3.454;45.4;51.0;;;;
2023-05-02 09:00:00 ;3.545;3.557;3.519;3.538;57.8;53.1;;;;
2023-05-03 09:00:00 ;3.414;3.422;3.39;3.405;36.6;50.1;;;;
2023-05-04 09:00:00 ;3.369;3.379;3.352;3.352;33.5;42.2;;;;
2023-05-05 09:00:00 ;3.384;3.409;3.38;3.407;47.8;38.0;;;;
2023-05-08 09:00:00 ;3.46;3.465;3.456;3.462;56.8;44.6;;;;
2023-05-09 09:00:00 ;3.49;3.501;3.479;3.486;57.2;55.5;;;;
2023-05-10 09:00:00 ;3.52;3.528;3.496;3.503;56.5;60.0;;;;
2023-05-11 09:00:00 ;3.425;3.442;3.418;3.425;41.1;52.6;;;;
2023-05-12 09:00:00 ;3.401;3.418;3.395;3.412;44.3;43.1;;;;
2023-05-15 09:00:00 ;3.481;3.487;3.47;3.483;59.5;46.0;;;;
2023-05-16 09:00:00 ;3.466;3.478;3.457;3.468;51.9;55.1;;;;
2023-05-17 09:00:00 ;3.526;3.54;3.517;3.532;62.1;61.1;;;;
2023-05-18 09:00:00 ;3.581;3.596;3.575;3.596;69.2;63.6;;;;
2023-05-19 09:00:00 ;3.633;3.652;3.619;3.648;72.4;69.2;;;;
2023-05-22 09:00:00 ;3.661;3.665;3.642;3.663;64.2;70.9;;;;
2023-05-23 09:00:00 ;3.723;3.753;3.713;3.748;73.7;70.4;;;;
2023-05-24 09:00:00 ;3.717;3.721;3.679;3.679;52.4;65.2;;;;
2023-05-25 09:00:00 ;3.754;3.767;3.738;3.759;65.1;62.3;;;;
2023-05-26 09:00:00 ;3.802;3.816;3.777;3.781;61.0;64.0;;;;
2023-05-30 09:00:00 ;3.75;3.762;3.717;3.719;43.0;60.5;;;;
2023-05-31 09:00:00 ;3.654;3.666;3.645;3.652;32.2;46.9;;;;
2023-06-01 09:00:00 ;3.677;3.689;3.666;3.666;40.3;38.2;;;;
2023-06-02 09:00:00 ;3.612;3.618;3.608;3.614;34.7;34.2;;;;
2023-06-05 09:00:00 ;3.733;3.749;3.733;3.747;64.5;44.7;;;;
2023-06-06 09:00:00 ;3.697;3.704;3.654;3.668;45.9;51.3;;;;
2023-06-07 09:00:00 ;3.674;3.691;3.67;3.689;50.7;52.0;;;;
2023-06-08 09:00:00 ;3.815;3.817;3.79;3.813;68.6;56.5;;;;
2023-06-09 09:00:00 ;3.736;3.757;3.73;3.749;54.3;57.3;;;;
2023-06-12 09:00:00 ;3.761;3.77;3.738;3.747;53.1;55.0;;;;
2023-06-13 09:00:00 ;3.738;3.741;3.72;3.734;48.7;53.0;;;;
2023-06-14 09:00:00 ;3.808;3.825;3.794;3.823;61.8;56.4;;;;
2023-06-15 09:00:00 ;3.831;3.843;3.806;3.825;59.7;57.9;;;;
2023-06-16 09:00:00 ;3.75;3.761;3.719;3.726;42.6;51.7;;;;
2023-06-20 09:00:00 ;3.793;3.802;3.771;3.771;49.0;49.6;;;;
2023-06-21 09:00:00 ;3.756;3.762;3.727;3.74;46.2;49.4;;;;
2023-06-22 09:00:00 ;3.738;3.762;3.732;3.76;51.4;46.5;;;;
2023-06-23 09:00:00 ;3.799;3.799;3.729;3.746;46.4;50.6;;;;
2023-06-26 09:00:00 ;3.731;3.731;3.683;3.683;34.8;48.9;;;;
2023-06-27 09:00:00 ;3.733;3.746;3.725;3.733;47.6;45.5;;;;
2023-06-28 09:00:00 ;3.756;3.764;3.739;3.743;48.3;48.4;;;;
2023-06-29 09:00:00 ;3.751;3.76;3.735;3.745;50.6;49.9;;;;
2023-06-30 09:00:00 ;3.862;3.89;3.854;3.87;70.0;56.4;;;;
2023-07-03 09:00:00 ;3.835;3.858;3.831;3.845;60.8;61.7;;;;
2023-07-05 09:00:00 ;3.864;3.868;3.831;3.843;54.8;59.8;;;;
2023-07-06 09:00:00 ;3.959;3.983;3.955;3.979;73.1;64.5;;;;
2023-07-07 09:00:00 ;4.026;4.066;4.022;4.064;73.2;69.9;;;;
2023-07-10 09:00:00 ;4.07;4.076;4.052;4.058;65.0;70.6;;;;
2023-07-11 09:00:00 ;3.966;3.98;3.95;3.966;46.5;61.3;;;;
2023-07-12 09:00:00 ;3.946;3.956;3.938;3.95;43.4;51.9;;;;
2023-07-13 09:00:00 ;3.838;3.84;3.804;3.82;25.2;39.1;;;;
2023-07-14 09:00:00 ;3.797;3.807;3.785;3.785;29.7;29.1;;;;
2023-07-17 09:00:00 ;3.819;3.832;3.773;3.781;34.2;29.6;;;;
2023-07-18 09:00:00 ;3.774;3.777;3.75;3.764;35.7;36.3;;;;
2023-07-19 09:00:00 ;3.74;3.766;3.729;3.754;37.9;39.1;;;;
2023-07-20 09:00:00 ;3.766;3.797;3.758;3.793;49.7;40.4;;;;
2023-07-21 09:00:00 ;3.845;3.861;3.837;3.845;57.8;49.0;;;;
2023-07-24 09:00:00 ;3.849;3.857;3.805;3.805;46.2;55.3;;;;
2023-07-25 09:00:00 ;3.881;3.9;3.867;3.896;62.5;56.6;;;;
2023-07-26 09:00:00 ;3.885;3.898;3.875;3.893;58.6;58.3;;;;
2023-07-27 09:00:00 ;3.849;3.881;3.847;3.869;52.1;56.3;;;;
2023-07-28 09:00:00 ;4.033;4.033;3.967;3.977;60.6;58.8;;;;
2023-07-31 09:00:00 ;4.001;4.003;3.973;3.973;57.1;61.1;;;;
2023-08-01 09:00:00 ;3.953;3.981;3.951;3.967;55.4;57.9;;;;
2023-08-02 09:00:00 ;4.017;4.039;4.017;4.021;59.9;58.9;;;;
2023-08-03 09:00:00 ;4.155;4.165;4.134;4.145;69.1;63.8;;;;
2023-08-04 09:00:00 ;4.188;4.196;4.176;4.192;70.7;67.9;;;;
2023-08-07 09:00:00 ;4.078;4.123;4.072;4.111;54.6;61.6;;;;
2023-08-08 09:00:00 ;4.018;4.022;3.996;4.004;39.8;51.3;;;;
2023-08-09 09:00:00 ;4.018;4.036;4.008;4.034;46.2;46.1;;;;
2023-08-10 09:00:00 ;4.015;4.026;4.003;4.005;41.2;42.7;;;;
2023-08-11 09:00:00 ;4.096;4.107;4.082;4.102;61.3;48.4;;;;
2023-08-14 09:00:00 ;4.172;4.178;4.148;4.152;63.6;58.8;;;;
2023-08-15 09:00:00 ;4.213;4.239;4.211;4.231;74.0;67.9;;;;
2023-08-16 09:00:00 ;4.182;4.195;4.17;4.184;56.1;65.3;;;;
2023-08-17 09:00:00 ;4.3;4.31;4.284;4.31;72.9;65.3;;;;
2023-08-18 09:00:00 ;4.227;4.243;4.217;4.225;50.9;63.3;;;;
2023-08-21 09:00:00 ;4.292;4.304;4.278;4.298;64.2;61.6;;;;
2023-08-22 09:00:00 ;4.342;4.342;4.306;4.308;58.9;61.5;;;;
2023-08-23 09:00:00 ;4.288;4.298;4.259;4.263;44.9;62.5;;;;
2023-08-24 09:00:00 ;4.186;4.208;4.176;4.202;37.7;48.6;;;;
2023-08-28 09:00:00 ;4.23;4.243;4.23;4.232;46.6;44.9;;;;
2023-08-29 09:00:00 ;4.182;4.212;4.18;4.21;44.9;45.3;;;;
2023-08-30 09:00:00 ;4.145;4.153;4.128;4.149;38.6;39.0;;;;
2023-08-31 09:00:00 ;4.112;4.114;4.098;4.102;32.6;35.0;;;;
2023-09-01 09:00:00 ;4.116;4.118;4.104;4.108;38.6;35.2;;;;
2023-09-04 09:00:00 ;4.19799995;4.21000004;4.1960001;4.20499992;62.7;45.6;;;;
2023-09-05 09:00:00 ;4.22300005;4.23000002;4.21099997;4.22609997;67.3;57.1;;;;
2023-09-06 09:00:00 ;4.258;4.274;4.246;4.25;66.3;67.3;;;;
2023-09-07 09:00:00 ;4.288;4.292;4.266;4.274;63.9;70.9;;;;
2023-09-08 09:00:00 ;4.225;4.248;4.219;4.244;51.2;63.2;;;;
2023-09-11 09:00:00 ;4.292;4.296;4.278;4.296;62.5;56.9;;;;
2023-09-12 09:00:00 ;4.292;4.294;4.272;4.284;56.5;57.3;;;;
2023-09-13 09:00:00 ;4.288;4.31;4.288;4.302;60.0;58.5;;;;
2023-09-14 09:00:00 ;4.239;4.266;4.239;4.256;47.0;51.5;;;;
2023-09-15 09:00:00 ;4.289;4.33;4.289;4.328;65.4;51.7;;;;
2023-09-18 09:00:00 ;4.349;4.357;4.341;4.345;65.5;58.3;;;;
2023-09-19 09:00:00 ;4.321;4.325;4.309;4.317;54.3;60.0;;;;
2023-09-20 09:00:00 ;4.353;4.363;4.339;4.341;56.3;59.5;;;;
2023-09-21 09:00:00 ;4.425;4.445;4.415;4.427;68.8;62.2;;;;
2023-09-22 09:00:00 ;4.486;4.49;4.458;4.484;71.1;68.1;;;;
2023-09-25 09:00:00 ;4.462;4.501;4.462;4.491;66.7;67.7;;;;
2023-09-26 09:00:00 ;4.556;4.56;4.507;4.507;58.7;66.0;;;;
2023-09-27 09:00:00 ;4.513;4.513;4.499;4.509;54.8;64.7;;;;
2023-09-28 09:00:00 ;4.616;4.647;4.604;4.647;70.2;63.5;;;;
2023-09-29 09:00:00 ;4.557;4.559;4.532;4.547;49.4;61.0;;;;
2023-10-02 09:00:00 ;4.614;4.633;4.604;4.633;61.0;58.1;;;;
2023-10-03 09:00:00 ;4.689;4.71;4.664;4.71;68.9;59.6;;;;
2023-10-04 09:00:00 ;4.876;4.876;4.802;4.817;68.1;69.6;;;;
2023-10-05 09:00:00 ;4.744;4.754;4.714;4.716;51.8;65.8;;;;
2023-10-06 09:00:00 ;4.736;4.753;4.732;4.744;55.6;57.2;;;;
2023-10-10 09:00:00 ;4.674;4.684;4.647;4.678;46.0;50.7;;;;
2023-10-11 09:00:00 ;4.643;4.643;4.544;4.562;33.8;44.6;;;;
2023-10-12 09:00:00 ;4.546;4.579;4.544;4.565;39.0;40.3;;;;
2023-10-13 09:00:00 ;4.666;4.672;4.61;4.617;45.9;44.2;;;;
2023-10-16 09:00:00 ;4.683;4.696;4.677;4.691;55.9;49.6;;;;
2023-10-17 09:00:00 ;4.75;4.763;4.733;4.763;64.4;54.5;;;;
2023-10-18 09:00:00 ;4.851;4.866;4.822;4.826;65.5;63.7;;;;
2023-10-19 09:00:00 ;4.958;4.983;4.951;4.953;74.6;70.7;;;;
2023-10-20 09:00:00 ;4.933;4.954;4.924;4.946;65.0;71.4;;;;
2023-10-23 09:00:00 ;4.972;5.021;4.965;5.004;67.7;67.6;;;;
2023-10-24 09:00:00 ;4.802;4.865;4.802;4.863;48.1;55.4;;;;
2023-10-25 09:00:00 ;4.836;4.872;4.834;4.863;49.6;48.6;;;;
2023-10-26 09:00:00 ;4.985;4.989;4.944;4.962;59.9;52.1;;;;
2023-10-27 09:00:00 ;4.875;4.888;4.856;4.866;46.7;52.7;;;;
2023-11-06 09:00:00 ;4.591;4.599;4.583;4.593;34.0;31.0;;;;
2023-11-07 09:00:00 ;4.654;4.654;4.587;4.62;40.5;36.2;;;;
2023-11-08 09:00:00 ;4.604;4.604;4.569;4.573;38.0;39.6;;;;
2023-11-09 09:00:00 ;4.496;4.541;4.488;4.533;39.0;36.3;;;;
2023-11-10 09:00:00 ;4.602;4.648;4.598;4.638;55.4;41.9;;;;
2023-11-13 09:00:00 ;4.64;4.658;4.624;4.634;53.3;50.2;;;;
2023-11-14 09:00:00 ;4.614;4.63;4.61;4.62;50.0;52.8;;;;
2023-11-15 09:00:00 ;4.457;4.475;4.43;4.465;35.9;43.9;;;;
2023-11-16 09:00:00 ;4.492;4.508;4.484;4.486;40.6;40.0;;;;
2023-11-17 09:00:00 ;4.435;4.439;4.381;4.41;31.6;39.0;;;;
2023-11-20 09:00:00 ;4.461;4.48;4.445;4.472;47.0;39.0;;;;
2023-11-21 09:00:00 ;4.389;4.42;4.387;4.42;41.1;39.6;;;;
2023-11-22 09:00:00 ;4.402;4.414;4.371;4.377;35.7;40.2;;;;
2023-11-24 09:00:00 ;4.468;4.488;4.465;4.465;55.8;45.3;;;;
2023-11-27 09:00:00 ;4.48;4.496;4.463;4.468;53.7;52.9;;;;
2023-11-28 09:00:00 ;4.381;4.41;4.381;4.41;45.1;50.3;;;;
2023-11-29 09:00:00 ;4.269;4.305;4.267;4.286;30.8;39.5;;;;
2023-11-30 09:00:00 ;4.263;4.301;4.259;4.299;39.5;33.2;;;;
2023-12-01 09:00:00 ;4.33;4.344;4.307;4.342;49.6;38.1;;;;
2023-12-04 09:00:00 ;4.243;4.259;4.232;4.249;39.5;41.3;;;;
2023-12-05 09:00:00 ;4.236;4.255;4.228;4.232;38.6;40.9;;;;
2023-12-06 09:00:00 ;4.178;4.205;4.163;4.197;39.2;38.2;;;;
2023-12-07 09:00:00 ;4.167;4.169;4.136;4.155;39.9;34.9;;;;
2023-12-08 09:00:00 ;4.159;4.189;4.151;4.182;48.1;37.9;;;;
2023-12-11 09:00:00 ;4.256;4.266;4.247;4.258;60.1;48.8;;;;
2023-12-12 09:00:00 ;4.193;4.208;4.187;4.195;45.4;53.7;;;;
2023-12-13 09:00:00 ;4.183;4.197;4.179;4.181;42.8;50.7;;;;
2023-12-14 09:00:00 ;3.966;3.966;3.932;3.958;18.4;36.6;;;;
2023-12-15 09:00:00 ;3.933;3.933;3.909;3.92;22.4;25.0;;;;
2023-12-18 09:00:00 ;3.915;3.915;3.892;3.905;26.1;22.5;;;;
2023-12-19 09:00:00 ;3.911;3.922;3.901;3.916;35.2;30.5;;;;
2023-12-20 09:00:00 ;3.899;3.911;3.883;3.888;33.1;35.3;;;;
2023-12-21 09:00:00 ;3.877;3.89;3.86;3.884;39.5;35.9;;;;
2023-12-22 09:00:00 ;3.886;3.889;3.86;3.863;37.5;38.1;;;;
2023-12-26 09:00:00 ;3.884;3.889;3.884;3.889;45.3;43.0;;;;
2023-12-27 09:00:00 ;3.874;3.876;3.865;3.87;41.7;44.8;;;;
2023-12-28 09:00:00 ;3.807;3.824;3.807;3.818;37.3;39.6;;;;
2023-12-29 09:00:00 ;3.834;3.892;3.834;3.881;55.5;39.5;;;;
2024-01-02 09:00:00 ;3.933;3.954;3.926;3.954;68.0;48.9;;;;
2024-01-03 09:00:00 ;3.959;3.989;3.957;3.976;68.7;58.0;;;;
2024-01-04 09:00:00 ;3.918;3.965;3.909;3.965;60.6;60.9;;;;
2024-01-05 09:00:00 ;4.014;4.05;4.008;4.04;70.7;62.3;;;;
2024-01-08 09:00:00 ;4.053;4.068;4.017;4.046;62.8;63.7;;;;
2024-01-09 09:00:00 ;4.027;4.051;4.027;4.051;60.4;61.1;;;;
2024-01-10 09:00:00 ;4.004;4.008;3.979;4.002;50.2;55.6;;;;
2024-01-11 09:00:00 ;3.996;4;3.985;3.987;45.5;53.2;;;;
2024-01-12 09:00:00 ;3.99;3.997;3.962;3.997;49.4;49.8;;;;
2024-01-16 09:00:00 ;3.999;4.014;3.984;4.009;53.7;46.9;;;;
2024-01-17 09:00:00 ;4.079;4.079;4.047;4.062;60.0;52.6;;;;
2024-01-18 09:00:00 ;4.088;4.096;4.071;4.088;61.0;60.7;;;;
2024-01-19 09:00:00 ;4.151;4.153;4.128;4.13;62.3;65.4;;;;
2024-01-22 09:00:00 ;4.124;4.14;4.092;4.099;50.6;62.8;;;;
2024-01-23 09:00:00 ;4.119;4.132;4.117;4.132;57.8;56.7;;;;
2024-01-24 09:00:00 ;4.107;4.115;4.092;4.109;49.8;53.6;;;;
2024-01-25 09:00:00 ;4.155;4.174;4.155;4.159;58.2;57.6;;;;
2024-01-26 09:00:00 ;4.103;4.122;4.103;4.118;48.1;53.4;;;;
2024-01-29 09:00:00 ;4.116;4.128;4.097;4.105;44.0;50.8;;;;
2024-01-30 09:00:00 ;4.047;4.066;4.047;4.064;38.7;45.2;;;;
2024-01-31 09:00:00 ;4.005;4.034;4.005;4.03;38.6;39.2;;;;
2024-02-01 09:00:00 ;3.946;3.954;3.933;3.937;32.7;34.8;;;;
2024-02-02 09:00:00 ;3.899;3.899;3.878;3.882;33.3;32.0;;;;
2024-02-05 09:00:00 ;4.083;4.1;4.075;4.091;62.1;43.2;;;;
2024-02-06 09:00:00 ;4.135;4.164;4.133;4.158;65.4;58.2;;;;
2024-02-07 09:00:00 ;4.096;4.129;4.094;4.129;59.5;60.8;;;;
2024-02-08 09:00:00 ;4.108;4.137;4.104;4.135;58.7;56.5;;;;
2024-02-09 09:00:00 ;4.166;4.175;4.16;4.166;61.6;58.1;;;;
2024-02-12 09:00:00 ;4.158;4.189;4.152;4.154;55.6;59.8;;;;
2024-02-13 09:00:00 ;4.185;4.193;4.162;4.168;54.9;59.7;;;;
2024-02-14 09:00:00 ;4.291;4.301;4.283;4.291;66.5;63.4;;;;
2024-02-15 09:00:00 ;4.232;4.232;4.214;4.23;52.3;63.0;;;;
2024-02-16 09:00:00 ;4.267;4.273;4.26;4.261;57.9;58.2;;;;
2024-02-20 09:00:00 ;4.291;4.297;4.267;4.279;56.9;57.9;;;;
2024-02-21 09:00:00 ;4.277;4.287;4.258;4.264;51.5;57.6;;;;
2024-02-22 09:00:00 ;4.309;4.327;4.301;4.309;58.9;57.1;;;;
2024-02-23 09:00:00 ;4.331;4.351;4.331;4.333;61.6;60.2;;;;
2024-02-26 09:00:00 ;4.225;4.25;4.225;4.248;42.1;52.7;;;;
2024-02-27 09:00:00 ;4.27;4.278;4.258;4.274;48.5;47.7;;;;
2024-02-28 09:00:00 ;4.299;4.303;4.284;4.287;50.4;49.8;;;;
2024-02-29 09:00:00 ;4.272;4.315;4.272;4.303;55.4;50.7;;;;
2024-03-01 09:00:00 ;4.262;4.28;4.217;4.225;40.6;46.8;;;;
2024-03-04 09:00:00 ;4.201;4.215;4.192;4.211;42.1;42.0;;;;
2024-03-05 09:00:00 ;4.19;4.205;4.18;4.186;36.8;40.4;;;;
2024-03-06 09:00:00 ;4.154;4.17;4.149;4.16;36.5;37.8;;;;
2024-03-07 09:00:00 ;4.108;4.121;4.098;4.098;29.7;32.0;;;;
2024-03-08 09:00:00 ;4.077;4.085;4.065;4.069;26.5;30.5;;;;
2024-04-01 09:00:00 ;4.191;4.212;4.191;4.212;47.5;43.3;;;;
2024-04-02 09:00:00 ;4.321;4.351;4.307;4.347;68.8;53.7;;;;
2024-04-03 09:00:00 ;4.361;4.389;4.361;4.365;68.7;64.2;;;;
2024-04-04 09:00:00 ;4.365;4.369;4.353;4.353;59.5;66.0;;;;
2024-04-05 09:00:00 ;4.32;4.339;4.31;4.332;54.0;58.4;;;;
2024-04-08 09:00:00 ;4.434;4.454;4.43;4.446;73.9;59.6;;;;
2024-04-09 09:00:00 ;4.41;4.414;4.384;4.394;56.0;63.9;;;;
2024-04-10 09:00:00 ;4.366;4.37;4.354;4.358;45.9;57.9;;;;
2024-04-11 09:00:00 ;4.552;4.568;4.54;4.54;69.7;59.8;;;;
2024-04-12 09:00:00 ;4.56;4.564;4.532;4.532;60.7;67.7;;;;
2024-04-15 09:00:00 ;4.556;4.573;4.544;4.573;65.2;65.1;;;;
2024-04-16 09:00:00 ;4.639;4.653;4.626;4.647;70.0;63.8;;;;
2024-04-17 09:00:00 ;4.655;4.665;4.637;4.647;65.8;68.3;;;;
2024-04-18 09:00:00 ;4.571;4.585;4.565;4.581;48.8;61.3;;;;
2024-04-19 09:00:00 ;4.586;4.606;4.569;4.576;47.9;53.7;;;;
2024-04-22 09:00:00 ;4.652;4.658;4.635;4.658;59.1;53.7;;;;
2024-04-23 09:00:00 ;4.615;4.633;4.611;4.619;51.7;53.3;;;;
2024-04-24 09:00:00 ;4.627;4.64;4.619;4.64;56.7;52.3;;;;
2024-04-25 09:00:00 ;4.648;4.654;4.64;4.646;56.2;53.8;;;;
2024-04-26 09:00:00 ;4.68;4.694;4.673;4.692;60.9;60.2;;;;
2024-04-29 09:00:00 ;4.64;4.649;4.622;4.63;44.0;57.7;;;;
2024-04-30 09:00:00 ;4.624;4.638;4.624;4.628;46.1;49.1;;;;
2024-05-01 09:00:00 ;4.686;4.695;4.674;4.69;60.8;49.9;;;;
2024-05-02 09:00:00 ;4.612;4.62;4.595;4.608;42.6;51.0;;;;
2024-05-03 09:00:00 ;4.584;4.596;4.563;4.571;38.5;46.3;;;;
2024-05-06 09:00:00 ;4.498;4.543;4.469;4.479;27.1;38.4;;;;
2024-05-07 09:00:00 ;4.475;4.479;4.453;4.461;28.5;33.3;;;;
2024-05-08 09:00:00 ;4.477;4.484;4.457;4.481;38.9;32.2;;;;
2024-05-09 09:00:00 ;4.5;4.518;4.498;4.512;49.2;38.0;;;;
2024-05-10 09:00:00 ;4.453;4.459;4.443;4.457;37.5;40.6;;;;
2024-05-13 09:00:00 ;4.488;4.496;4.481;4.485;46.6;44.0;;;;
2024-05-14 09:00:00 ;4.485;4.487;4.471;4.477;45.0;46.4;;;;
2024-05-15 09:00:00 ;4.434;4.434;4.418;4.422;29.9;41.5;;;;
2024-05-16 09:00:00 ;4.334;4.344;4.326;4.34;22.3;29.8;;;;
2024-05-17 09:00:00 ;4.367;4.394;4.367;4.394;45.6;28.4;;;;
2024-05-20 09:00:00 ;4.418;4.426;4.412;4.418;53.1;40.8;;;;
2024-05-21 09:00:00 ;4.441;4.441;4.422;4.426;52.0;53.3;;;;
2024-05-22 09:00:00 ;4.443;4.447;4.435;4.441;58.0;54.8;;;;
2024-05-23 09:00:00 ;4.424;4.445;4.414;4.422;49.7;51.6;;;;
2024-05-24 09:00:00 ;4.463;4.477;4.463;4.473;60.5;56.6;;;;
2024-05-28 09:00:00 ;4.453;4.465;4.445;4.465;56.1;58.2;;;;
2024-05-29 09:00:00 ;4.564;4.576;4.556;4.568;77.1;64.2;;;;
2024-05-30 09:00:00 ;4.596;4.598;4.586;4.594;70.3;72.4;;;;
2024-05-31 09:00:00 ;4.552;4.572;4.552;4.56;57.4;68.1;;;;
2024-06-03 09:00:00 ;4.493;4.497;4.465;4.469;36.6;51.6;;;;
2024-06-04 09:00:00 ;4.41;4.41;4.375;4.386;28.3;38.1;;;;
2024-06-05 09:00:00 ;4.353;4.359;4.34;4.342;28.4;28.9;;;;
2024-06-06 09:00:00 ;4.301;4.308;4.289;4.293;28.0;26.3;;;;
2024-06-07 09:00:00 ;4.304;4.306;4.293;4.297;35.0;29.2;;;;
2024-06-10 09:00:00 ;4.457;4.469;4.445;4.461;67.0;45.6;;;;
2024-06-11 09:00:00 ;4.445;4.449;4.426;4.43;55.6;60.0;;;;
2024-06-12 09:00:00 ;4.406;4.408;4.394;4.398;46.9;58.2;;;;
2024-06-13 09:00:00 ;4.324;4.324;4.304;4.308;37.4;44.9;;;;
2024-06-14 09:00:00 ;4.246;4.254;4.202;4.211;29.0;35.6;;;;
2024-06-17 09:00:00 ;4.238;4.246;4.23;4.236;37.3;33.8;;;;
2024-06-18 09:00:00 ;4.277;4.3;4.277;4.287;49.9;39.7;;;;
2024-06-20 09:00:00 ;4.252;4.256;4.238;4.248;44.9;44.1;;;;
2024-06-21 09:00:00 ;4.25;4.254;4.226;4.23;41.9;45.4;;;;
2024-06-24 09:00:00 ;4.253;4.267;4.24;4.265;50.6;47.6;;;;
2024-06-25 09:00:00 ;4.234;4.248;4.22;4.224;41.1;46.2;;;;
2024-06-26 09:00:00 ;4.261;4.281;4.261;4.281;57.5;48.0;;;;
2024-06-27 09:00:00 ;4.331;4.343;4.325;4.327;64.0;56.2;;;;
2024-06-28 09:00:00 ;4.296;4.314;4.288;4.308;55.8;59.1;;;;
2024-07-01 09:00:00 ;4.394;4.414;4.39;4.414;74.0;61.5;;;;
2024-07-02 09:00:00 ;4.445;4.463;4.443;4.449;68.9;69.0;;;;
2024-07-03 09:00:00 ;4.434;4.442;4.422;4.43;61.5;69.4;;;;
2024-07-05 09:00:00 ;4.355;4.359;4.335;4.339;40.5;57.2;;;;
2024-07-08 09:00:00 ;4.302;4.317;4.284;4.298;38.2;43.6;;;;
2024-07-09 09:00:00 ;4.29;4.296;4.284;4.292;40.9;37.1;;;;
2024-07-10 09:00:00 ;4.292;4.292;4.272;4.276;39.0;40.4;;;;
2024-07-11 09:00:00 ;4.288;4.296;4.276;4.284;43.3;43.4;;;;
2024-07-12 09:00:00 ;4.218;4.231;4.21;4.222;38.7;39.3;;;;
2024-07-15 09:00:00 ;4.224;4.229;4.204;4.222;43.1;37.7;;;;
2024-07-16 09:00:00 ;4.202;4.202;4.175;4.183;36.2;39.7;;;;
2024-07-17 09:00:00 ;4.179;4.179;4.156;4.179;40.3;40.5;;;;
2024-07-18 09:00:00 ;4.167;4.19;4.163;4.187;46.9;39.3;;;;
2024-07-19 09:00:00 ;4.19;4.217;4.186;4.204;51.5;44.5;;;;
2024-07-22 09:00:00 ;4.21;4.237;4.206;4.225;54.2;51.5;;;;
2024-07-23 09:00:00 ;4.253;4.253;4.225;4.229;51.9;55.4;;;;
2024-07-24 09:00:00 ;4.237;4.249;4.229;4.241;53.4;55.4;;;;
2024-07-25 09:00:00 ;4.256;4.256;4.215;4.225;47.1;54.7;;;;
2024-07-26 09:00:00 ;4.254;4.264;4.233;4.245;51.0;52.7;;;;
2024-07-29 09:00:00 ;4.174;4.176;4.159;4.159;33.8;45.7;;;;
2024-07-30 09:00:00 ;4.174;4.188;4.167;4.167;38.3;41.0;;;;
2024-07-31 09:00:00 ;4.143;4.149;4.128;4.136;33.2;37.1;;;;
2024-08-01 09:00:00 ;4.054;4.06;4.047;4.047;25.4;31.5;;;;
2024-08-02 09:00:00 ;3.951;3.959;3.932;3.943;19.4;24.5;;;;
2024-08-05 09:00:00 ;3.73;3.777;3.73;3.742;12.9;17.3;;;;
2024-08-06 09:00:00 ;3.852;3.873;3.833;3.852;39.7;20.5;;;;
2024-08-07 09:00:00 ;3.899;3.939;3.899;3.934;54.8;35.1;;;;
2024-08-08 09:00:00 ;3.913;3.926;3.894;3.923;51.0;49.6;;;;
2024-08-09 09:00:00 ;3.97;3.974;3.955;3.955;53.2;55.9;;;;
2024-08-12 09:00:00 ;3.957;3.967;3.944;3.957;53.8;54.6;;;;
2024-08-13 09:00:00 ;3.913;3.925;3.905;3.909;43.3;49.4;;;;
2024-08-14 09:00:00 ;3.845;3.856;3.828;3.828;29.6;40.3;;;;
2024-08-15 09:00:00 ;3.829;3.847;3.829;3.833;36.1;34.4;;;;
2024-08-16 09:00:00 ;3.905;3.909;3.871;3.875;47.1;42.6;;;;
2024-08-19 09:00:00 ;3.871;3.879;3.864;3.875;47.0;50.0;;;;
2024-08-20 09:00:00 ;3.879;3.879;3.862;3.879;48.7;48.8;;;;
2024-08-21 09:00:00 ;3.81;3.822;3.807;3.818;35.6;41.5;;;;
2024-08-22 09:00:00 ;3.801;3.829;3.788;3.822;45.1;36.8;;;;
2024-08-23 09:00:00 ;3.841;3.86;3.839;3.844;50.6;42.8;;;;
2024-08-26 09:00:00 ;3.782;3.795;3.782;3.791;38.9;44.9;;;;
2024-08-27 09:00:00 ;3.82;3.848;3.816;3.846;57.8;44.5;;;;
2024-08-28 09:00:00 ;3.831;3.831;3.814;3.814;45.3;48.3;;;;
2024-08-29 09:00:00 ;3.837;3.844;3.816;3.829;50.1;52.5;;;;
2024-08-30 09:00:00 ;3.863;3.867;3.852;3.858;56.5;55.2;;;;
2024-09-03 09:00:00 ;3.911;3.913;3.902;3.909;66.8;61.9;;;;
2024-09-04 09:00:00 ;3.818;3.823;3.806;3.82;39.8;55.2;;;;
2024-09-05 09:00:00 ;3.761;3.774;3.755;3.768;33.5;41.2;;;;
2024-09-06 09:00:00 ;3.699;3.712;3.695;3.697;22.5;30.5;;;;
2024-09-09 09:00:00 ;3.746;3.763;3.74;3.749;45.6;31.6;;;;
2024-09-10 09:00:00 ;3.712;3.723;3.704;3.715;40.7;35.2;;;;
2024-09-11 09:00:00 ;3.614;3.629;3.605;3.627;27.8;34.6;;;;
2024-09-12 09:00:00 ;3.67;3.681;3.67;3.674;44.8;34.6;;;;
2024-09-13 09:00:00 ;3.648;3.655;3.625;3.651;40.3;39.3;;;;
2024-09-16 09:00:00 ;3.64;3.655;3.636;3.646;41.8;43.2;;;;
2024-09-17 09:00:00 ;3.621;3.621;3.606;3.621;36.8;39.3;;;;
2024-09-18 09:00:00 ;3.647;3.668;3.647;3.662;54.7;42.1;;;;
2024-09-19 09:00:00 ;3.707;3.707;3.691;3.7;59.7;53.3;;;;
2024-09-20 09:00:00 ;3.719;3.73;3.7;3.73;62.2;61.5;;;;
2024-09-23 09:00:00 ;3.756;3.76;3.734;3.753;62.9;62.7;;;;
2024-09-24 09:00:00 ;3.764;3.798;3.764;3.785;64.0;61.2;;;;
2024-09-25 09:00:00 ;3.737;3.76;3.726;3.76;57.1;57.7;;;;
2024-09-26 09:00:00 ;3.783;3.787;3.768;3.768;55.6;57.4;;;;
2024-09-27 09:00:00 ;3.779;3.79;3.764;3.79;58.8;59.3;;;;
2024-09-30 09:00:00 ;3.762;3.783;3.756;3.771;52.9;55.0;;;;
2024-10-01 09:00:00 ;3.777;3.779;3.737;3.745;42.8;52.4;;;;
2024-10-02 09:00:00 ;3.741;3.768;3.741;3.764;51.7;49.2;;;;
2024-10-03 09:00:00 ;3.794;3.809;3.794;3.806;60.1;50.3;;;;
2024-10-04 09:00:00 ;3.84;3.863;3.836;3.859;68.2;59.8;;;;
2024-10-07 09:00:00 ;3.987;4.014;3.983;4.014;81.7;71.0;;;;
2024-10-08 09:00:00 ;4.006;4.029;3.998;4.026;75.6;77.2;;;;
2024-10-09 09:00:00 ;4.014;4.026;4.012;4.022;69.2;75.4;;;;
2024-10-10 09:00:00 ;4.077;4.088;4.069;4.08;75.9;73.2;;;;
2024-10-11 09:00:00 ;4.065;4.096;4.065;4.096;70.3;71.9;;;;
2024-10-15 09:00:00 ;4.085;4.085;4.061;4.071;57.1;67.8;;;;
2024-10-16 09:00:00 ;4.006;4.022;4.004;4.016;42.3;56.2;;;;
2024-10-17 09:00:00 ;4.034;4.045;4.032;4.034;49.5;47.7;;;;
2024-10-18 09:00:00 ;4.112;4.118;4.093;4.101;64.5;53.9;;;;
2024-10-21 09:00:00 ;4.087;4.132;4.087;4.128;67.6;60.2;;;;
2024-10-22 09:00:00 ;4.214;4.218;4.2;4.208;76.3;67.1;;;;
2024-10-23 09:00:00 ;4.228;4.236;4.218;4.22;70.9;72.9;;;;
2024-10-24 09:00:00 ;4.21;4.216;4.188;4.192;54.3;71.0;;;;
2024-10-25 09:00:00 ;4.18;4.204;4.18;4.2;54.6;62.7;;;;
2024-11-04 09:00:00 ;4.313;4.315;4.275;4.275;48.4;56.9;;;;
2024-11-05 09:00:00 ;4.309;4.321;4.299;4.311;53.7;55.1;;;;
2024-11-06 09:00:00 ;4.406;4.477;4.39;4.471;64.3;54.4;;;;
2024-11-07 09:00:00 ;4.412;4.449;4.41;4.443;59.9;57.9;;;;
2024-11-08 09:00:00 ;4.328;4.328;4.291;4.31;44.3;54.3;;;;
2024-11-12 09:00:00 ;4.353;4.373;4.347;4.369;54.1;48.8;;;;
2024-11-13 09:00:00 ;4.437;4.441;4.404;4.41;56.8;52.8;;;;
2024-11-14 09:00:00 ;4.469;4.473;4.445;4.445;58.5;60.0;;;;
2024-11-15 09:00:00 ;4.441;4.451;4.422;4.441;55.5;59.2;;;;
2024-11-18 09:00:00 ;4.441;4.467;4.426;4.467;58.8;56.5;;;;
2024-11-19 09:00:00 ;4.402;4.402;4.347;4.38;40.5;51.9;;;;
2024-11-20 09:00:00 ;4.422;4.43;4.414;4.43;54.1;48.3;;;;
2024-11-21 09:00:00 ;4.41;4.416;4.379;4.402;46.8;46.9;;;;
2024-11-22 09:00:00 ;4.42;4.426;4.386;4.39;43.8;49.8;;;;
2024-11-25 09:00:00 ;4.341;4.361;4.334;4.361;40.6;47.0;;;;
2024-11-26 09:00:00 ;4.3;4.304;4.283;4.289;35.1;39.3;;;;
2024-11-27 09:00:00 ;4.269;4.281;4.256;4.273;35.0;35.5;;;;
2024-11-29 09:00:00 ;4.223;4.228;4.203;4.213;29.0;35.0;;;;
2024-12-02 09:00:00 ;4.207;4.217;4.192;4.209;34.7;31.5;;;;
2024-12-03 09:00:00 ;4.215;4.219;4.203;4.203;37.3;32.2;;;;
2024-12-04 09:00:00 ;4.246;4.256;4.242;4.252;54.8;40.3;;;;
2024-12-05 09:00:00 ;4.194;4.215;4.192;4.199;42.3;42.9;;;;
2024-12-06 09:00:00 ;4.18;4.197;4.18;4.182;39.7;41.6;;;;
2024-12-09 09:00:00 ;4.149;4.172;4.145;4.168;41.2;37.2;;;;
2024-12-10 09:00:00 ;4.211;4.234;4.205;4.23;62.3;43.2;;;;
2024-12-11 09:00:00 ;4.23;4.244;4.222;4.242;61.2;54.2;;;;
2024-12-12 09:00:00 ;4.289;4.304;4.285;4.3;73.6;64.0;;;;
2024-12-13 09:00:00 ;4.318;4.344;4.312;4.34;73.1;69.7;;;;
2024-12-16 09:00:00 ;4.375;4.387;4.375;4.375;70.5;74.4;;;;
2024-12-17 09:00:00 ;4.417;4.434;4.415;4.426;76.4;74.5;;;;
2024-12-18 09:00:00 ;4.391;4.409;4.389;4.403;63.5;68.2;;;;
2024-12-19 09:00:00 ;4.522;4.544;4.514;4.532;79.3;69.3;;;;
2024-12-20 09:00:00 ;4.554;4.562;4.538;4.546;73.0;74.5;;;;
2024-12-23 09:00:00 ;4.534;4.544;4.53;4.534;63.5;71.3;;;;
2024-12-24 09:00:00 ;4.591;4.607;4.583;4.603;71.2;67.3;;;;
2024-12-26 09:00:00 ;4.617;4.625;4.617;4.625;68.1;67.6;;;;
2024-12-27 09:00:00 ;4.603;4.619;4.599;4.615;61.3;64.1;;;;
2024-12-30 09:00:00 ;4.603;4.605;4.591;4.595;53.0;59.3;;;;
2024-12-31 09:00:00 ;4.521;4.531;4.507;4.529;40.6;51.7;;;;
2025-01-02 09:00:00 ;4.559;4.561;4.525;4.533;42.7;48.1;;;;
2025-01-03 09:00:00 ;4.537;4.559;4.537;4.547;46.8;45.9;;;;
2025-01-06 09:00:00 ;4.616;4.634;4.583;4.587;52.8;51.9;;;;
2025-01-07 09:00:00 ;4.62;4.644;4.616;4.636;60.7;56.0;;;;
2025-01-08 09:00:00 ;4.677;4.701;4.671;4.699;68.5;62.2;;;;
2025-01-09 09:00:00 ;4.681;4.685;4.665;4.673;58.0;63.9;;;;
2025-01-10 09:00:00 ;4.69;4.702;4.687;4.7;63.2;61.8;;;;
2025-01-13 09:00:00 ;4.786;4.801;4.78;4.786;75.1;64.7;;;;
2025-01-14 09:00:00 ;4.751;4.792;4.751;4.792;66.7;69.0;;;;
2025-01-15 09:00:00 ;4.764;4.784;4.762;4.762;55.0;66.7;;;;
2025-01-16 09:00:00 ;4.665;4.672;4.655;4.665;36.9;50.3;;;;
2025-01-17 09:00:00 ;4.601;4.607;4.588;4.588;26.1;35.2;;;;
2025-01-21 09:00:00 ;4.568;4.591;4.568;4.591;39.5;32.2;;;;
2025-01-22 09:00:00 ;4.585;4.589;4.556;4.578;40.2;35.4;;;;
2025-01-23 09:00:00 ;4.601;4.637;4.599;4.633;54.0;42.7;;;;
2025-01-24 09:00:00 ;4.628;4.644;4.611;4.642;54.6;49.5;;;;
2025-01-27 09:00:00 ;4.557;4.557;4.498;4.51;30.7;48.6;;;;
2025-01-28 09:00:00 ;4.565;4.577;4.559;4.571;46.4;43.5;;;;
2025-01-29 09:00:00 ;4.516;4.536;4.512;4.532;41.3;40.2;;;;
2025-01-30 09:00:00 ;4.524;4.524;4.5;4.504;36.9;42.0;;;;
2025-01-31 09:00:00 ;4.537;4.547;4.521;4.527;45.0;42.7;;;;
2025-02-03 09:00:00 ;4.549;4.555;4.531;4.537;49.1;45.3;;;;
2025-02-04 09:00:00 ;4.577;4.581;4.563;4.581;57.6;50.2;;;;
2025-02-05 09:00:00 ;4.496;4.501;4.472;4.482;37.6;48.3;;;;
2025-02-06 09:00:00 ;4.432;4.454;4.43;4.43;33.0;39.8;;;;
2025-02-07 09:00:00 ;4.454;4.456;4.428;4.436;37.6;34.9;;;;
2025-02-10 09:00:00 ;4.491;4.509;4.485;4.497;54.6;43.7;;;;
2025-02-11 09:00:00 ;4.515;4.529;4.509;4.525;60.3;50.8;;;;
2025-02-12 09:00:00 ;4.545;4.552;4.537;4.541;62.6;57.9;;;;
2025-02-13 09:00:00 ;4.613;4.615;4.592;4.596;61.4;65.4;;;;
2025-02-14 09:00:00 ;4.53900003;4.546;4.523;4.537;48.6;59.4;;;;
2025-02-18 09:00:00 ;4.515;4.517;4.503;4.515;47.7;47.8;;;;
2025-02-19 09:00:00 ;4.55;4.574;4.546;4.57;59.3;48.5;;;;
2025-02-20 09:00:00 ;4.519;4.535;4.515;4.531;49.7;51.1;;;;
2025-02-21 09:00:00 ;4.492;4.497;4.474;4.486;39.7;47.2;;;;
2025-02-24 09:00:00 ;4.439;4.441;4.42;4.441;35.5;39.7;;;;
2025-02-25 09:00:00 ;4.34;4.354;4.335;4.342;24.6;31.9;;;;
2025-02-26 09:00:00 ;4.321;4.323;4.3;4.314;28.1;27.2;;;;
2025-02-27 09:00:00 ;4.283;4.313;4.279;4.302;37.2;26.2;;;;
2025-02-28 09:00:00 ;4.241;4.263;4.235;4.26;36.6;30.3;;;;
2025-03-03 09:00:00 ;4.24;4.261;4.225;4.256;42.4;34.2;;;;
2025-03-04 09:00:00 ;4.164;4.18;4.147;4.166;33.3;33.8;;;;
2025-03-05 09:00:00 ;4.248;4.256;4.227;4.233;48.8;39.4;;;;
2025-03-06 09:00:00 ;4.332;4.332;4.296;4.313;59.4;49.8;;;;
2025-03-07 09:00:00 ;4.263;4.276;4.248;4.267;50.1;54.5;;;;
2025-03-31 09:00:00 ;4.196;4.215;4.188;4.2;26.3;46.4;;;;
2025-04-01 09:00:00 ;4.196;4.196;4.161;4.165;28.2;34.5;;;;
2025-04-02 09:00:00 ;4.176;4.182;4.15;4.15;32.1;32.0;;;;
2025-04-03 09:00:00 ;4.047;4.087;4.044;4.078;33.0;32.5;;;;
2025-04-04 09:00:00 ;3.955;3.964;3.877;3.897;23.1;31.9;;;;
2025-04-07 09:00:00 ;3.912;4.017;3.884;3.981;41.7;32.0;;;;
2025-04-08 09:00:00 ;4.151;4.18;4.126;4.159;56.7;43.3;;;;
2025-04-09 09:00:00 ;4.39;4.4;4.333;4.386;71.8;58.9;;;;
2025-04-10 09:00:00 ;4.32;4.335;4.268;4.297;56.8;63.9;;;;
2025-04-11 09:00:00 ;4.413;4.452;4.386;4.393;60.5;64.4;;;;
2025-04-14 09:00:00 ;4.458;4.482;4.427;4.438;57.4;62.5;;;;
2025-04-15 09:00:00 ;4.376;4.397;4.349;4.374;50.8;57.7;;;;
2025-04-16 09:00:00 ;4.314;4.343;4.294;4.333;47.2;50.3;;;;
2025-04-17 09:00:00 ;4.313;4.325;4.3;4.305;45.1;46.2;;;;
2025-04-21 09:00:00 ;4.34;4.36;4.34;4.36;54.2;47.4;;;;
2025-04-22 09:00:00 ;4.426;4.432;4.407;4.42;62.0;54.4;;;;
2025-04-23 09:00:00 ;4.358;4.364;4.309;4.309;40.6;55.5;;;;
2025-04-24 09:00:00 ;4.36;4.371;4.34;4.356;48.7;52.0;;;;
2025-04-25 09:00:00 ;4.315;4.317;4.282;4.286;38.2;45.8;;;;
2025-04-28 09:00:00 ;4.258;4.278;4.251;4.276;40.8;40.5;;;;
2025-04-29 09:00:00 ;4.229;4.247;4.222;4.229;36.8;36.3;;;;
2025-04-30 09:00:00 ;4.173;4.173;4.154;4.164;28.9;32.6;;;;
2025-05-01 09:00:00 ;4.173;4.173;4.141;4.143;29.9;31.9;;;;
2025-05-02 09:00:00 ;4.229;4.229;4.196;4.212;48.4;40.0;;;;
2025-05-05 09:00:00 ;4.318;4.324;4.308;4.312;62.8;51.7;;;;
2025-05-06 09:00:00 ;4.363;4.375;4.345;4.347;64.7;61.0;;;;
2025-05-07 09:00:00 ;4.32;4.335;4.31;4.32;56.6;61.6;;;;
2025-05-08 09:00:00 ;4.295;4.32;4.293;4.31;54.8;54.7;;;;
2025-05-09 09:00:00 ;4.371;4.386;4.369;4.382;65.9;56.4;;;;
2025-05-12 09:00:00 ;4.426;4.461;4.422;4.461;73.3;62.8;;;;
2025-05-13 09:00:00 ;4.461;4.469;4.445;4.461;66.4;65.9;;;;
2025-05-14 09:00:00 ;4.475;4.477;4.447;4.453;58.4;66.7;;;;
2025-05-15 09:00:00 ;4.524;4.524;4.505;4.509;62.0;66.1;;;;
2025-05-16 09:00:00 ;4.402;4.416;4.396;4.412;42.6;57.3;;;;
2025-05-19 09:00:00 ;4.519;4.552;4.507;4.548;66.8;52.8;;;;
2025-05-20 09:00:00 ;4.467;4.467;4.43;4.461;49.7;51.6;;;;
2025-05-21 09:00:00 ;4.521;4.543;4.509;4.537;62.7;55.5;;;;
2025-05-22 09:00:00 ;4.581;4.597;4.571;4.593;66.6;59.3;;;;
2025-05-23 09:00:00 ;4.511;4.535;4.509;4.529;51.6;60.3;;;;
2025-05-27 09:00:00 ;4.45;4.473;4.45;4.465;40.0;51.2;;;;
2025-05-28 09:00:00 ;4.469;4.477;4.461;4.469;44.3;43.3;;;;
2025-05-29 09:00:00 ;4.529;4.539;4.513;4.521;56.7;45.1;;;;
2025-05-30 09:00:00 ;4.414;4.438;4.406;4.426;39.7;45.0;;;;
2025-06-02 09:00:00 ;4.426;4.448;4.422;4.432;44.9;42.0;;;;
2025-06-03 09:00:00 ;4.426;4.426;4.406;4.422;44.1;43.0;;;;
2025-06-04 09:00:00 ;4.452;4.468;4.446;4.454;51.6;48.5;;;;
2025-06-05 09:00:00 ;4.371;4.375;4.347;4.353;33.5;43.2;;;;
2025-06-06 09:00:00 ;4.395;4.395;4.375;4.385;43.3;41.1;;;;
2025-06-09 09:00:00 ;4.494;4.498;4.478;4.492;62.7;51.5;;;;
2025-06-10 09:00:00 ;4.462;4.462;4.446;4.45;49.5;58.3;;;;
2025-06-11 09:00:00 ;4.49;4.504;4.48;4.498;60.2;57.3;;;;
2025-06-12 09:00:00 ;4.403;4.416;4.379;4.379;35.3;48.4;;;;
2025-06-13 09:00:00 ;4.336;4.379;4.336;4.375;42.0;40.1;;;;
2025-06-16 09:00:00 ;4.444;4.462;4.422;4.422;51.4;42.0;;;;
2025-06-17 09:00:00 ;4.442;4.444;4.419;4.422;49.9;50.2;;;;
2025-06-18 09:00:00 ;4.409;4.413;4.371;4.371;40.3;50.0;;;;
2025-06-20 09:00:00 ;4.371;4.419;4.367;4.419;52.9;46.4;;;;
2025-06-23 09:00:00 ;4.399;4.407;4.383;4.391;47.9;46.5;;;;
2025-06-24 09:00:00 ;4.326;4.359;4.326;4.346;43.5;44.4;;;;
2025-06-25 09:00:00 ;4.294;4.306;4.277;4.3;38.2;39.7;;;;
2025-06-26 09:00:00 ;4.267;4.287;4.265;4.273;35.9;38.0;;;;
2025-06-27 09:00:00 ;4.253;4.277;4.253;4.269;40.7;37.1;;;;
2025-06-30 09:00:00 ;4.269;4.269;4.246;4.249;36.8;38.7;;;;
2025-07-01 09:00:00 ;4.21;4.21;4.191;4.195;30.3;38.8;;;;
2025-07-02 09:00:00 ;4.273;4.285;4.269;4.285;54.9;41.8;;;;
2025-07-03 09:00:00 ;4.251;4.267;4.249;4.261;48.3;47.6;;;;
2025-07-07 09:00:00 ;4.332;4.36;4.332;4.356;65.1;55.6;;;;
2025-07-08 09:00:00 ;4.395;4.419;4.391;4.415;71.6;62.2;;;;
2025-07-09 09:00:00 ;4.403;4.409;4.391;4.407;65.0;67.5;;;;
2025-07-10 09:00:00 ;4.34;4.356;4.34;4.348;48.5;59.5;;;;
2025-07-11 09:00:00 ;4.372;4.391;4.364;4.383;57.8;52.2;;;;
2025-07-14 09:00:00 ;4.423;4.427;4.415;4.419;63.2;56.5;;;;
2025-07-15 09:00:00 ;4.431;4.431;4.411;4.419;57.7;62.3;;;;
2025-07-16 09:00:00 ;4.483;4.491;4.471;4.477;66.2;65.7;;;;
2025-07-17 09:00:00 ;4.483;4.483;4.459;4.463;56.9;63.6;;;;
2025-07-18 09:00:00 ;4.441;4.449;4.435;4.439;49.0;56.8;;;;
2025-07-21 09:00:00 ;4.4;4.4;4.376;4.38;33.8;49.9;;;;
2025-07-22 09:00:00 ;4.384;4.396;4.38;4.396;44.2;41.5;;;;
2025-07-23 09:00:00 ;4.38;4.384;4.36;4.362;41.8;37.5;;;;
2025-07-24 09:00:00 ;4.4;4.408;4.39;4.404;53.7;43.6;;;;
2025-07-25 09:00:00 ;4.4;4.424;4.4;4.416;57.0;50.5;;;;
2025-07-28 09:00:00 ;4.392;4.392;4.368;4.392;48.6;51.4;;;;
2025-07-29 09:00:00 ;4.408;4.42;4.396;4.396;48.5;51.6;;;;
2025-07-30 09:00:00 ;4.332;4.338;4.316;4.316;29.1;43.5;;;;
2025-07-31 09:00:00 ;4.34;4.362;4.34;4.36;47.3;40.7;;;;
2025-08-01 09:00:00 ;4.38;4.402;4.38;4.392;55.9;46.3;;;;
2025-08-04 09:00:00 ;4.243;4.255;4.226;4.226;33.1;41.8;;;;
2025-08-05 09:00:00 ;4.204;4.218;4.198;4.214;35.0;35.2;;;;
2025-08-06 09:00:00 ;4.234;4.243;4.23;4.236;44.2;34.9;;;;
2025-08-07 09:00:00 ;4.25;4.25;4.231;4.24;47.0;40.5;;;;
2025-08-08 09:00:00 ;4.256;4.256;4.246;4.254;51.7;46.8;;;;
2025-08-11 09:00:00 ;4.269;4.271;4.256;4.265;52.7;52.1;;;;
2025-08-12 09:00:00 ;4.285;4.289;4.273;4.285;58.9;56.1;;;;
2025-08-13 09:00:00 ;4.273;4.273;4.25;4.256;43.3;56.1;;;;
2025-08-14 09:00:00 ;4.215;4.219;4.204;4.215;32.0;47.5;;;;
2025-08-15 09:00:00 ;4.277;4.295;4.277;4.293;58.9;46.1;;;;
2025-08-18 09:00:00 ;4.31;4.31;4.289;4.297;55.1;55.1;;;;
2025-08-19 09:00:00 ;4.337;4.347;4.324;4.33;60.3;61.5;;;;
2025-08-20 09:00:00 ;4.316;4.324;4.295;4.3;48.8;57.6;;;;
2025-08-21 09:00:00 ;4.296;4.312;4.296;4.308;53.1;51.5;;;;
2025-08-22 09:00:00 ;4.33;4.339;4.328;4.334;60.5;53.2;;;;
2025-08-25 09:00:00 ;4.275;4.283;4.271;4.281;45.2;49.4;;;;
2025-08-26 09:00:00 ;4.302;4.312;4.293;4.298;51.7;46.2;;;;
2025-08-27 09:00:00 ;4.277;4.277;4.258;4.275;45.9;45.7;;;;
2025-08-28 09:00:00 ;4.223;4.234;4.213;4.232;36.0;41.6;;;;
2025-08-29 09:00:00 ;4.211;4.23;4.211;4.223;39.7;36.4;;;;
2025-09-02 09:00:00 ;4.259;4.289;4.259;4.287;63.9;40.5;;;;
2025-09-03 09:00:00 ;4.289;4.3;4.281;4.285;59.1;51.4;;;;
2025-09-04 09:00:00 ;4.215;4.219;4.192;4.197;36.4;50.4;;;;
2025-09-05 09:00:00 ;4.157;4.168;4.153;4.153;30.6;39.9;;;;
2025-09-08 09:00:00 ;4.086;4.089;4.076;4.089;28.6;30.5;;;;
2025-09-09 09:00:00 ;4.055;4.074;4.055;4.057;28.6;26.3;;;;
2025-09-10 09:00:00 ;4.087;4.095;4.08;4.093;43.1;32.0;;;;
2025-09-11 09:00:00 ;4.057;4.061;4.043;4.053;38.3;36.3;;;;
2025-09-12 09:00:00 ;4.038;4.047;4.03;4.034;39.3;36.6;;;;
2025-09-15 09:00:00 ;4.083;4.083;4.057;4.07;50.7;41.6;;;;
2025-09-16 09:00:00 ;4.034;4.043;4.024;4.036;42.4;44.6;;;;
2025-09-17 09:00:00 ;4.022;4.028;4.003;4.015;36.5;43.0;;;;
2025-09-18 09:00:00 ;4.056;4.056;4.043;4.049;49.2;46.3;;;;
2025-09-19 09:00:00 ;4.129;4.133;4.118;4.129;65.2;55.6;;;;
2025-09-22 09:00:00 ;4.129;4.141;4.124;4.125;59.7;61.9;;;;
2025-09-23 09:00:00 ;4.129;4.141;4.125;4.129;57.5;63.2;;;;
2025-09-24 09:00:00 ;4.104;4.116;4.098;4.114;51.0;57.7;;;;
2025-09-25 09:00:00 ;4.15;4.152;4.135;4.152;61.5;56.1;;;;
2025-09-26 09:00:00 ;4.183;4.189;4.168;4.177;64.0;60.9;;;;
2025-09-29 09:00:00 ;4.148;4.148;4.141;4.145;48.0;60.9;;;;
2025-09-30 09:00:00 ;4.123;4.144;4.121;4.144;49.0;53.2;;;;
2025-10-01 09:00:00 ;4.168;4.168;4.148;4.152;51.4;48.6;;;;
2025-10-02 09:00:00 ;4.11;4.11;4.09;4.094;38.2;45.1;;;;
2025-10-03 09:00:00 ;4.098;4.1;4.086;4.09;40.2;42.1;;;;
2025-10-06 09:00:00 ;4.144;4.162;4.135;4.156;61.4;46.4;;;;
2025-10-07 09:00:00 ;4.16;4.171;4.16;4.168;62.0;54.7;;;;
2025-10-08 09:00:00 ;4.117;4.117;4.102;4.102;39.5;53.8;;;;
2025-10-09 09:00:00 ;4.127;4.136;4.113;4.113;45.4;48.6;;;;
2025-10-10 09:00:00 ;4.121;4.121;4.107;4.109;43.7;47.8;;;;
2025-10-14 09:00:00 ;4.019;4.024;3.998;4.005;25.7;42.4;;;;
2025-10-15 09:00:00 ;4.009;4.017;4.001;4.015;35.5;35.5;;;;
2025-10-16 09:00:00 ;4.032;4.036;4.02;4.02;40.6;36.6;;;;
2025-10-17 09:00:00 ;3.944;3.97;3.936;3.967;37.2;37.5;;;;
2025-10-20 09:00:00 ;4.024;4.026;4.011;4.013;48.0;41.7;;;;
2025-10-21 09:00:00 ;3.967;3.989;3.963;3.984;43.4;43.4;;;;
2025-10-22 09:00:00 ;3.957;3.966;3.953;3.955;38.1;41.8;;;;
2025-10-23 09:00:00 ;3.974;3.993;3.972;3.991;52.8;41.5;;;;
2025-10-24 09:00:00 ;3.997;4.012;3.991;4.008;57.4;47.6;;;;
2025-11-03 09:00:00 ;4.093;4.093;4.081;4.087;60.9;69.5;;;;
2025-11-04 09:00:00 ;4.089;4.097;4.079;4.097;59.4;65.8;;;;
2025-11-05 09:00:00 ;4.066;4.091;4.066;4.083;52.9;58.0;;;;
2025-11-06 09:00:00 ;4.143;4.143;4.128;4.136;61.4;59.3;;;;
2025-11-07 09:00:00 ;4.104;4.112;4.087;4.093;48.0;56.5;;;;
2025-11-10 09:00:00 ;4.147;4.147;4.122;4.128;56.7;52.6;;;;
2025-11-12 09:00:00 ;4.089;4.095;4.083;4.085;45.0;50.8;;;;
2025-11-13 09:00:00 ;4.092;4.1;4.073;4.096;50.7;48.4;;;;
2025-11-14 09:00:00 ;4.135;4.139;4.123;4.127;59.6;50.1;;;;
2025-11-17 09:00:00 ;4.142;4.142;4.119;4.119;51.5;57.3;;;;
2025-11-18 09:00:00 ;4.11;4.117;4.1;4.111;47.4;56.8;;;;
2025-11-19 09:00:00 ;4.115;4.131;4.115;4.115;49.0;51.6;;;;
2025-11-20 09:00:00 ;4.133;4.15;4.129;4.146;61.1;52.1;;;;
2025-11-21 09:00:00 ;4.077;4.09;4.05;4.065;33.8;48.4;;;;
2025-11-24 09:00:00 ;4.061;4.061;4.046;4.048;30.7;41.6;;;;
2025-11-25 09:00:00 ;4.042;4.046;4.027;4.027;31.0;33.6;;;;
2025-11-26 09:00:00 ;4.015;4.015;3.998;4.008;30.7;30.5;;;;
2025-11-28 09:00:00 ;4.023;4.023;3.992;4;37.8;32.7;;;;
2025-12-01 09:00:00 ;4.046;4.05;4.038;4.046;54.1;41.3;;;;
2025-12-02 09:00:00 ;4.088;4.1;4.086;4.096;64.6;54.5;;;;
2025-12-03 09:00:00 ;4.073;4.085;4.069;4.069;51.8;59.8;;;;
2025-12-04 09:00:00 ;4.088;4.092;4.075;4.081;54.8;56.6;;;;
2025-12-05 09:00:00 ;4.102;4.112;4.102;4.112;61.4;55.8;;;;
2025-12-08 09:00:00 ;4.143;4.157;4.141;4.155;70.8;62.6;;;;
2025-12-09 09:00:00 ;4.178;4.182;4.151;4.162;63.1;67.3;;;;
2025-12-10 09:00:00 ;4.186;4.209;4.186;4.202;70.1;68.7;;;;
2025-12-11 09:00:00 ;4.141;4.151;4.129;4.135;46.0;59.6;;;;
2025-12-12 09:00:00 ;4.159;4.172;4.159;4.17;57.1;52.6;;;;
2025-12-15 09:00:00 ;4.17;4.174;4.161;4.163;51.5;53.1;;;;
2025-12-16 09:00:00 ;4.17;4.182;4.163;4.178;55.6;55.8;;;;
2025-12-17 09:00:00 ;4.151;4.18;4.151;4.178;55.2;51.9;;;;
2025-12-18 09:00:00 ;4.139;4.143;4.128;4.128;39.8;47.7;;;;
2025-12-19 09:00:00 ;4.139;4.153;4.135;4.151;51.4;44.9;;;;
2025-12-22 09:00:00 ;4.169;4.171;4.163;4.167;56.5;47.2;;;;
2025-12-23 09:00:00 ;4.147;4.151;4.143;4.143;45.1;52.0;;;;
2025-12-24 09:00:00 ;4.159;4.171;4.157;4.159;50.9;53.3;;;;
2025-12-26 09:00:00 ;4.153;4.155;4.128;4.134;42.0;48.6;;;;
2025-12-29 09:00:00 ;4.116;4.118;4.104;4.118;40.1;44.2;;;;
2025-12-30 09:00:00 ;4.114;4.124;4.114;4.12;43.2;42.0;;;;
2025-12-31 09:00:00 ;4.12;4.12;4.108;4.108;38.2;42.4;;;;
2026-01-02 09:00:00 ;4.179;4.179;4.153;4.155;55.4;49.0;;;;
2026-01-05 09:00:00 ;4.177;4.179;4.163;4.167;54.4;56.6;;;;
2026-01-06 09:00:00 ;4.179;4.191;4.167;4.179;57.1;58.4;;;;
2026-01-07 09:00:00 ;4.159;4.161;4.142;4.144;42.3;53.6;;;;
2026-01-08 09:00:00 ;4.136;4.167;4.136;4.163;52.4;49.4;;;;
2026-01-09 09:00:00 ;4.183;4.191;4.181;4.189;59.7;50.1;;;;
2026-01-12 09:00:00 ;4.185;4.203;4.183;4.199;61.5;54.0;;;;
2026-01-13 09:00:00 ;4.195;4.201;4.189;4.199;59.7;56.1;;;;
2026-01-14 09:00:00 ;4.167;4.179;4.15;4.152;41.2;52.8;;;;
2026-01-15 09:00:00 ;4.142;4.154;4.136;4.152;45.1;45.5;;;;
2026-01-16 09:00:00 ;4.172;4.177;4.168;4.175;55.8;45.7;;;;
2026-01-20 09:00:00 ;4.277;4.299;4.277;4.289;80.8;60.6;;;;
2026-01-21 09:00:00 ;4.271;4.291;4.267;4.291;69.9;71.0;;;;
2026-01-22 09:00:00 ;4.247;4.255;4.235;4.243;52.2;66.5;;;;
2026-01-23 09:00:00 ;4.239;4.247;4.227;4.227;45.7;56.0;;;;
2026-01-26 09:00:00 ;4.207;4.215;4.201;4.211;41.5;49.3;;;;
2026-01-27 09:00:00 ;4.223;4.227;4.215;4.219;45.7;45.1;;;;
2026-01-28 09:00:00 ;4.231;4.253;4.231;4.247;57.4;47.0;;;;
2026-01-29 09:00:00 ;4.267;4.271;4.247;4.251;55.4;54.2;;;;
2026-01-30 09:00:00 ;4.275;4.279;4.247;4.251;52.4;56.0;;;;
2026-02-02 09:00:00 ;4.224;4.228;4.212;4.228;45.0;51.7;;;;
2026-02-03 09:00:00 ;4.283;4.291;4.279;4.285;62.7;55.0;;;;
2026-02-04 09:00:00 ;4.28;4.284;4.272;4.276;56.5;57.1;;;;
2026-02-05 09:00:00 ;4.274;4.282;4.264;4.276;54.6;56.7;;;;
2026-02-06 09:00:00 ;4.192;4.206;4.188;4.206;37.2;45.4;;;;
2026-02-09 09:00:00 ;4.23;4.236;4.224;4.228;47.4;40.1;;;;
2026-02-10 09:00:00 ;4.182;4.188;4.18;4.184;33.3;39.1;;;;
2026-02-11 09:00:00 ;4.141;4.145;4.129;4.137;23.6;34.5;;;;
2026-02-12 09:00:00 ;4.177;4.181;4.167;4.171;42.0;34.3;;;;
2026-02-13 09:00:00 ;4.119;4.125;4.11;4.11;32.0;34.7;;;;
2026-02-17 09:00:00 ;4.029;4.033;4.018;4.029;19.7;28.2;;;;
2026-02-18 09:00:00 ;4.075;4.079;4.067;4.067;38.6;29.1;;;;
2026-02-19 09:00:00 ;4.106;4.108;4.09;4.096;50.0;38.4;;;;
2026-02-20 09:00:00 ;4.075;4.081;4.067;4.067;41.1;44.5;;;;
2026-02-23 09:00:00 ;4.071;4.083;4.071;4.079;47.2;46.7;;;;
2026-02-24 09:00:00 ;4.04;4.042;4.033;4.033;37.3;42.1;;;;
2026-02-25 09:00:00 ;4.05;4.058;4.046;4.052;46.6;40.6;;;;
2026-02-26 09:00:00 ;4.048;4.056;4.046;4.052;48.0;43.5;;;;
2026-02-27 09:00:00 ;4.006;4.006;3.985;3.987;28.2;40.7;;;;