time;open
2020-10-16 15:30:00 ;26.67
2020-10-19 15:30:00 ;27.57
2020-10-20 15:30:00 ;28.79
2020-10-21 15:30:00 ;29.34
2020-10-22 15:30:00 ;29.12
2020-10-23 15:30:00 ;27.7
2020-11-02 15:30:00 ;37.42
2020-11-03 15:30:00 ;35.82
2020-11-04 15:30:00 ;30.87
2020-11-05 15:30:00 ;26.93
2020-11-06 15:30:00 ;27.37
2020-11-09 15:30:00 ;23.86
2020-11-10 15:30:00 ;25.06
2020-11-11 15:30:00 ;24.25
2020-11-12 15:30:00 ;24.23
2020-11-13 15:30:00 ;24.18
2020-11-16 15:30:00 ;23.42
2020-11-17 15:30:00 ;23.31
2020-11-18 15:30:00 ;22.59
2020-11-19 15:30:00 ;23.96
2020-11-20 15:30:00 ;22.64
2020-11-23 15:30:00 ;23.2
2020-11-24 15:30:00 ;22.11
2020-11-25 15:30:00 ;22.08
2020-11-27 15:30:00 ;21.13
2020-11-30 15:30:00 ;21.85
2020-12-01 15:30:00 ;20.16
2020-12-02 15:30:00 ;21.17
2020-12-03 15:30:00 ;20.85
2020-12-04 15:30:00 ;20.69
2020-12-07 15:30:00 ;22
2020-12-08 15:30:00 ;21.72
2020-12-09 15:30:00 ;20.43
2020-12-10 15:30:00 ;23.09
2020-12-11 15:30:00 ;23.49
2020-12-14 15:30:00 ;22.61
2020-12-15 15:30:00 ;23.15
2020-12-16 15:30:00 ;23.23
2020-12-17 15:30:00 ;22.1
2020-12-18 15:30:00 ;21.94
2020-12-21 15:30:00 ;26.71
2020-12-22 15:30:00 ;24.24
2020-12-23 15:30:00 ;23.19
2020-12-24 15:30:00 ;22.64
2020-12-28 15:30:00 ;21.58
2020-12-29 15:30:00 ;21.37
2020-12-30 15:30:00 ;22.68
2020-12-31 15:30:00 ;23.05
2021-01-04 15:30:00 ;23.66
2021-01-05 15:30:00 ;28.1
2021-01-06 15:30:00 ;24.9
2021-01-07 15:30:00 ;23.21
2021-01-08 15:30:00 ;22.21
2021-01-11 15:30:00 ;24.44
2021-01-12 15:30:00 ;23.64
2021-01-13 15:30:00 ;22.98
2021-01-14 15:30:00 ;22.22
2021-01-15 15:30:00 ;23.7
2021-01-19 15:30:00 ;22.92
2021-01-20 15:30:00 ;22.51
2021-01-21 15:30:00 ;21.51
2021-01-22 15:30:00 ;22.55
2021-01-25 15:30:00 ;22.84
2021-01-26 15:30:00 ;22.67
2021-01-27 15:30:00 ;27.22
2021-01-28 15:30:00 ;30.17
2021-01-29 15:30:00 ;31.89
2021-02-01 15:30:00 ;31.16
2021-02-02 15:30:00 ;27.11
2021-02-03 15:30:00 ;25.05
2021-02-04 15:30:00 ;22.46
2021-02-05 15:30:00 ;21.59
2021-02-08 15:30:00 ;21.68
2021-02-09 15:30:00 ;21.85
2021-02-10 15:30:00 ;21.59
2021-02-11 15:30:00 ;21.8
2021-02-12 15:30:00 ;21.44
2021-02-16 15:30:00 ;21.61
2021-02-17 15:30:00 ;22.94
2021-02-18 15:30:00 ;23.22
2021-02-19 15:30:00 ;22.27
2021-02-22 15:30:00 ;23.9
2021-02-23 15:30:00 ;24.96
2021-02-24 15:30:00 ;24.23
2021-02-25 15:30:00 ;22.42
2021-02-26 15:30:00 ;27.55
2021-03-01 15:30:00 ;24.49
2021-03-02 15:30:00 ;23.15
2021-03-03 15:30:00 ;24.47
2021-03-04 15:30:00 ;26.24
2021-03-05 15:30:00 ;26.27
2021-03-08 15:30:00 ;25.9
2021-03-09 15:30:00 ;24.41
2021-03-10 15:30:00 ;22.58
2021-03-11 15:30:00 ;22.22
2021-03-12 15:30:00 ;22.62
2021-03-29 15:30:00 ;20.57
2021-03-30 15:30:00 ;21.08
2021-03-31 15:30:00 ;19.34
2021-04-01 15:30:00 ;18.33
2021-04-05 15:30:00 ;17.73
2021-04-06 15:30:00 ;17.99
2021-04-07 15:30:00 ;17.85
2021-04-08 15:30:00 ;16.56
2021-04-09 15:30:00 ;17.21
2021-04-12 15:30:00 ;17.34
2021-04-13 15:30:00 ;17.05
2021-04-14 15:30:00 ;16.92
2021-04-15 15:30:00 ;16.61
2021-04-16 15:30:00 ;16.69
2021-04-19 15:30:00 ;17.08
2021-04-20 15:30:00 ;18.19
2021-04-21 15:30:00 ;19.07
2021-04-22 15:30:00 ;17.48
2021-04-23 15:30:00 ;18.49
2021-04-26 15:30:00 ;17.69
2021-04-27 15:30:00 ;17.71
2021-04-28 15:30:00 ;17.4
2021-04-29 15:30:00 ;17.09
2021-04-30 15:30:00 ;18.32
2021-05-03 15:30:00 ;18.36
2021-05-04 15:30:00 ;19.51
2021-05-05 15:30:00 ;18.48
2021-05-06 15:30:00 ;19.15
2021-05-07 15:30:00 ;18.28
2021-05-10 15:30:00 ;17.47
2021-05-11 15:30:00 ;21.81
2021-05-12 15:30:00 ;23.12
2021-05-13 15:30:00 ;24.51
2021-05-14 15:30:00 ;20.79
2021-05-17 15:30:00 ;20.28
2021-05-18 15:30:00 ;19.91
2021-05-19 15:30:00 ;24.93
2021-05-20 15:30:00 ;21.09
2021-05-21 15:30:00 ;20.14
2021-05-24 15:30:00 ;19.89
2021-05-25 15:30:00 ;18.43
2021-05-26 15:30:00 ;18.65
2021-05-27 15:30:00 ;17.21
2021-05-28 15:30:00 ;16.64
2021-06-01 15:30:00 ;17.07
2021-06-02 15:30:00 ;17.96
2021-06-03 15:30:00 ;18.7
2021-06-04 15:30:00 ;16.93
2021-06-07 15:30:00 ;16.84
2021-06-08 15:30:00 ;16.37
2021-06-09 15:30:00 ;16.92
2021-06-10 15:30:00 ;16.79
2021-06-11 15:30:00 ;15.62
2021-06-14 15:30:00 ;16.15
2021-06-15 15:30:00 ;16.72
2021-06-16 15:30:00 ;16.57
2021-06-17 15:30:00 ;17.56
2021-06-18 15:30:00 ;20.1
2021-06-21 15:30:00 ;20.04
2021-06-22 15:30:00 ;17.72
2021-06-23 15:30:00 ;16.37
2021-06-24 15:30:00 ;15.58
2021-06-25 15:30:00 ;15.87
2021-06-28 15:30:00 ;16.1
2021-06-29 15:30:00 ;15.62
2021-06-30 15:30:00 ;16.66
2021-07-01 15:30:00 ;15.62
2021-07-02 15:30:00 ;14.77
2021-07-06 15:30:00 ;15.73
2021-07-07 15:30:00 ;16.33
2021-07-08 15:30:00 ;19.86
2021-07-09 15:30:00 ;17.48
2021-07-12 15:30:00 ;16.67
2021-07-13 15:30:00 ;16.47
2021-07-14 15:30:00 ;16.06
2021-07-15 15:30:00 ;17.21
2021-07-16 15:30:00 ;16.1
2021-07-19 15:30:00 ;21.34
2021-07-20 15:30:00 ;22.49
2021-07-21 15:30:00 ;18.9
2021-07-22 15:30:00 ;17.91
2021-07-23 15:30:00 ;16.33
2021-07-26 15:30:00 ;18.48
2021-07-27 15:30:00 ;18.94
2021-07-28 15:30:00 ;18.71
2021-07-29 15:30:00 ;17.51
2021-07-30 15:30:00 ;18.64
2021-08-02 15:30:00 ;18.46
2021-08-03 15:30:00 ;19.01
2021-08-04 15:30:00 ;18.77
2021-08-05 15:30:00 ;17.63
2021-08-06 15:30:00 ;16.76
2021-08-09 15:30:00 ;16.91
2021-08-10 15:30:00 ;16.65
2021-08-11 15:30:00 ;16.32
2021-08-12 15:30:00 ;16.21
2021-08-13 15:30:00 ;15.44
2021-08-16 15:30:00 ;17.08
2021-08-17 15:30:00 ;17.56
2021-08-18 15:30:00 ;18.45
2021-08-19 15:30:00 ;22.97
2021-08-20 15:30:00 ;21.55
2021-08-23 15:30:00 ;18.12
2021-08-24 15:30:00 ;17.17
2021-08-25 15:30:00 ;17.28
2021-08-26 15:30:00 ;17.39
2021-08-27 15:30:00 ;17.81
2021-08-30 15:30:00 ;16.39
2021-08-31 15:30:00 ;16.53
2021-09-01 15:30:00 ;16.34
2021-09-02 15:30:00 ;15.79
2021-09-03 15:30:00 ;16.19
2021-09-07 15:30:00 ;17.38
2021-09-08 15:30:00 ;18.92
2021-09-09 15:30:00 ;18.17
2021-09-10 15:30:00 ;17.06
2021-09-13 15:30:00 ;18.96
2021-09-14 15:30:00 ;18.61
2021-09-15 15:30:00 ;19.71
2021-09-16 15:30:00 ;18.9
2021-09-17 15:30:00 ;19.1
2021-09-20 15:30:00 ;25.63
2021-09-21 15:30:00 ;21.71
2021-09-22 15:30:00 ;22.67
2021-09-23 15:30:00 ;19.68
2021-09-24 15:30:00 ;19.98
2021-09-27 15:30:00 ;18.91
2021-09-28 15:30:00 ;20.38
2021-09-29 15:30:00 ;22.73
2021-09-30 15:30:00 ;21.51
2021-10-01 15:30:00 ;22.16
2021-10-04 15:30:00 ;22.26
2021-10-05 15:30:00 ;22.32
2021-10-06 15:30:00 ;22.16
2021-10-07 15:30:00 ;20.11
2021-10-08 15:30:00 ;18.97
2021-10-11 15:30:00 ;19.71
2021-10-12 15:30:00 ;19.58
2021-10-13 15:30:00 ;18.92
2021-10-14 15:30:00 ;17.48
2021-10-15 15:30:00 ;16.5
2021-10-18 15:30:00 ;17.7
2021-10-19 15:30:00 ;16.21
2021-10-20 15:30:00 ;15.36
2021-10-21 15:30:00 ;15.82
2021-10-22 15:30:00 ;15.18
2021-10-25 15:30:00 ;15.75
2021-10-26 15:30:00 ;15.06
2021-10-27 15:30:00 ;15.96
2021-10-28 15:30:00 ;16.53
2021-10-29 15:30:00 ;17.61
2021-11-08 15:30:00 ;16.63
2021-11-09 15:30:00 ;17.38
2021-11-10 15:30:00 ;18.27
2021-11-11 15:30:00 ;17.89
2021-11-12 15:30:00 ;17.07
2021-11-15 15:30:00 ;16.81
2021-11-16 15:30:00 ;17.02
2021-11-17 15:30:00 ;16.57
2021-11-18 15:30:00 ;17.08
2021-11-19 15:30:00 ;18.23
2021-11-22 15:30:00 ;17.81
2021-11-23 15:30:00 ;19.59
2021-11-24 15:30:00 ;20.35
2021-11-26 15:30:00 ;25.1
2021-11-29 15:30:00 ;24.1
2021-11-30 15:30:00 ;25.23
2021-12-01 15:30:00 ;24.22
2021-12-02 15:30:00 ;29.85
2021-12-03 15:30:00 ;26.32
2021-12-06 15:30:00 ;28.5
2021-12-07 15:30:00 ;23.85
2021-12-08 15:30:00 ;22.42
2021-12-09 15:30:00 ;20.54
2021-12-10 15:30:00 ;19.56
2021-12-13 15:30:00 ;19.72
2021-12-14 15:30:00 ;22.04
2021-12-15 15:30:00 ;22.14
2021-12-16 15:30:00 ;18.75
2021-12-17 15:30:00 ;22.16
2021-12-20 15:30:00 ;25.87
2021-12-21 15:30:00 ;21.89
2021-12-22 15:30:00 ;20.68
2021-12-23 15:30:00 ;18.58
2021-12-27 15:30:00 ;18.64
2021-12-28 15:30:00 ;18.01
2021-12-29 15:30:00 ;17.66
2021-12-30 15:30:00 ;17.12
2021-12-31 15:30:00 ;17.65
2022-01-03 15:30:00 ;17.75
2022-01-04 15:30:00 ;16.6
2022-01-05 15:30:00 ;17.17
2022-01-06 15:30:00 ;20.23
2022-01-07 15:30:00 ;19.79
2022-01-10 15:30:00 ;21.07
2022-01-11 15:30:00 ;19.93
2022-01-12 15:30:00 ;17.7
2022-01-13 15:30:00 ;17.75
2022-01-14 15:30:00 ;21.37
2022-01-18 15:30:00 ;21.88
2022-01-19 15:30:00 ;22.43
2022-01-20 15:30:00 ;22.9
2022-01-21 15:30:00 ;27.03
2022-01-24 15:30:00 ;33.85
2022-01-25 15:30:00 ;33.01
2022-01-26 15:30:00 ;29.06
2022-01-27 15:30:00 ;28.74
2022-01-28 15:30:00 ;30.14
2022-01-31 15:30:00 ;28.47
2022-02-01 15:30:00 ;24.24
2022-02-02 15:30:00 ;21.83
2022-02-03 15:30:00 ;23.77
2022-02-04 15:30:00 ;25.12
2022-02-07 15:30:00 ;23.7
2022-02-08 15:30:00 ;22.74
2022-02-09 15:30:00 ;20.47
2022-02-10 15:30:00 ;21.94
2022-02-11 15:30:00 ;23.77
2022-02-14 15:30:00 ;29.16
2022-02-15 15:30:00 ;26.52
2022-02-16 15:30:00 ;26.29
2022-02-17 15:30:00 ;25.97
2022-02-18 15:30:00 ;27.8
2022-02-22 15:30:00 ;29.71
2022-02-23 15:30:00 ;28.19
2022-02-24 15:30:00 ;36.72
2022-02-25 15:30:00 ;29.44
2022-02-28 15:30:00 ;31.38
2022-03-01 15:30:00 ;30.78
2022-03-02 15:30:00 ;33.47
2022-03-03 15:30:00 ;29.62
2022-03-04 15:30:00 ;33.06
2022-03-07 15:30:00 ;32.83
2022-03-08 15:30:00 ;35.53
2022-03-09 15:30:00 ;32.52
2022-03-10 15:30:00 ;33.03
2022-03-11 15:30:00 ;29.38
2022-03-28 15:30:00 ;21.96
2022-03-29 15:30:00 ;18.79
2022-03-30 15:30:00 ;19.12
2022-03-31 15:30:00 ;20.1
2022-04-01 15:30:00 ;20.25
2022-04-04 15:30:00 ;20.33
2022-04-05 15:30:00 ;19.24
2022-04-06 15:30:00 ;22.7
2022-04-07 15:30:00 ;22.37
2022-04-08 15:30:00 ;21.82
2022-04-11 15:30:00 ;22.72
2022-04-12 15:30:00 ;23.31
2022-04-13 15:30:00 ;24.12
2022-04-14 15:30:00 ;21.29
2022-04-18 15:30:00 ;23.67
2022-04-19 15:30:00 ;22.5
2022-04-20 15:30:00 ;20.1
2022-04-21 15:30:00 ;19.92
2022-04-22 15:30:00 ;23.45
2022-04-25 15:30:00 ;29.66
2022-04-26 15:30:00 ;28.1
2022-04-27 15:30:00 ;31.53
2022-04-28 15:30:00 ;29.84
2022-04-29 15:30:00 ;29.79
2022-05-02 15:30:00 ;34.08
2022-05-03 15:30:00 ;31.92
2022-05-04 15:30:00 ;29.08
2022-05-05 15:30:00 ;26.48
2022-05-06 15:30:00 ;32.96
2022-05-09 15:30:00 ;33.1
2022-05-10 15:30:00 ;32.36
2022-05-11 15:30:00 ;32.88
2022-05-12 15:30:00 ;34.06
2022-05-13 15:30:00 ;30.39
2022-05-16 15:30:00 ;29.31
2022-05-17 15:30:00 ;26.62
2022-05-18 15:30:00 ;27.49
2022-05-19 15:30:00 ;31.79
2022-05-20 15:30:00 ;28.7
2022-05-23 15:30:00 ;29.26
2022-05-24 15:30:00 ;29.28
2022-05-25 15:30:00 ;29.91
2022-05-26 15:30:00 ;28.22
2022-05-27 15:30:00 ;26.76
2022-05-30 15:30:00 ;26.76
2022-05-31 15:30:00 ;27.71
2022-06-01 15:30:00 ;25.74
2022-06-02 15:30:00 ;26.17
2022-06-03 15:30:00 ;25.65
2022-06-06 15:30:00 ;25.02
2022-06-07 15:30:00 ;25.92
2022-06-08 15:30:00 ;24.71
2022-06-09 15:30:00 ;24.76
2022-06-10 15:30:00 ;27.53
2022-06-13 15:30:00 ;32.59
2022-06-14 15:30:00 ;33.45
2022-06-15 15:30:00 ;30.79
2022-06-16 15:30:00 ;31.8
2022-06-17 15:30:00 ;32.45
2022-06-21 15:30:00 ;30.3
2022-06-22 15:30:00 ;30.4
2022-06-23 15:30:00 ;29.17
2022-06-24 15:30:00 ;28.74
2022-06-27 15:30:00 ;28.13
2022-06-28 15:30:00 ;26.86
2022-06-29 15:30:00 ;28.93
2022-06-30 15:30:00 ;29.28
2022-07-01 15:30:00 ;28.37
2022-07-05 15:30:00 ;29.45
2022-07-06 15:30:00 ;27.73
2022-07-07 15:30:00 ;26.4
2022-07-08 15:30:00 ;26.12
2022-07-11 15:30:00 ;26.36
2022-07-12 15:30:00 ;26.67
2022-07-13 15:30:00 ;28.53
2022-07-14 15:30:00 ;27.76
2022-07-15 15:30:00 ;25.15
2022-07-18 15:30:00 ;24.82
2022-07-19 15:30:00 ;24.52
2022-07-20 15:30:00 ;24.47
2022-07-21 15:30:00 ;24.08
2022-07-22 15:30:00 ;22.79
2022-07-25 15:30:00 ;23.93
2022-07-26 15:30:00 ;24.11
2022-07-27 15:30:00 ;24.14
2022-07-28 15:30:00 ;22.71
2022-07-29 15:30:00 ;21.9
2022-08-01 15:30:00 ;22.88
2022-08-02 15:30:00 ;23.95
2022-08-03 15:30:00 ;23.03
2022-08-04 15:30:00 ;22.32
2022-08-05 15:30:00 ;22.47
2022-08-08 15:30:00 ;21.56
2022-08-09 15:30:00 ;21.94
2022-08-10 15:30:00 ;20.36
2022-08-11 15:30:00 ;19.75
2022-08-12 15:30:00 ;19.91
2022-08-15 15:30:00 ;20.93
2022-08-16 15:30:00 ;20.01
2022-08-17 15:30:00 ;19.94
2022-08-18 15:30:00 ;20.11
2022-08-19 15:30:00 ;20.25
2022-08-22 15:30:00 ;23.17
2022-08-23 15:30:00 ;23.81
2022-08-24 15:30:00 ;23.92
2022-08-25 15:30:00 ;22.97
2022-08-26 15:30:00 ;21.89
2022-08-29 15:30:00 ;27.13
2022-08-30 15:30:00 ;25.72
2022-08-31 15:30:00 ;25.99
2022-09-01 15:30:00 ;26.57
2022-09-02 15:30:00 ;23.87
2022-09-06 15:30:00 ;25.77
2022-09-07 15:30:00 ;26.72
2022-09-08 15:30:00 ;25.9
2022-09-09 15:30:00 ;23.08
2022-09-12 15:30:00 ;23.28
2022-09-13 15:30:00 ;24.53
2022-09-14 15:30:00 ;27
2022-09-15 15:30:00 ;26.47
2022-09-16 15:30:00 ;27.7
2022-09-19 15:30:00 ;27.7
2022-09-20 15:30:00 ;26.66
2022-09-21 15:30:00 ;26.7
2022-09-22 15:30:00 ;27.61
2022-09-23 15:30:00 ;28.51
2022-09-26 15:30:00 ;31.83
2022-09-27 15:30:00 ;31.2
2022-09-28 15:30:00 ;33.24
2022-09-29 15:30:00 ;31.57
2022-09-30 15:30:00 ;31.77
2022-10-03 15:30:00 ;31.17
2022-10-04 15:30:00 ;28.9
2022-10-05 15:30:00 ;29.57
2022-10-06 15:30:00 ;29.09
2022-10-07 15:30:00 ;30.53
2022-10-10 15:30:00 ;32.47
2022-10-11 15:30:00 ;33.46
2022-10-12 15:30:00 ;34.31
2022-10-13 15:30:00 ;33.51
2022-10-14 15:30:00 ;31.47
2022-10-17 15:30:00 ;31.43
2022-10-18 15:30:00 ;30.73
2022-10-19 15:30:00 ;31.43
2022-10-20 15:30:00 ;30.81
2022-10-21 15:30:00 ;30.13
2022-10-24 15:30:00 ;30.31
2022-10-25 15:30:00 ;29.68
2022-10-26 15:30:00 ;28.41
2022-10-27 15:30:00 ;27.36
2022-10-28 15:30:00 ;26.9
2022-11-07 15:30:00 ;25.31
2022-11-08 15:30:00 ;24.5
2022-11-09 15:30:00 ;25.57
2022-11-10 15:30:00 ;23.47
2022-11-11 15:30:00 ;23.76
2022-11-14 15:30:00 ;23.93
2022-11-15 15:30:00 ;23.43
2022-11-16 15:30:00 ;24.72
2022-11-17 15:30:00 ;24.86
2022-11-18 15:30:00 ;23.38
2022-11-21 15:30:00 ;23.73
2022-11-22 15:30:00 ;22.17
2022-11-23 15:30:00 ;21.65
2022-11-25 15:30:00 ;20.89
2022-11-28 15:30:00 ;22.01
2022-11-29 15:30:00 ;22.27
2022-11-30 15:30:00 ;22.06
2022-12-01 15:30:00 ;20.68
2022-12-02 15:30:00 ;20.44
2022-12-05 15:30:00 ;20.26
2022-12-06 15:30:00 ;20.51
2022-12-07 15:30:00 ;22.71
2022-12-08 15:30:00 ;22.84
2022-12-09 15:30:00 ;22.79
2022-12-12 15:30:00 ;24.24
2022-12-13 15:30:00 ;21.59
2022-12-14 15:30:00 ;22.79
2022-12-15 15:30:00 ;21.56
2022-12-16 15:30:00 ;23.28
2022-12-19 15:30:00 ;22.79
2022-12-20 15:30:00 ;22.55
2022-12-21 15:30:00 ;20.43
2022-12-22 15:30:00 ;20.56
2022-12-23 15:30:00 ;21.82
2022-12-27 15:30:00 ;22.3
2022-12-28 15:30:00 ;21.86
2022-12-29 15:30:00 ;21.93
2022-12-30 15:30:00 ;22.19
2023-01-03 15:30:00 ;23.15
2023-01-04 15:30:00 ;23.13
2023-01-05 15:30:00 ;22.51
2023-01-06 15:30:00 ;22.03
2023-01-09 15:30:00 ;21.72
2023-01-10 15:30:00 ;22.14
2023-01-11 15:30:00 ;20.75
2023-01-12 15:30:00 ;20.06
2023-01-13 15:30:00 ;19.1
2023-01-17 15:30:00 ;19.85
2023-01-18 15:30:00 ;19.02
2023-01-19 15:30:00 ;21.16
2023-01-20 15:30:00 ;20.52
2023-01-23 15:30:00 ;20.18
2023-01-24 15:30:00 ;20.2
2023-01-25 15:30:00 ;20.17
2023-01-26 15:30:00 ;19.02
2023-01-27 15:30:00 ;18.75
2023-01-30 15:30:00 ;19.65
2023-01-31 15:30:00 ;20.08
2023-02-01 15:30:00 ;19.63
2023-02-02 15:30:00 ;17.44
2023-02-03 15:30:00 ;18.52
2023-02-06 15:30:00 ;19.44
2023-02-07 15:30:00 ;19.92
2023-02-08 15:30:00 ;18.89
2023-02-09 15:30:00 ;19.25
2023-02-10 15:30:00 ;21.26
2023-02-13 15:30:00 ;21.39
2023-02-14 15:30:00 ;19.99
2023-02-15 15:30:00 ;18.72
2023-02-16 15:30:00 ;19.48
2023-02-17 15:30:00 ;20.88
2023-02-21 15:30:00 ;22.32
2023-02-22 15:30:00 ;23.29
2023-02-23 15:30:00 ;21.55
2023-02-24 15:30:00 ;22.27
2023-02-27 15:30:00 ;21.39
2023-02-28 15:30:00 ;21.12
2023-03-01 15:30:00 ;20.73
2023-03-02 15:30:00 ;21.02
2023-03-03 15:30:00 ;19.42
2023-03-06 15:30:00 ;18.89
2023-03-07 15:30:00 ;18.84
2023-03-08 15:30:00 ;19.75
2023-03-09 15:30:00 ;19.21
2023-03-10 15:30:00 ;22.71
2023-03-27 15:30:00 ;21.36
2023-03-28 15:30:00 ;20.96
2023-03-29 15:30:00 ;19.22
2023-03-30 15:30:00 ;19.01
2023-03-31 15:30:00 ;18.93
2023-04-03 15:30:00 ;19.58
2023-04-04 15:30:00 ;18.91
2023-04-05 15:30:00 ;19.69
2023-04-06 15:30:00 ;19.7
2023-04-10 15:30:00 ;19.92
2023-04-11 15:30:00 ;19.15
2023-04-12 15:30:00 ;18.6
2023-04-13 15:30:00 ;18.57
2023-04-14 15:30:00 ;17.89
2023-04-17 15:30:00 ;17.72
2023-04-18 15:30:00 ;16.99
2023-04-19 15:30:00 ;16.82
2023-04-20 15:30:00 ;17.36
2023-04-21 15:30:00 ;17.3
2023-04-24 15:30:00 ;17.34
2023-04-25 15:30:00 ;17.64
2023-04-26 15:30:00 ;18.87
2023-04-27 15:30:00 ;17.98
2023-04-28 15:30:00 ;16.76
2023-05-01 15:30:00 ;16.31
2023-05-02 15:30:00 ;16.72
2023-05-03 15:30:00 ;17.92
2023-05-04 15:30:00 ;19.25
2023-05-05 15:30:00 ;18.31
2023-05-08 15:30:00 ;17.63
2023-05-09 15:30:00 ;17.76
2023-05-10 15:30:00 ;16.53
2023-05-11 15:30:00 ;17.7
2023-05-12 15:30:00 ;16.62
2023-05-15 15:30:00 ;17.72
2023-05-16 15:30:00 ;17.59
2023-05-17 15:30:00 ;17.28
2023-05-18 15:30:00 ;16.96
2023-05-19 15:30:00 ;16.07
2023-05-22 15:30:00 ;17.09
2023-05-23 15:30:00 ;18.1
2023-05-24 15:30:00 ;19.89
2023-05-25 15:30:00 ;19.17
2023-05-26 15:30:00 ;18.74
2023-05-30 15:30:00 ;17.12
2023-05-31 15:30:00 ;17.98
2023-06-01 15:30:00 ;17.4
2023-06-02 15:30:00 ;15.13
2023-06-05 15:30:00 ;15.14
2023-06-06 15:30:00 ;14.91
2023-06-07 15:30:00 ;13.9
2023-06-08 15:30:00 ;14.08
2023-06-09 15:30:00 ;13.67
2023-06-12 15:30:00 ;14.68
2023-06-13 15:30:00 ;14.61
2023-06-14 15:30:00 ;14.73
2023-06-15 15:30:00 ;14.04
2023-06-16 15:30:00 ;14.47
2023-06-20 15:30:00 ;14.45
2023-06-21 15:30:00 ;13.62
2023-06-22 15:30:00 ;13.8
2023-06-23 15:30:00 ;13.72
2023-06-26 15:30:00 ;14.18
2023-06-27 15:30:00 ;14.15
2023-06-28 15:30:00 ;13.83
2023-06-29 15:30:00 ;13.65
2023-06-30 15:30:00 ;13.37
2023-07-03 15:30:00 ;13.84
2023-07-05 15:30:00 ;14.41
2023-07-06 15:30:00 ;15.47
2023-07-07 15:30:00 ;15.49
2023-07-10 15:30:00 ;15.34
2023-07-11 15:30:00 ;14.89
2023-07-12 15:30:00 ;14.05
2023-07-13 15:30:00 ;13.41
2023-07-14 15:30:00 ;13.7
2023-07-17 15:30:00 ;13.86
2023-07-18 15:30:00 ;13.66
2023-07-19 15:30:00 ;13.18
2023-07-20 15:30:00 ;14.02
2023-07-21 15:30:00 ;13.84
2023-07-24 15:30:00 ;14.12
2023-07-25 15:30:00 ;14.03
2023-07-26 15:30:00 ;14.11
2023-07-27 15:30:00 ;12.93
2023-07-28 15:30:00 ;13.47
2023-07-31 15:30:00 ;13.96
2023-08-01 15:30:00 ;14.15
2023-08-02 15:30:00 ;15.4
2023-08-03 15:30:00 ;16.93
2023-08-04 15:30:00 ;15.32
2023-08-07 15:30:00 ;16.54
2023-08-08 15:30:00 ;16.77
2023-08-09 15:30:00 ;15.9
2023-08-10 15:30:00 ;15.15
2023-08-11 15:30:00 ;16.36
2023-08-14 15:30:00 ;15.92
2023-08-15 15:30:00 ;15.36
2023-08-16 15:30:00 ;16.26
2023-08-17 15:30:00 ;16.5
2023-08-18 15:30:00 ;18.73
2023-08-21 15:30:00 ;17.84
2023-08-22 15:30:00 ;16.9
2023-08-23 15:30:00 ;16.82
2023-08-24 15:30:00 ;15.72
2023-08-25 15:30:00 ;16.75
2023-08-28 15:30:00 ;15.89
2023-08-29 15:30:00 ;15.13
2023-08-30 15:30:00 ;14.33
2023-08-31 15:30:00 ;13.89
2023-09-01 15:30:00 ;13.29
2023-09-05 15:30:00 ;14.19
2023-09-06 15:30:00 ;14.27
2023-09-07 15:30:00 ;15.47
2023-09-08 15:30:00 ;14.39
2023-09-11 15:30:00 ;14.08
2023-09-12 15:30:00 ;14.22
2023-09-13 15:30:00 ;13.86
2023-09-14 15:30:00 ;13.29
2023-09-15 15:30:00 ;13.07
2023-09-18 15:30:00 ;14.55
2023-09-19 15:30:00 ;14.28
2023-09-20 15:30:00 ;14.07
2023-09-21 15:30:00 ;16.09
2023-09-22 15:30:00 ;17.06
2023-09-25 15:30:00 ;18.06
2023-09-26 15:30:00 ;17.72
2023-09-27 15:30:00 ;18.28
2023-09-28 15:30:00 ;18.73
2023-09-29 15:30:00 ;16.34
2023-10-02 15:30:00 ;18.29
2023-10-03 15:30:00 ;18.65
2023-10-04 15:30:00 ;19.51
2023-10-05 15:30:00 ;18.47
2023-10-06 15:30:00 ;19.12
2023-10-09 15:30:00 ;18.69
2023-10-10 15:30:00 ;17.5
2023-10-11 15:30:00 ;16.52
2023-10-12 15:30:00 ;15.91
2023-10-13 15:30:00 ;16.75
2023-10-16 15:30:00 ;18.52
2023-10-17 15:30:00 ;18.16
2023-10-18 15:30:00 ;18.47
2023-10-19 15:30:00 ;19.1
2023-10-20 15:30:00 ;20.99
2023-10-23 15:30:00 ;21.88
2023-10-24 15:30:00 ;19.65
2023-10-25 15:30:00 ;19.26
2023-10-26 15:30:00 ;20.87
2023-10-27 15:30:00 ;20.17
2023-11-06 15:30:00 ;15.31
2023-11-07 15:30:00 ;14.98
2023-11-08 15:30:00 ;14.63
2023-11-09 15:30:00 ;14.42
2023-11-10 15:30:00 ;14.94
2023-11-13 15:30:00 ;15.05
2023-11-14 15:30:00 ;13.98
2023-11-15 15:30:00 ;14.07
2023-11-16 15:30:00 ;14
2023-11-17 15:30:00 ;14.11
2023-11-20 15:30:00 ;14.08
2023-11-21 15:30:00 ;13.68
2023-11-22 15:30:00 ;12.88
2023-11-24 15:30:00 ;13.12
2023-11-27 15:30:00 ;12.98
2023-11-28 15:30:00 ;12.86
2023-11-29 15:30:00 ;12.56
2023-11-30 15:30:00 ;13.13
2023-12-01 15:30:00 ;12.89
2023-12-04 15:30:00 ;13.46
2023-12-05 15:30:00 ;13.29
2023-12-06 15:30:00 ;12.75
2023-12-07 15:30:00 ;13.03
2023-12-08 15:30:00 ;12.82
2023-12-11 15:30:00 ;13.09
2023-12-12 15:30:00 ;12.51
2023-12-13 15:30:00 ;12.22
2023-12-14 15:30:00 ;12.01
2023-12-15 15:30:00 ;12.28
2023-12-18 15:30:00 ;12.44
2023-12-19 15:30:00 ;12.53
2023-12-20 15:30:00 ;12.34
2023-12-21 15:30:00 ;13.41
2023-12-22 15:30:00 ;13.74
2023-12-26 15:30:00 ;13.76
2023-12-27 15:30:00 ;12.94
2023-12-28 15:30:00 ;12.52
2023-12-29 15:30:00 ;12.61
2024-01-02 15:30:00 ;13.83
2024-01-03 15:30:00 ;13.82
2024-01-04 15:30:00 ;14.17
2024-01-05 15:30:00 ;13.77
2024-01-08 15:30:00 ;13.73
2024-01-09 15:30:00 ;13.37
2024-01-10 15:30:00 ;12.71
2024-01-11 15:30:00 ;12.46
2024-01-12 15:30:00 ;12.49
2024-01-16 15:30:00 ;13.78
2024-01-17 15:30:00 ;15.09
2024-01-18 15:30:00 ;14.38
2024-01-19 15:30:00 ;13.75
2024-01-22 15:30:00 ;13.5
2024-01-23 15:30:00 ;13.2
2024-01-24 15:30:00 ;12.46
2024-01-25 15:30:00 ;13.12
2024-01-26 15:30:00 ;13.54
2024-01-29 15:30:00 ;13.9
2024-01-30 15:30:00 ;13.68
2024-01-31 15:30:00 ;13.26
2024-02-01 15:30:00 ;14.05
2024-02-02 15:30:00 ;14.12
2024-02-05 15:30:00 ;14.21
2024-02-06 15:30:00 ;13.48
2024-02-07 15:30:00 ;12.93
2024-02-08 15:30:00 ;13
2024-02-09 15:30:00 ;12.95
2024-02-12 15:30:00 ;13.41
2024-02-13 15:30:00 ;14.67
2024-02-14 15:30:00 ;14.45
2024-02-15 15:30:00 ;14.36
2024-02-16 15:30:00 ;14.4
2024-02-20 15:30:00 ;15.18
2024-02-21 15:30:00 ;16.07
2024-02-22 15:30:00 ;14.34
2024-02-23 15:30:00 ;14.1
2024-02-26 15:30:00 ;13.97
2024-02-27 15:30:00 ;13.71
2024-02-28 15:30:00 ;13.7
2024-02-29 15:30:00 ;13.43
2024-03-01 15:30:00 ;13.26
2024-03-04 15:30:00 ;13.54
2024-03-05 15:30:00 ;13.87
2024-03-06 15:30:00 ;13.9
2024-03-07 15:30:00 ;14.26
2024-03-08 15:30:00 ;14.09
2024-04-01 15:30:00 ;13.83
2024-04-02 15:30:00 ;14.69
2024-04-03 15:30:00 ;15.18
2024-04-04 15:30:00 ;14
2024-04-05 15:30:00 ;16.38
2024-04-08 15:30:00 ;16
2024-04-09 15:30:00 ;15.15
2024-04-10 15:30:00 ;16.16
2024-04-11 15:30:00 ;15.84
2024-04-12 15:30:00 ;16.58
2024-04-15 15:30:00 ;16.42
2024-04-16 15:30:00 ;18.94
2024-04-17 15:30:00 ;18.02
2024-04-18 15:30:00 ;17.82
2024-04-19 15:30:00 ;18.69
2024-04-22 15:30:00 ;18.14
2024-04-23 15:30:00 ;16.54
2024-04-24 15:30:00 ;15.91
2024-04-25 15:30:00 ;16.94
2024-04-26 15:30:00 ;15.51
2024-04-29 15:30:00 ;15.06
2024-04-30 15:30:00 ;14.97
2024-05-01 15:30:00 ;15.91
2024-05-02 15:30:00 ;15.03
2024-05-03 15:30:00 ;13.73
2024-05-06 15:30:00 ;13.72
2024-05-07 15:30:00 ;13.47
2024-05-08 15:30:00 ;13.49
2024-05-09 15:30:00 ;13.19
2024-05-10 15:30:00 ;12.82
2024-05-13 15:30:00 ;13.34
2024-05-14 15:30:00 ;13.73
2024-05-15 15:30:00 ;13.06
2024-05-16 15:30:00 ;12.43
2024-05-17 15:30:00 ;12.3
2024-05-20 15:30:00 ;12.25
2024-05-21 15:30:00 ;12.48
2024-05-22 15:30:00 ;12
2024-05-23 15:30:00 ;11.81
2024-05-24 15:30:00 ;12.54
2024-05-28 15:30:00 ;12.53
2024-05-29 15:30:00 ;14.11
2024-05-30 15:30:00 ;14.23
2024-05-31 15:30:00 ;13.84
2024-06-03 15:30:00 ;13.15
2024-06-04 15:30:00 ;13.63
2024-06-05 15:30:00 ;13
2024-06-06 15:30:00 ;12.65
2024-06-07 15:30:00 ;12.86
2024-06-10 15:30:00 ;13.15
2024-06-11 15:30:00 ;13.14
2024-06-12 15:30:00 ;12.42
2024-06-13 15:30:00 ;12.08
2024-06-14 15:30:00 ;12.6
2024-06-17 15:30:00 ;13.15
2024-06-18 15:30:00 ;12.44
2024-06-20 15:30:00 ;12.62
2024-06-21 15:30:00 ;13.57
2024-06-24 15:30:00 ;13.86
2024-06-25 15:30:00 ;13.43
2024-06-26 15:30:00 ;13.22
2024-06-27 15:30:00 ;12.58
2024-06-28 15:30:00 ;12.45
2024-07-01 15:30:00 ;12.86
2024-07-02 15:30:00 ;12.56
2024-07-03 15:30:00 ;12.06
2024-07-05 15:30:00 ;12.31
2024-07-08 15:30:00 ;12.58
2024-07-09 15:30:00 ;12.44
2024-07-10 15:30:00 ;12.49
2024-07-11 15:30:00 ;12.5
2024-07-12 15:30:00 ;12.55
2024-07-15 15:30:00 ;12.86
2024-07-16 15:30:00 ;13.07
2024-07-17 15:30:00 ;13.73
2024-07-18 15:30:00 ;14.39
2024-07-19 15:30:00 ;16.34
2024-07-22 15:30:00 ;16.06
2024-07-23 15:30:00 ;15
2024-07-24 15:30:00 ;15.42
2024-07-25 15:30:00 ;18.1
2024-07-26 15:30:00 ;17.63
2024-07-29 15:30:00 ;17.01
2024-07-30 15:30:00 ;16.45
2024-07-31 15:30:00 ;16.45
2024-08-01 15:30:00 ;16.28
2024-08-02 15:30:00 ;21.06
2024-08-05 15:30:00 ;55.68
2024-08-06 15:30:00 ;32.38
2024-08-07 15:30:00 ;22.97
2024-08-08 15:30:00 ;25.71
2024-08-09 15:30:00 ;23.91
2024-08-12 15:30:00 ;20.52
2024-08-13 15:30:00 ;19.72
2024-08-14 15:30:00 ;17.36
2024-08-15 15:30:00 ;15.25
2024-08-16 15:30:00 ;15.56
2024-08-19 15:30:00 ;15.56
2024-08-20 15:30:00 ;15.05
2024-08-21 15:30:00 ;16.01
2024-08-22 15:30:00 ;15.9
2024-08-23 15:30:00 ;16.98
2024-08-26 15:30:00 ;15.9
2024-08-27 15:30:00 ;16.62
2024-08-28 15:30:00 ;15.61
2024-08-29 15:30:00 ;15.89
2024-08-30 15:30:00 ;15.42
2024-09-03 15:30:00 ;16.59
2024-09-04 15:30:00 ;22.37
2024-09-05 15:30:00 ;20.62
2024-09-06 15:30:00 ;19.05
2024-09-09 15:30:00 ;20.99
2024-09-10 15:30:00 ;19.15
2024-09-11 15:30:00 ;18.68
2024-09-12 15:30:00 ;17.94
2024-09-13 15:30:00 ;17.13
2024-09-16 15:30:00 ;17.25
2024-09-17 15:30:00 ;17.2
2024-09-18 15:30:00 ;19.39
2024-09-19 15:30:00 ;16.29
2024-09-20 15:30:00 ;16.11
2024-09-23 15:30:00 ;16.35
2024-09-24 15:30:00 ;15.91
2024-09-25 15:30:00 ;15.48
2024-09-26 15:30:00 ;15.28
2024-09-27 15:30:00 ;15.36
2024-09-30 15:30:00 ;17.19
2024-10-01 15:30:00 ;16.93
2024-10-02 15:30:00 ;19.76
2024-10-03 15:30:00 ;19.92
2024-10-04 15:30:00 ;19.24
2024-10-07 15:30:00 ;20.91
2024-10-08 15:30:00 ;21.85
2024-10-09 15:30:00 ;21.67
2024-10-10 15:30:00 ;21.08
2024-10-11 15:30:00 ;20.81
2024-10-14 15:30:00 ;20.54
2024-10-15 15:30:00 ;19.61
2024-10-16 15:30:00 ;20.82
2024-10-17 15:30:00 ;19.27
2024-10-18 15:30:00 ;19.15
2024-10-21 15:30:00 ;18.91
2024-10-22 15:30:00 ;19.28
2024-10-23 15:30:00 ;18.6
2024-10-24 15:30:00 ;19.02
2024-10-25 15:30:00 ;18.49
2024-11-04 15:30:00 ;22.54
2024-11-05 15:30:00 ;21.73
2024-11-06 15:30:00 ;15.81
2024-11-07 15:30:00 ;15.44
2024-11-08 15:30:00 ;14.79
2024-11-11 15:30:00 ;15.31
2024-11-12 15:30:00 ;15.16
2024-11-13 15:30:00 ;14.72
2024-11-14 15:30:00 ;14.01
2024-11-15 15:30:00 ;14.69
2024-11-18 15:30:00 ;16.66
2024-11-19 15:30:00 ;17
2024-11-20 15:30:00 ;16.53
2024-11-21 15:30:00 ;15.89
2024-11-22 15:30:00 ;16.47
2024-11-25 15:30:00 ;14.86
2024-11-26 15:30:00 ;14.44
2024-11-27 15:30:00 ;14.14
2024-11-29 15:30:00 ;14.09
2024-12-02 15:30:00 ;13.86
2024-12-03 15:30:00 ;13.49
2024-12-04 15:30:00 ;12.96
2024-12-05 15:30:00 ;13.51
2024-12-06 15:30:00 ;13.07
2024-12-09 15:30:00 ;13.43
2024-12-10 15:30:00 ;14.17
2024-12-11 15:30:00 ;13.63
2024-12-12 15:30:00 ;13.64
2024-12-13 15:30:00 ;13.43
2024-12-16 15:30:00 ;14.2
2024-12-17 15:30:00 ;15.22
2024-12-18 15:30:00 ;15.66
2024-12-19 15:30:00 ;20.89
2024-12-20 15:30:00 ;23.35
2024-12-23 15:30:00 ;18.4
2024-12-24 15:30:00 ;16.92
2024-12-26 15:30:00 ;15.14
2024-12-27 15:30:00 ;15.95
2024-12-30 15:30:00 ;18.33
2024-12-31 15:30:00 ;16.94
2025-01-02 15:30:00 ;17.27
2025-01-03 15:30:00 ;17.37
2025-01-06 15:30:00 ;16.24
2025-01-07 15:30:00 ;15.8
2025-01-08 15:30:00 ;18.85
2025-01-10 15:30:00 ;18.95
2025-01-13 15:30:00 ;21.35
2025-01-14 15:30:00 ;18.75
2025-01-15 15:30:00 ;16.93
2025-01-16 15:30:00 ;16.09
2025-01-17 15:30:00 ;15.88
2025-01-21 15:30:00 ;15.82
2025-01-22 15:30:00 ;15.14
2025-01-23 15:30:00 ;15.07
2025-01-24 15:30:00 ;14.92
2025-01-27 15:30:00 ;20.61
2025-01-28 15:30:00 ;17.61
2025-01-29 15:30:00 ;16.67
2025-01-30 15:30:00 ;15.75
2025-01-31 15:30:00 ;15.24
2025-02-03 15:30:00 ;19.29
2025-02-04 15:30:00 ;18.02
2025-02-05 15:30:00 ;16.85
2025-02-06 15:30:00 ;15.69
2025-02-07 15:30:00 ;14.95
2025-02-10 15:30:00 ;16.2
2025-02-11 15:30:00 ;16.08
2025-02-12 15:30:00 ;16.87
2025-02-13 15:30:00 ;15.68
2025-02-14 15:30:00 ;15.01
2025-02-18 15:30:00 ;15.74
2025-02-19 15:30:00 ;15.9
2025-02-20 15:30:00 ;15.54
2025-02-21 15:30:00 ;15.58
2025-02-24 15:30:00 ;17.77
2025-02-25 15:30:00 ;19.36
2025-02-26 15:30:00 ;19.25
2025-02-27 15:30:00 ;18.09
2025-02-28 15:30:00 ;21.3
2025-03-03 15:30:00 ;19.61
2025-03-04 15:30:00 ;24.31
2025-03-05 15:30:00 ;23.97
2025-03-06 15:30:00 ;23.78
2025-03-07 15:30:00 ;24.84
2025-03-31 15:30:00 ;24.09
2025-04-01 15:30:00 ;22.68
2025-04-02 15:30:00 ;23.24
2025-04-03 15:30:00 ;26.38
2025-04-04 15:30:00 ;36.89
2025-04-07 15:30:00 ;50.35
2025-04-08 15:30:00 ;38.48
2025-04-09 15:30:00 ;50.39
2025-04-10 15:30:00 ;36.13
2025-04-11 15:30:00 ;43.6
2025-04-14 15:30:00 ;32.04
2025-04-15 15:30:00 ;29.91
2025-04-16 15:30:00 ;31.6
2025-04-17 15:30:00 ;30.96
2025-04-21 15:30:00 ;31.97
2025-04-22 15:30:00 ;31.79
2025-04-23 15:30:00 ;27.75
2025-04-24 15:30:00 ;27.81
2025-04-25 15:30:00 ;26.59
2025-04-28 15:30:00 ;24.98
2025-04-29 15:30:00 ;25.7
2025-04-30 15:30:00 ;26.84
2025-05-01 15:30:00 ;24
2025-05-02 15:30:00 ;22.81
2025-05-05 15:30:00 ;24.12
2025-05-06 15:30:00 ;24.77
2025-05-07 15:30:00 ;24.75
2025-05-08 15:30:00 ;22.81
2025-05-09 15:30:00 ;22.19
2025-05-12 15:30:00 ;19.47
2025-05-13 15:30:00 ;17.87
2025-05-14 15:30:00 ;18.2
2025-05-15 15:30:00 ;18.76
2025-05-16 15:30:00 ;17.59
2025-05-19 15:30:00 ;19.16
2025-05-20 15:30:00 ;18.09
2025-05-21 15:30:00 ;18.85
2025-05-22 15:30:00 ;21.1
2025-05-23 15:30:00 ;24.34
2025-05-27 15:30:00 ;20.63
2025-05-28 15:30:00 ;19.04
2025-05-29 15:30:00 ;18.99
2025-05-30 15:30:00 ;19.64
2025-06-02 15:30:00 ;19.24
2025-06-03 15:30:00 ;18.26
2025-06-04 15:30:00 ;17.55
2025-06-05 15:30:00 ;17.45
2025-06-06 15:30:00 ;17.13
2025-06-09 15:30:00 ;17.47
2025-06-10 15:30:00 ;17.11
2025-06-11 15:30:00 ;16.55
2025-06-12 15:30:00 ;18.04
2025-06-13 15:30:00 ;19.77
2025-06-16 15:30:00 ;19.56
2025-06-17 15:30:00 ;19.93
2025-06-18 15:30:00 ;20.9
2025-06-20 15:30:00 ;19.33
2025-06-23 15:30:00 ;20.91
2025-06-24 15:30:00 ;18.14
2025-06-25 15:30:00 ;17.08
2025-06-26 15:30:00 ;16.6
2025-06-27 15:30:00 ;16.3
2025-06-30 15:30:00 ;17.07
2025-07-01 15:30:00 ;17.12
2025-07-02 15:30:00 ;17.28
2025-07-03 15:30:00 ;16.17
2025-07-07 15:30:00 ;17.64
2025-07-08 15:30:00 ;17.1
2025-07-09 15:30:00 ;15.96
2025-07-10 15:30:00 ;15.89
2025-07-11 15:30:00 ;16.6
2025-07-14 15:30:00 ;17.21
2025-07-15 15:30:00 ;16.6
2025-07-16 15:30:00 ;16.72
2025-07-17 15:30:00 ;17.24
2025-07-18 15:30:00 ;16.44
2025-07-21 15:30:00 ;16.83
2025-07-22 15:30:00 ;16.85
2025-07-23 15:30:00 ;16.17
2025-07-24 15:30:00 ;15.04
2025-07-25 15:30:00 ;15.28
2025-07-28 15:30:00 ;15.27
2025-07-29 15:30:00 ;14.77
2025-07-30 15:30:00 ;15.9
2025-07-31 15:30:00 ;15.29
2025-08-01 15:30:00 ;18.91
2025-08-04 15:30:00 ;18.67
2025-08-05 15:30:00 ;17.58
2025-08-06 15:30:00 ;17.74
2025-08-07 15:30:00 ;16.22
2025-08-08 15:30:00 ;16.09
2025-08-11 15:30:00 ;15.92
2025-08-12 15:30:00 ;15.29
2025-08-13 15:30:00 ;14.37
2025-08-14 15:30:00 ;15.13
2025-08-15 15:30:00 ;14.64
2025-08-18 15:30:00 ;15.43
2025-08-19 15:30:00 ;14.96
2025-08-20 15:30:00 ;15.78
2025-08-21 15:30:00 ;16.57
2025-08-22 15:30:00 ;16.49
2025-08-25 15:30:00 ;15.07
2025-08-26 15:30:00 ;15.34
2025-08-27 15:30:00 ;14.92
2025-08-28 15:30:00 ;14.14
2025-08-29 15:30:00 ;14.58
2025-09-02 15:30:00 ;19.17
2025-09-03 15:30:00 ;17.14
2025-09-04 15:30:00 ;16.19
2025-09-05 15:30:00 ;14.85
2025-09-08 15:30:00 ;15.44
2025-09-09 15:30:00 ;15.44
2025-09-10 15:30:00 ;14.82
2025-09-11 15:30:00 ;14.78
2025-09-12 15:30:00 ;14.79
2025-09-15 15:30:00 ;14.96
2025-09-16 15:30:00 ;15.67
2025-09-17 15:30:00 ;15.98
2025-09-18 15:30:00 ;15.31
2025-09-19 15:30:00 ;15.45
2025-09-22 15:30:00 ;16.02
2025-09-23 15:30:00 ;16
2025-09-24 15:30:00 ;16.39
2025-09-25 15:30:00 ;17.26
2025-09-26 15:30:00 ;16.64
2025-09-29 15:30:00 ;15.97
2025-09-30 15:30:00 ;16.39
2025-10-01 15:30:00 ;16.65
2025-10-02 15:30:00 ;16.04
2025-10-03 15:30:00 ;16.43
2025-10-06 15:30:00 ;16.75
2025-10-07 15:30:00 ;16.29
2025-10-08 15:30:00 ;17.06
2025-10-09 15:30:00 ;16.37
2025-10-10 15:30:00 ;16.53
2025-10-13 15:30:00 ;20.09
2025-10-14 15:30:00 ;21.7
2025-10-15 15:30:00 ;19.44
2025-10-16 15:30:00 ;20.28
2025-10-17 15:30:00 ;24.51
2025-10-20 15:30:00 ;19.96
2025-10-21 15:30:00 ;18.59
2025-10-22 15:30:00 ;18.97
2025-10-23 15:30:00 ;18.83
2025-10-24 15:30:00 ;16.54
2025-11-03 15:30:00 ;17.42
2025-11-04 15:30:00 ;18.98
2025-11-05 15:30:00 ;19.06
2025-11-06 15:30:00 ;18.36
2025-11-07 15:30:00 ;20.85
2025-11-10 15:30:00 ;18.18
2025-11-11 15:30:00 ;17.64
2025-11-12 15:30:00 ;17.29
2025-11-13 15:30:00 ;18.19
2025-11-14 15:30:00 ;22.43
2025-11-17 15:30:00 ;21.21
2025-11-18 15:30:00 ;23.74
2025-11-19 15:30:00 ;23.95
2025-11-20 15:30:00 ;19.5
2025-11-21 15:30:00 ;25.21
2025-11-24 15:30:00 ;22.45
2025-11-25 15:30:00 ;20.29
2025-11-26 15:30:00 ;17.86
2025-11-28 15:30:00 ;18.52
2025-12-01 15:30:00 ;17.92
2025-12-02 15:30:00 ;16.78
2025-12-03 15:30:00 ;16.99
2025-12-04 15:30:00 ;16.03
2025-12-05 15:30:00 ;15.74
2025-12-08 15:30:00 ;16.38
2025-12-09 15:30:00 ;17.09
2025-12-10 15:30:00 ;17.46
2025-12-11 15:30:00 ;16.1
2025-12-12 15:30:00 ;15.09
2025-12-15 15:30:00 ;16.07
2025-12-16 15:30:00 ;16.81
2025-12-17 15:30:00 ;16.18
2025-12-18 15:30:00 ;16.46
2025-12-19 15:30:00 ;16.01
2025-12-22 15:30:00 ;14.86
2025-12-23 15:30:00 ;14.16
2025-12-24 15:30:00 ;13.94
2025-12-26 15:30:00 ;14.19
2025-12-29 15:30:00 ;14.87
2025-12-30 15:30:00 ;14.4
2025-12-31 15:30:00 ;14.53
2026-01-02 15:30:00 ;14.71
2026-01-05 15:30:00 ;14.93
2026-01-06 15:30:00 ;14.93
2026-01-07 15:30:00 ;14.98
2026-01-08 15:30:00 ;15.68
2026-01-09 15:30:00 ;15.38
2026-01-12 15:30:00 ;15.79
2026-01-13 15:30:00 ;14.98
2026-01-14 15:30:00 ;17.28
2026-01-15 15:30:00 ;15.76
2026-01-16 15:30:00 ;15.45
2026-01-20 15:30:00 ;19.66
2026-01-21 15:30:00 ;18.98
2026-01-22 15:30:00 ;15.92
2026-01-23 15:30:00 ;15.92
2026-01-26 15:30:00 ;16.42
2026-01-27 15:30:00 ;16.13
2026-01-28 15:30:00 ;16.37
2026-01-29 15:30:00 ;16.99
2026-01-30 15:30:00 ;17.45
2026-02-02 15:30:00 ;18.06
2026-02-03 15:30:00 ;16.19
2026-02-04 15:30:00 ;18.05
2026-02-05 15:30:00 ;21.77
2026-02-06 15:30:00 ;20.17
2026-02-09 15:30:00 ;18.82
2026-02-10 15:30:00 ;17.31
2026-02-11 15:30:00 ;16.76
2026-02-12 15:30:00 ;17.35
2026-02-13 15:30:00 ;20.92
2026-02-17 15:30:00 ;21.7
2026-02-18 15:30:00 ;20.04
2026-02-19 15:30:00 ;20.45
2026-02-20 15:30:00 ;21.21
2026-02-23 15:30:00 ;19.65
2026-02-24 15:30:00 ;21.53
2026-02-25 15:30:00 ;18.74
2026-02-26 15:30:00 ;17.95
2026-02-27 15:30:00 ;21.29