time;open;high;low;close;Volume;RSI;RSI-based MA
2021-02-08;0.76;0.76;0.76;0.76;;;
2021-02-09;0.92;0.92;0.92;0.92;;;
2021-02-10;1.48;1.48;1.48;1.48;;;
2021-02-11;1.74;1.74;1.74;1.74;;;
2021-02-12;1.48;1.48;1.48;1.48;;;
2021-02-16;1.17;1.17;1.17;1.17;;;
2021-02-17;0.74;0.74;0.74;0.74;;;
2021-02-18;0.89;0.89;0.89;0.89;;;
2021-02-19;0.83;0.83;0.83;0.83;;;
2021-02-22;0.5;0.5;0.5;0.5;;;
2021-02-23;0.84;0.84;0.84;0.84;;;
2021-02-24;1.43;1.43;1.43;1.43;;;
2021-02-25;1.16;1.16;1.16;1.16;;;
2021-02-26;0.64;0.64;0.64;0.64;;;
2021-03-01;0.87;0.87;0.87;0.87;;51.230425055928414;
2021-03-02;1.29;1.29;1.29;1.29;;55.711829973433346;
2021-03-03;0.8;0.8;0.8;0.8;;49.94557661842205;
2021-03-04;0.4;0.4;0.4;0.4;;45.78003910206582;
2021-03-05;2.15;2.15;2.15;2.15;;61.075430066745255;
2021-03-08;0.28;0.28;0.28;0.28;;46.10751422785408;
2021-03-09;1.9;1.9;1.9;1.9;;56.136484162392364;
2021-03-10;0.61;0.61;0.61;0.61;;48.41091041197111;
2021-03-11;1.74;1.74;1.74;1.74;;54.338874479729796;
2021-03-12;0.8;0.8;0.8;0.8;;49.267323857812414;
2021-03-15;1.08;1.08;1.08;1.08;;50.74208277834798;
2021-03-16;1.55;1.55;1.55;1.55;;53.20127131243321;
2021-03-17;0.51;0.51;0.51;0.51;;47.54487703803607;
2021-03-18;0.64;0.64;0.64;0.64;;48.285042022999654;51.269834364869396
2021-03-19;1.2;1.2;1.2;1.2;;51.46227733425874;51.28639524189299
2021-03-22;1.17;1.17;1.17;1.17;;51.28051516591002;50.969872755641326
2021-03-23;0.99;0.99;0.99;0.99;;50.13631285749057;50.98349677271765
2021-03-24;0.65;0.65;0.65;0.65;;47.95952355027608;51.1391742333041
2021-03-25;1.09;1.09;1.09;1.09;;50.928790272869094;50.41441424802723
2021-03-26;0.56;0.56;0.56;0.56;;47.4190974537053;50.508098764159456
2021-03-29;0.74;0.74;0.74;0.74;;48.71181718462354;49.97776540860453
2021-03-30;1.85;1.85;1.85;1.85;;55.91040928401057;50.513443899464505
2021-03-31;0.46;0.46;0.46;0.46;;47.011946445404085;49.99009189701267
2021-04-01;0.86;0.86;0.86;0.86;;49.50264312080572;50.006900415797894
2021-04-05;0.71;0.71;0.71;0.71;;48.58045316602565;49.852498300632014
2021-04-06;0.45;0.45;0.45;0.45;;46.94787235871831;49.40582694679524
2021-04-07;0.91;0.91;0.91;0.91;;50.14037523898771;49.59121967543464
2021-04-08;0.59;0.59;0.59;0.59;;47.977445353593325;49.56924848476276
2021-04-09;0.46;0.46;0.46;0.46;;47.08875568097333;49.256854080956664
2021-04-12;0.27;0.27;0.27;0.27;;45.75479043070454;48.86215945701342
2021-04-13;0.79;0.79;0.79;0.79;;49.93498128643919;48.84777863050975
2021-04-14;1.03;1.03;1.03;1.03;;51.78185745549482;49.12080248088251
2021-04-15;1.38;1.38;1.38;1.38;;54.42241818394376;49.37034733167356
2021-04-16;1.25;1.25;1.25;1.25;;53.255842461663015;49.78725768938483
2021-04-19;0.67;0.67;0.67;0.67;;48.28306260874119;49.756632362536095
2021-04-20;0.57;0.57;0.57;0.57;;47.460216948561374;49.153047195718294
2021-04-21;0.52;0.52;0.52;0.52;;47.028657290461474;49.15424082750811
2021-04-22;0.63;0.63;0.63;0.63;;48.14578430796699;49.05732234087677
2021-04-23;0.41;0.41;0.41;0.41;;46.05387694282271;48.87685261064799
2021-04-26;0.4;0.4;0.4;0.4;;45.956133042769714;48.80601408808023
2021-04-27;0.52;0.52;0.52;0.52;;47.39886131542355;48.61019166496851
2021-04-28;1.6;1.6;1.6;1.6;;58.21131033422845;49.34118202072816
2021-04-29;0.89;0.89;0.89;0.89;;50.8161148043997;49.60742195811576
2021-04-30;0.42;0.42;0.42;0.42;;46.596081532840564;49.6675141796969
2021-05-03;0.29;0.29;0.29;0.29;;45.471265150499086;49.34867731284403
2021-05-04;0.44;0.44;0.44;0.44;;47.05928039356957;49.01135037984938
2021-05-05;1.1;1.1;1.1;1.1;;53.47899463467318;48.94396298347291
2021-05-06;0.59;0.59;0.59;0.59;;48.57705496110053;48.609763876289875
2021-05-07;0.43;0.43;0.43;0.43;;47.11788785086938;48.52653710787046
2021-05-10;0.41;0.41;0.41;0.41;;46.928129111184134;48.48853083377208
2021-05-11;0.93;0.93;0.93;0.93;;52.30630470140322;48.86550564883935
2021-05-12;0.48;0.48;0.48;0.48;;47.79267646677904;48.84028366018307
2021-05-13;1.04;1.04;1.04;1.04;;53.204415200670766;49.351036392886506
2021-05-14;0.74;0.74;0.74;0.74;;50.202172384831144;49.654324917319464
2021-05-17;1.01;1.01;1.01;1.01;;52.78449203188891;50.03901282563841
2021-05-18;0.81;0.81;0.81;0.81;;50.687710457014276;49.50161283440883
2021-05-19;1.72;1.72;1.72;1.72;;58.722218239279336;50.0663345083288
2021-05-20;0.79;0.79;0.79;0.79;;49.79325795515826;50.29470425278006
2021-05-21;1.11;1.11;1.11;1.11;;52.47123401493332;50.79470202881107
2021-05-24;0.69;0.69;0.69;0.69;;48.79263131925276;50.91851280921701
2021-05-25;0.65;0.65;0.65;0.65;;48.44429430507908;50.55889135710315
2021-05-26;1.18;1.18;1.18;1.18;;53.210714841241604;50.88986706282751
2021-05-27;1.02;1.02;1.02;1.02;;51.65803366272372;51.21416319224568
2021-05-28;0.51;0.51;0.51;0.51;;46.95478512162303;51.21606719299132
2021-06-01;0.47;0.47;0.47;0.47;;46.59645162861993;50.80822054493537
2021-06-02;0.37;0.37;0.37;0.37;;45.65834458019939;50.655768267322536
2021-06-03;1.09;1.09;1.09;1.09;;52.99591578288829;50.64087545176665
2021-06-04;1.62;1.62;1.62;1.62;;57.54076695304466;51.165060778067605
2021-06-07;0.45;0.45;0.45;0.45;;46.786127692161685;50.7366061823728
2021-06-08;0.5;0.5;0.5;0.5;;47.23995868814351;50.490338198882036
2021-06-09;0.81;0.81;0.81;0.81;;50.08244863542107;49.87321179860645
2021-06-10;0.85;0.85;0.85;0.85;;50.45337768313038;49.920363207747315
2021-06-11;1.16;1.16;1.16;1.16;;53.3467596505208;49.98290075314642
2021-06-14;0.83;0.83;0.83;0.83;;49.99946456229189;50.069103127649214
2021-06-15;0.73;0.73;0.73;0.73;;48.9961917931702;50.10852437679858
2021-06-16;1.33;1.33;1.33;1.33;;54.850105841848055;50.225623733984754
2021-06-17;0.97;0.97;0.97;0.97;;51.06317408951204;50.18313376446963
2021-06-18;0.76;0.76;0.76;0.76;;48.940516072027755;50.32497168949853
2021-06-21;1.13;1.13;1.13;1.13;;52.67340123800813;50.75903951874055
2021-06-22;0.89;0.89;0.89;0.89;;50.1140947376915;51.07730738713285
2021-06-23;0.48;0.48;0.48;0.48;;46.00198403009362;50.577740833361794
2021-06-24;0.47;0.47;0.47;0.47;;45.90304964134531;49.74647531109756
2021-06-25;0.6;0.6;0.6;0.6;;47.48425500380231;49.79634154764331
2021-06-28;0.58;0.58;0.58;0.58;;47.25541161380323;49.79744532804758
2021-06-29;0.45;0.45;0.45;0.45;;45.713253456000295;49.48535995808895
2021-06-30;0.27;0.27;0.27;0.27;;43.59197469289111;48.99525974450044
2021-07-01;0.38;0.38;0.38;0.38;;45.26359166782687;48.41789060287944
2021-07-02;0.52;0.52;0.52;0.52;;47.4000822138206;48.23222043513148
2021-07-06;0.62;0.62;0.62;0.62;;48.9333523443398;48.227731903072176
2021-07-07;1.33;1.33;1.33;1.33;;58.240768624581655;48.46992210183886
2021-07-08;0.6;0.6;0.6;0.6;;48.46091051297602;48.28404613208629
2021-07-09;0.5;0.5;0.5;0.5;;47.28943976564131;48.16611211020154
2021-07-12;0.83;0.83;0.83;0.83;;51.459503707578435;48.07940514374228
2021-07-13;0.84;0.84;0.84;0.84;;51.58450089440332;48.18443415493598
2021-07-14;0.41;0.41;0.41;0.41;;46.08855716021333;48.19061794994453
2021-07-15;0.58;0.58;0.58;0.58;;48.42794707784447;48.37096776683733
2021-07-16;0.59;0.59;0.59;0.59;;48.5693243671107;48.44847272135936
2021-07-19;0.57;0.57;0.57;0.57;;48.284232229852506;48.52195990822002
2021-07-20;0.76;0.76;0.76;0.76;;51.213958511781755;48.91486741220441
2021-07-21;0.76;0.76;0.76;0.76;;51.213958511781755;49.45929482783946
2021-07-22;0.85;0.85;0.85;0.85;;52.6864338472872;49.989497840658046
2021-07-23;1.92;1.92;1.92;1.92;;65.87398105526248;51.3090620436182
2021-07-26;0.45;0.45;0.45;0.45;;46.6404407992432;51.14528264753987
2021-07-27;0.82;0.82;0.82;0.82;;50.55377996985677;50.59621202934524
2021-07-28;0.49;0.49;0.49;0.49;;47.22701118696258;50.50807636320142
2021-07-29;0.58;0.58;0.58;0.58;;48.22765626287918;50.57509182728983
2021-07-30;0.3;0.3;0.3;0.3;;45.3468397185561;50.1384729709311
2021-08-02;0.74;0.74;0.74;0.74;;50.36439424306238;50.05132249583532
2021-08-03;1.01;1.01;1.01;1.01;;53.20352708217893;50.559534633118574
2021-08-04;0.73;0.73;0.73;0.73;;50.00891057856344;50.67246059745565
2021-08-05;0.59;0.59;0.59;0.59;;48.442660935784524;50.663413209503766
2021-08-06;1.02;1.02;1.02;1.02;;53.28237244501838;51.020423224872765
2021-08-09;0.7;0.7;0.7;0.7;;49.554362363812615;50.901880642874964
2021-08-10;0.7;0.7;0.7;0.7;;49.554362363812615;50.78333806087717
2021-08-11;1.09;1.09;1.09;1.09;;54.09424526994771;50.88389601963864
2021-08-12;1.46;1.46;1.46;1.46;;57.95976562582243;50.318594917535776
2021-08-13;0.85;0.85;0.85;0.85;;50.42153092766704;50.58867278385177
2021-08-16;0.83;0.83;0.83;0.83;;50.19103987474839;50.56276277705831
2021-08-17;0.56;0.56;0.56;0.56;;47.06324432082993;50.551065143763125
2021-08-18;0.93;0.93;0.93;0.93;;51.52167871344005;50.78635246166033
2021-08-19;0.84;0.84;0.84;0.84;;50.40952921787591;51.147973140183176
2021-08-20;1.6;1.6;1.6;1.6;;58.546928806596895;51.73243989472136
2021-08-23;1.44;1.44;1.44;1.44;;56.44693110029551;51.96411161030111
2021-08-24;1.3;1.3;1.3;1.3;;54.60144172715935;52.29214954948653
2021-08-25;1.39;1.39;1.39;1.39;;55.60627036358228;52.80383593718637
2021-08-26;1.03;1.03;1.03;1.03;;50.76602094336625;52.62409654421123
2021-08-27;1.83;1.83;1.83;1.83;;59.25394865779412;53.31692413663848
2021-08-30;0.53;0.53;0.53;0.53;;45.52044655656655;53.028787293263754
2021-08-31;0.76;0.76;0.76;0.76;;47.82453678426859;52.580950972858105
2021-09-01;1.11;1.11;1.11;1.11;;51.20638294651357;52.09856649576462
2021-09-02;1.4;1.4;1.4;1.4;;53.874142155009096;52.34518158343191
2021-09-03;0.77;0.77;0.77;0.77;;47.764496121505495;52.17185702962884
2021-09-07;0.85;0.85;0.85;0.85;;48.5622189642328;52.278926647014764
2021-09-08;0.82;0.82;0.82;0.82;;48.26455211447174;52.046274747088454
2021-09-09;0.95;0.95;0.95;0.95;;49.7032791386221;51.995828312856034
2021-09-10;0.41;0.41;0.41;0.41;;44.20421301473499;50.97134861343733
2021-09-13;0.45;0.45;0.45;0.45;;44.69234811274114;50.13173554289774
2021-09-14;0.45;0.45;0.45;0.45;;44.69234811274114;49.42394314186786
2021-09-15;0.33;0.33;0.33;0.33;;43.37214677580656;48.55007717131245
2021-09-16;0.61;0.61;0.61;0.61;;47.28507647091872;48.30143828042335
2021-09-17;0.94;0.94;0.94;0.94;;51.535536608370705;47.75012313403596
2021-09-20;1.12;1.12;1.12;1.12;;53.72718815471076;48.336318962474834
2021-09-21;1.24;1.24;1.24;1.24;;55.18228283698916;48.86187225195488
2021-09-22;1.49;1.49;1.49;1.49;;58.13587690641067;49.35683610623324
2021-09-23;1.03;1.03;1.03;1.03;;51.42091733526221;49.181605761965606
2021-09-24;2.02;2.02;2.02;2.02;;61.67959364201283;50.175541299144705
2021-09-27;1.41;1.41;1.41;1.41;;54.09888729893716;50.57101760876645
2021-09-28;1.35;1.35;1.35;1.35;;53.40363080617389;50.93809465817374
2021-09-29;1.03;1.03;1.03;1.03;;49.73265299654756;50.9401927908827
2021-09-30;0.91;0.91;0.91;0.91;;48.389341782808124;51.23913056003079
2021-10-01;0.8;0.8;0.8;0.8;;47.13258173913105;51.413432961915774
2021-10-04;0.59;0.59;0.59;0.59;;44.74343269835736;51.41708186088836
2021-10-05;1.01;1.01;1;1;;50.065407002301484;51.895171877066566
2021-10-06;0.62;0.62;0.6;0.6;;45.464705355473214;51.76514536882046
2021-10-07;1.1;1.1;1.1;1.1;;51.46824044044138;51.76033849968265
2021-10-08;2.04;2.04;2.04;2.04;;60.31356894871331;52.23079427068284
2021-10-11;1.17;1.17;1.17;1.17;;51.041305077837265;51.93501014502913
2021-10-12;1.19;1.19;1.19;1.19;;51.226934253450565;51.44151424124626
2021-10-13;0.45;0.45;0.45;0.45;;44.5034217751775;50.94740741552592
2021-10-14;1.27;1.27;1.27;1.27;;52.01857451724562;50.2573346208997
2021-10-15;1.12;1.12;1.12;1.12;;50.66694273570024;50.012195723525636
2021-10-18;1;1;1;1;;49.55755217754717;49.73747582148087
2021-10-19;1.14;1.14;1.14;1.14;;50.908073102770736;49.82143440049681
2021-10-20;0.99;0.99;0.99;0.99;;49.38252344259229;49.89237594762426
2021-10-21;1.15;1.15;1.15;1.15;;51.066962386496876;50.17340313672181
2021-10-22;0.4;0.4;0.4;0.4;;43.72212754989872;50.100452768974776
2021-10-25;0.62;0.62;0.62;0.62;;46.167972092930036;49.82206456116253
2021-10-26;1.81;1.81;1.81;1.81;;57.04307406933655;50.649090897867055
2021-10-27;0.47;0.47;0.47;0.47;;45.81837305254398;50.24552894158867
2021-10-28;0.59;0.59;0.59;0.59;;46.82744132325429;49.28223411119875
2021-10-29;0.62;0.62;0.62;0.62;;47.092723824695;49.000192593117156
2021-11-01;1.45;1.45;1.45;1.45;;53.939569766492724;49.19395227262016
2021-11-02;1.35;1.35;1.35;1.35;;53.048816460641824;49.80433760729619
2021-11-03;0.88;0.88;0.88;0.88;;48.95672907156156;49.58563436117589
2021-11-04;0.74;0.74;0.74;0.74;;47.77455690595767;49.379035373337146
2021-11-05;0.82;0.82;0.82;0.82;;48.53925679058789;49.306299988554336
2021-11-08;0.46;0.46;0.46;0.46;;45.32317963938205;48.907379026883724
2021-11-09;0.67;0.67;0.67;0.67;;47.50805892010407;48.77348870384885
2021-11-10;0.8;0.8;0.8;0.8;;48.87015398997129;48.61657381838274
2021-11-11;0.5;0.5;0.5;0.5;;45.909549424348064;48.77281823798626
2021-11-12;0.58;0.58;0.58;0.58;;46.834503115491394;48.820427596740636
2021-11-15;0.99;0.99;0.99;0.99;;51.419508481734496;48.41874434048335
2021-11-16;1.3;1.3;1.3;1.3;;54.607084626399704;49.04650945290162
2021-11-17;0.56;0.56;0.56;0.56;;46.72559647814589;49.03923482110816
2021-11-18;0.36;0.36;0.36;0.36;;44.841836415672894;48.87845714903515
2021-11-19;0.96;0.96;0.96;0.96;;51.19824893663507;48.68264851833103
2021-11-22;0.72;0.72;0.72;0.72;;48.77687999266247;48.37751019918965
2021-11-23;0.51;0.51;0.51;0.51;;46.695856686386584;48.216019314534286
2021-11-24;1.16;1.16;1.16;1.16;;53.33260343412301;48.61302263797467
2021-11-26;0.42;0.42;0.42;0.42;;46.269548474316785;48.45090061538388
2021-11-29;0.94;0.96;0.94;0.96;;51.33441994577073;48.88027492298307
2021-11-30;1.01;1.01;1.01;1.01;;51.78759672368797;49.18595619466764
2021-12-01;0.69;0.69;0.69;0.69;;48.664248399009125;49.17124865245605
2021-12-02;1.21;1.21;1.21;1.21;;53.56515792048744;49.718077830751724
2021-12-03;1.12;1.12;1.12;1.12;;52.62866825387391;50.131946769207616
2021-12-06;1.1;1.1;1.1;1.1;;52.40938682713476;50.20265236530764
2021-12-07;1.66;1.66;1.66;1.66;;57.72122219925226;50.42509076336854
2021-12-08;0.72;0.72;0.72;0.72;;48.03033697834214;50.518286513382556
2021-12-09;0.58;0.58;0.58;0.58;;46.77086587691257;50.65607433204253
2021-12-10;1.17;1.17;1.17;1.17;;52.43191473470279;50.744193317618794
2021-12-13;1.37;1.37;1.37;1.37;;54.20971716269821;51.132253115478484
2021-12-14;1.16;1.16;1.16;1.16;;52.0116428121081;51.511952124458595
2021-12-15;0.77;0.77;0.77;0.77;;48.110140588324256;51.138919064044394
2021-12-16;0.58;0.58;0.58;0.58;;46.28843793901145;51.1402683115226
2021-12-17;0.27;0.27;0.27;0.27;;43.400870845652406;50.57358623294271
2021-12-20;0.47;0.47;0.47;0.47;;45.75210268038734;50.1424795155641
2021-12-21;0.8;0.8;0.8;0.8;;49.481229109004616;50.20083528056377
2021-12-22;0.53;0.53;0.53;0.53;;46.65530963744115;49.70727468891761
2021-12-23;0.58;0.58;0.58;0.58;;47.25604461850626;49.32351585781992
2021-12-27;0.57;0.57;0.57;0.57;;47.141701073669985;48.94725258971529
2021-12-28;0.74;0.74;0.74;0.74;;49.383912003523484;48.35173043287752
2021-12-29;0.59;0.59;0.59;0.59;;47.470476217201984;48.31174037851037
2021-12-30;0.57;0.57;0.57;0.57;;47.20783318176384;48.34295232885689
2021-12-31;0.39;0.39;0.39;0.39;;44.805145166754315;47.798183074003425
2022-01-03;0.68;0.68;0.68;0.68;;49.283729919246944;47.44632684232834
2022-01-04;0.6;0.6;0.6;0.6;;48.123677323160095;47.168615021689185
2022-01-05;1.08;1.08;1.08;1.08;;54.97211617046935;47.65875613469956
2022-01-06;0.95;0.95;0.95;0.95;;52.9339323241395;48.13343430506585
2022-01-07;0.48;0.48;0.48;0.48;;46.25645482483018;48.33740458929283
2022-01-10;1.06;1.06;1.06;1.06;;53.972739191743706;48.92459291153257
2022-01-11;0.69;0.69;0.69;0.69;;49.1269945618912;48.89929044388162
2022-01-12;0.82;0.82;0.82;0.82;;50.798436440410704;49.19522807266516
2022-01-13;0.8;0.8;0.8;0.8;;50.523414145744816;49.428611610325056
2022-01-14;0.98;0.98;0.98;0.98;;52.99020919231504;49.84636219022828
2022-01-18;0.64;0.64;0.64;0.64;;48.11080226338406;49.755425780218324
2022-01-19;0.31;0.31;0.31;0.31;;43.88679215686491;49.49944834733709
2022-01-20;0.53;0.53;0.53;0.53;;47.21410519583504;49.49989634834218
2022-01-21;1.54;1.54;1.54;1.54;;59.18084720168916;50.52673220798039
2022-01-24;1.1;1.1;1.1;1.1;;53.491543046172474;50.82729028847506
2022-01-25;0.79;0.79;0.79;0.79;;49.855065064903755;50.95096084145676
2022-01-26;1.45;1.45;1.45;1.45;;56.61715295275883;51.06846346876314
2022-01-27;1.08;1.08;1.08;1.08;;52.35476999424501;51.02709473091354
2022-01-28;0.43;0.43;0.43;0.43;;45.82756124099962;50.99645947492564
2022-01-31;1.64;1.64;1.64;1.64;;56.659812586278186;51.18839328882096
2022-02-01;1.16;1.16;1.16;1.16;;52.20061693840332;51.407937744286116
2022-02-02;1.32;1.32;1.32;1.32;;53.51392820826169;51.60190144198975
2022-02-03;1.08;1.08;1.08;1.08;;51.239730793174374;51.653066916806154
2022-02-04;0.83;0.83;0.83;0.83;;48.90812157678022;51.36148922998223
2022-02-07;1.13;1.13;1.13;1.13;;51.74571851390293;51.62112610501929
2022-02-08;1.69;1.69;1.69;1.69;;56.59211476936151;52.52864914876905
2022-02-09;1.69;1.69;1.69;1.69;;56.59211476936151;53.19850697544951
2022-02-10;0.72;0.72;0.72;0.72;;47.09100928553593;52.33494712429571
2022-02-11;0.77;0.77;0.77;0.77;;47.57955128346526;51.91266199838805
2022-02-14;0.51;0.51;0.51;0.51;;45.24025363022057;51.583032610196405
2022-02-15;0.51;0.51;0.51;0.51;;45.24025363022057;50.770396944300806
2022-02-16;0.33;0.33;0.33;0.33;;43.52217034957897;50.13949696968181
2022-02-17;1.24;1.24;1.24;1.24;;53.198903766352274;50.66602143577842
2022-02-18;0.93;0.93;0.93;0.93;;50.05272436248284;50.19408656265018
2022-02-22;0.78;0.78;0.78;0.78;;48.556347247403004;49.93378158472159
2022-02-23;0.66;0.66;0.66;0.66;;47.33710582542246;49.492579985947366
2022-02-24;0.85;0.85;0.85;0.85;;49.49931644029978;49.36826467502775
2022-02-25;1.57;1.57;1.57;1.57;;56.74662642260136;49.92815787830069
2022-02-28;0.77;0.77;0.77;0.77;;48.43017928268457;49.69133364749938
2022-03-01;0.89;0.89;0.89;0.89;;49.62281449179422;49.193526484816
2022-03-02;0.43;0.43;0.43;0.43;;45.2981380101284;48.38681385915648
2022-03-03;0.67;0.67;0.67;0.67;;47.85172284289346;48.44115054182488
2022-03-04;0.36;0.36;0.36;0.36;;44.93390939597333;48.25217612128974
2022-03-07;0.37;0.37;0.37;0.37;;45.050308113128196;48.23860858435457
2022-03-08;0.84;0.84;0.84;0.84;;50.36120335421936;48.60439070749734
2022-03-09;1.54;1.54;1.54;1.54;;57.02342583984941;49.56876609965951
2022-03-10;0.72;0.72;0.72;0.72;;48.76647421059237;49.252163988533816
2022-03-11;0.85;0.85;0.85;0.85;;50.002503819712445;49.24857680690736
2022-03-14;0.54;0.54;0.54;0.54;;47.085323887673766;49.143503709783836
2022-03-15;0.62;0.62;0.62;0.62;;47.92958250457395;49.18582347258037
2022-03-16;1.27;1.27;1.27;1.27;;54.30844642760335;49.52933275738776
2022-03-17;0.97;0.97;0.97;0.97;;51.19140950378708;49.13253154890104
2022-03-18;0.54;0.54;0.54;0.54;;47.025235268682366;49.03217840504374
2022-03-21;0.32;0.32;0.32;0.32;;45.00705548866578;48.70248133339171
2022-03-22;0.47;0.47;0.47;0.47;;46.68707620147635;48.80169120420228
2022-03-23;0.38;0.38;0.38;0.38;;45.783320840503094;48.65394820403154
2022-03-24;0.84;0.84;0.84;0.84;;51.00386786876866;49.08751666637407
2022-03-25;0.28;0.28;0.28;0.28;;45.286843663073086;49.1044120627987
2022-03-28;0.41;0.41;0.41;0.41;;46.7782503148316;48.84848684569958
2022-03-29;1.66;1.66;1.66;1.66;;58.49392527262704;48.95352251946941
2022-03-30;0.73;0.73;0.73;0.73;;49.72389786481817;49.02190992334268
2022-03-31;0.38;0.38;0.38;0.38;;46.87546769094132;48.79855019985904
2022-04-01;0.63;0.63;0.63;0.63;;49.11761686430866;48.94371398390438
2022-04-04;0.34;0.34;0.34;0.34;;46.65761954508142;48.852859486797776
2022-04-05;0.53;0.53;0.53;0.53;;48.478276059568074;48.43641874622382
2022-04-06;0.18;0.18;0.18;0.18;;45.403960183981965;48.02302950909489
2022-04-07;0.33;0.33;0.33;0.33;;46.95649529116826;48.01811951070103
2022-04-08;0.3;0.3;0.3;0.3;;46.67064491439449;48.13694732682451
2022-04-11;0.16;0.16;0.16;0.16;;45.28519509138967;48.03681296181832
2022-04-12;0.46;0.46;0.46;0.46;;48.79314214103138;48.25180019757034
2022-04-13;0.3;0.3;0.3;0.3;;47.06019503045935;47.97010928054824
2022-04-14;0.38;0.38;0.38;0.38;;48.053623200895366;48.1677363903927
2022-04-18;0.46;0.46;0.46;0.46;;49.0825987317635;48.33233270588783
2022-04-19;0.8;0.8;0.8;0.8;;53.31512444161574;47.9624183608156
2022-04-20;0.36;0.36;0.36;0.36;;47.77987922441568;47.82355988650113
2022-04-21;0.45;0.45;0.45;0.45;;48.94743732569178;47.97155771755474
2022-04-22;0.56;0.56;0.56;0.56;;50.40691225054726;48.06365024514321
2022-04-25;0.6;0.6;0.6;0.6;;50.955969004806256;48.37067520655213
2022-04-26;1.24;1.24;1.24;1.24;;58.81303720430765;49.10887243117639
2022-04-27;0.61;0.61;0.61;0.61;;50.274770436809824;49.45678744923553
2022-04-28;1.55;1.55;1.55;1.55;;59.680337557779254;50.365633325422024
2022-04-29;1.41;1.41;1.41;1.41;;57.92304354512536;51.169376084759946
2022-05-02;1.04;1.04;1.04;1.04;;53.44414082458786;51.75215792284553
2022-05-03;1.21;1.21;1.21;1.21;;55.15975685601414;52.20691611677287
2022-05-04;0.88;0.88;0.88;0.88;;51.21438945760318;52.503644290140286
2022-05-05;2.24;2.24;2.24;2.24;;62.96965653260003;53.5690752424049
2022-05-06;1.36;1.36;1.36;1.36;;53.91666303168628;53.91436554954224
2022-05-09;1.47;1.47;1.47;1.47;;54.791595949366275;54.019827800095854
2022-05-10;0.85;0.85;0.85;0.85;;49.129737958693276;54.116246281115686
2022-05-11;0.56;0.56;0.56;0.56;;46.69897099885542;53.95564154348451
2022-05-12;0.67;0.67;0.67;0.67;;47.75487400975614;53.766210240570864
2022-05-13;0.58;0.58;0.58;0.58;;46.93560715886445;53.47904153728931
2022-05-16;0.18;0.18;0.18;0.18;;43.37405074587119;52.37625679025813
2022-05-17;0.72;0.72;0.72;0.72;;49.00035241578707;52.28522693161365
2022-05-18;0.54;0.54;0.54;0.54;;47.31282878735256;51.40183344801174
2022-05-19;1.98;1.98;1.98;1.98;;59.36843127445964;51.505075428678474
2022-05-20;1.04;1.04;1.04;1.04;;51.14199483537183;51.340636429448764
2022-05-23;0.51;0.51;0.51;0.51;;47.17298453133334;50.77015269197157
2022-05-24;0.57;0.57;0.57;0.57;;47.66812782182764;50.51684828941616
2022-05-25;0.41;0.41;0.41;0.41;;46.41867187317638;49.33463509945734
2022-05-26;0.45;0.45;0.45;0.45;;46.79414338007999;48.82588369577117
2022-05-27;0.83;0.83;0.83;0.83;;50.35341537201723;48.50887079738909
2022-05-31;0.5;0.5;0.5;0.5;;47.38864504503524;48.3845070178421
2022-06-01;1.16;1.16;1.16;1.16;;53.30975291875906;48.85670572640664
2022-06-02;0.38;0.38;0.38;0.38;;46.63048627262958;48.77639231661188
2022-06-03;0.92;0.92;0.92;0.92;;51.18996382474091;49.08027493560305
2022-06-06;1.11;1.11;1.11;1.11;;52.72048510531812;49.74787738984927
2022-06-07;0.8;0.8;0.8;0.8;;49.967459273959925;49.81695645114733
2022-06-08;0.93;0.93;0.93;0.93;;51.12018707008688;50.08891061419978
2022-06-09;0.89;0.89;0.89;0.89;;50.732871483459995;49.47208491484266
2022-06-10;1.04;1.04;1.04;1.04;;52.19557592973987;49.54734070729752
2022-06-13;0.41;0.41;0.41;0.41;;46.01620702707524;49.464713742707666
2022-06-14;0.55;0.55;0.55;0.55;;47.50355469078066;49.45295851906145
2022-06-15;0.38;0.38;0.38;0.38;;45.851559492483645;49.41245049186911
2022-06-16;0.5;0.5;0.5;0.5;;47.24617232158941;49.4447382734055
2022-06-17;0.25;0.25;0.25;0.25;;44.66521638016437;49.03843834541601
2022-06-21;0.49;0.49;0.49;0.49;;47.62328429034943;49.05519829150989
2022-06-22;1.54;1.54;1.54;1.54;;58.161145035571;49.4017262998536
2022-06-23;0.44;0.44;0.44;0.44;;47.401572626656545;49.45680389656981
2022-06-24;0.51;0.51;0.51;0.51;;48.060069125330855;49.2332399894691
2022-06-27;0.46;0.46;0.46;0.46;;47.60165351604434;48.86760916166383
2022-06-28;0.51;0.51;0.51;0.51;;48.13442246798408;48.73667796123698
2022-06-29;0.43;0.43;0.43;0.43;;47.30564307896157;48.46421053329946
2022-06-30;0.32;0.32;0.32;0.32;;46.1295286575506;48.135400331448785
2022-07-01;0.45;0.45;0.45;0.45;;47.781846105616836;47.820133915439996
2022-07-05;0.45;0.45;0.45;0.45;;47.781846105616836;47.94625099247868
2022-07-06;0.17;0.17;0.17;0.17;;44.38145919069563;47.72324417104403
2022-07-07;0.31;0.31;0.31;0.31;;46.43407972567921;47.76485275912943
2022-07-08;0.61;0.61;0.61;0.61;;50.638046899237246;48.007129514675704
2022-07-11;0.34;0.34;0.34;0.34;;47.05843901902348;48.17807398887993
2022-07-12;0.41;0.41;0.41;0.41;;48.08311393301106;48.21091896335576
2022-07-13;0.35;0.35;0.35;0.35;;47.239139609063855;47.430775718605254
2022-07-14;0.17;0.17;0.17;0.17;;44.70407131134618;47.238097053225935
2022-07-15;0.42;0.42;0.42;0.42;;48.81274554034395;47.2918596542983
2022-07-18;0.99;0.99;0.99;0.99;;56.71060802956614;47.942499262407
2022-07-19;0.85;0.85;0.85;0.85;;54.486900340143926;48.39624768184699
2022-07-20;0.71;0.71;0.71;0.71;;52.2792639610768;48.75150631628378
2022-07-21;0.52;0.52;0.52;0.52;;49.356523509678624;48.982005948578646
2022-07-22;0.23;0.23;0.23;0.23;;45.20264566804945;48.797777345895256
2022-07-25;0.34;0.34;0.34;0.34;;47.02389154530484;48.743637734444405
2022-07-26;0.69;0.69;0.69;0.69;;52.44026341577571;49.3192666076644
2022-07-27;0.56;0.56;0.56;0.56;;50.37989141302473;49.60111029961765
2022-07-28;0.46;0.46;0.46;0.46;;48.79182319967361;49.46923717822025
2022-07-29;0.79;0.79;0.79;0.79;;53.95046954410974;49.96152507286927
2022-08-01;0.34;0.34;0.34;0.34;;46.99772134788514;49.883997031074564
2022-08-02;0.74;0.74;0.74;0.74;;52.81831021162145;50.282509216971526
2022-08-03;0.46;0.46;0.46;0.46;;48.78002382852999;50.57364868248466
2022-08-04;0.61;0.61;0.61;0.61;;50.94385770449396;50.72587097992395
2022-08-05;0.19;0.19;0.19;0.19;;45.187525872172344;49.902793682967236
2022-08-08;0.42;0.42;0.42;0.42;;48.61188946805731;49.48315004924677
2022-08-09;0.41;0.41;0.41;0.41;;48.47010414861767;49.21106720549968
2022-08-10;0.46;0.46;0.46;0.46;;49.26687794157497;49.20466395063513
2022-08-11;0.52;0.52;0.52;0.52;;50.260773462349086;49.5659587930851
2022-08-12;0.73;0.73;0.73;0.73;;53.68104528107568;50.04146977421159
2022-08-15;0.74;0.74;0.74;0.74;;53.843808753761245;50.14172301263913
2022-08-16;0.48;0.48;0.48;0.48;;49.02061221333605;50.0446316412328
2022-08-17;0.36;0.36;0.36;0.36;;46.931065050671414;49.9117203448755
2022-08-18;0.31;0.31;0.31;0.31;;46.050261633674516;49.34741977984441
2022-08-19;0.65;0.65;0.65;0.65;;52.56914393418093;49.74537853600839
2022-08-22;0.7;0.7;0.7;0.7;;53.45975529360114;49.791196041864076
2022-08-23;0.26;0.26;0.26;0.26;;45.38377516809447;49.54860685183297
2022-08-24;0.57;0.57;0.57;0.57;;51.00015744598015;49.55262826193913
2022-08-25;0.46;0.46;0.46;0.46;;49.071820905151284;49.83007790715191
2022-08-26;1.27;1.27;1.27;1.27;;60.819629659574076;50.70205934940311
2022-08-29;1.93;1.93;1.93;1.93;;67.41526343954583;52.05528501304084
2022-08-30;0.55;0.55;0.55;0.55;;48.884942543851466;52.02800391320345
2022-08-31;0.33;0.33;0.33;0.33;;46.68200355495974;51.77237749124706
2022-09-01;0.24;0.24;0.24;0.24;;45.7732551316515;51.20753533771676
2022-09-02;0.34;0.34;0.34;0.34;;47.007637302313604;50.71923737689907
2022-09-06;0.41;0.41;0.41;0.41;;47.9016481990973;50.639311375882016
2022-09-07;0.29;0.29;0.29;0.29;;46.45478369997846;50.60529127940395
2022-09-08;0.39;0.39;0.39;0.39;;47.86792583460346;50.73512443661316
2022-09-09;0.39;0.39;0.39;0.39;;47.86792583460346;50.3993231437862
2022-09-12;0.5;0.5;0.5;0.5;;49.565977227793454;50.121196139085654
2022-09-13;0.38;0.38;0.38;0.38;;47.739165085377834;50.28943827603446
2022-09-14;0.28;0.28;0.28;0.28;;46.21069768832779;49.94733400763072
2022-09-15;0.35;0.35;0.35;0.35;;47.47835653253037;49.83351512387208
2022-09-16;0.46;0.46;0.46;0.46;;49.49272870856013;49.02445077022823
2022-09-19;0.24;0.24;0.24;0.24;;45.716252857242765;47.474521442920874
2022-09-20;0.46;0.46;0.46;0.46;;49.83820605662428;47.542611693833216
2022-09-21;1.2;1.2;1.2;1.2;;60.65925848844313;48.540987046224885
2022-09-22;0.7;0.7;0.7;0.7;;52.42936839581757;49.016423707951034
2022-09-23;0.53;0.53;0.53;0.53;;49.94806860860061;49.22645451554297
2022-09-26;0.19;0.19;0.19;0.19;;45.32763869521737;49.042596693837254
2022-09-27;0.54;0.54;0.54;0.54;;50.41282496122739;49.325313926783615
2022-09-28;0.92;0.92;0.92;0.92;;55.27660608437604;49.854505373195934
2022-09-29;0.47;0.47;0.47;0.47;;49.13088504156577;49.944716745121816
2022-09-30;1.04;1.04;1.04;1.04;;55.82984553756715;50.39213591010566
2022-10-03;0.29;0.29;0.29;0.29;;47.05004977482289;50.342913387923154
2022-10-04;0.62;0.62;0.62;0.62;;50.7220915497731;50.66515580659783
2022-10-05;0.3;0.3;0.3;0.3;;47.29682210671907;50.652189061897026
2022-10-06;0.3;0.3;0.3;0.3;;47.296822106719056;50.495338590336935
2022-10-07;0.68;0.68;0.68;0.68;;51.7813395050711;50.92855906518182
2022-10-10;0.49;0.49;0.49;0.49;;49.512776334556314;50.90531408503411
2022-10-11;0.29;0.29;0.29;0.29;;47.17013504241205;49.94180526746046
2022-10-12;0.81;0.81;0.81;0.81;;53.35024137030185;50.00758190849506
2022-10-13;0.29;0.29;0.29;0.29;;47.38116830319057;49.824231886680046
2022-10-14;0.17;0.17;0.17;0.17;;46.099345906379405;49.87935383033448
2022-10-17;0.36;0.36;0.36;0.36;;48.47611886839673;49.741017680846575
2022-10-18;0.39;0.39;0.39;0.39;;48.85957030812791;49.282657982543135
2022-10-19;0.43;0.43;0.43;0.43;;49.40029131188779;49.30190128756613
2022-10-20;0.91;0.91;0.91;0.91;;55.483045198879296;49.27712983480272
2022-10-21;0.44;0.44;0.44;0.44;;49.24108307373485;49.43363221329643
2022-10-24;0.49;0.49;0.49;0.49;;49.88698738190359;49.37398191559146
2022-10-25;0.45;0.45;0.45;0.45;;49.346005761943225;49.5203521766789
2022-10-26;0.53;0.53;0.53;0.53;;50.50210896953332;49.74930123830849
2022-10-27;0.42;0.42;0.27;0.27;;46.766305539037134;49.39108452644893
2022-10-28;0.31;0.31;0.31;0.31;;47.41083401837441;49.240945789578795
2022-10-31;0.25;0.25;0.25;0.25;;46.50134602324891;49.193175145352846
2022-11-01;0.61;0.61;0.61;0.61;;52.40132148059294;49.125395153230784
2022-11-02;0.41;0.41;0.41;0.41;;49.15783371457092;49.25229982547224
2022-11-03;0.32;0.32;0.32;0.32;;47.72622508668009;49.368505481208004
2022-11-04;0.62;0.62;0.62;0.62;;52.673843891618425;49.6683429828667
2022-11-07;0.19;0.19;0.19;0.19;;45.959284613686066;49.46117971897799
2022-11-08;0.6;0.6;0.6;0.6;;52.214200081789855;49.66217320254243
2022-11-09;0.3;0.3;0.3;0.3;;47.850002526530226;49.11695586880321
2022-11-10;0.3;0.3;0.3;0.3;;47.850002526530226;49.01759297257431
2022-11-11;0.29;0.29;0.29;0.29;;47.69588755885301;48.86108584235642
2022-11-14;0.44;0.44;0.44;0.44;;50.28259464370281;48.92798504819638
2022-11-15;0.37;0.37;0.37;0.37;;49.06316036350266;48.82520300490848
2022-11-16;0.23;0.23;0.23;0.23;;46.62760232725942;48.815295632638644
2022-11-17;0.17;0.17;0.17;0.17;;45.58322858646852;48.684752387502506
2022-11-18;0.3;0.3;0.3;0.3;;48.285931746026066;48.81222279627231
2022-11-21;0.25;0.25;0.25;0.25;;47.312615723622365;48.44874381363156
2022-11-22;0.33;0.33;0.33;0.33;;49.08116191555693;48.44326725655913
2022-11-23;0.37;0.37;0.37;0.37;;49.985151475560414;48.604619141479155
2022-11-25;0.64;0.64;0.64;0.64;;55.70200955841885;48.820916689107754
2022-11-28;0.28;0.28;0.28;0.28;;47.84871087744018;48.955875707947335
2022-11-29;0.31;0.31;0.31;0.31;;48.500323057550396;48.69059877764452
2022-11-30;0.39;0.39;0.39;0.39;;50.284228158722975;48.86447203708685
2022-12-01;0.53;0.53;0.53;0.53;;53.33085865638004;49.25596176064756
2022-12-02;0.7;0.7;0.7;0.7;;56.79329882337572;49.90577685097061
2022-12-05;0.37;0.37;0.37;0.37;;49.167576748260906;49.8261327155819
2022-12-06;0.5;0.5;0.5;0.5;;51.90712356484062;50.02927294424891
2022-12-07;0.18;0.18;0.18;0.18;;45.41837672205822;49.94289968673453
2022-12-08;0.67;0.67;0.67;0.67;;54.746901571746186;50.59744775711151
2022-12-09;0.69;0.69;0.69;0.69;;55.08433103146648;51.08304770607153
2022-12-12;0.69;0.69;0.69;0.69;;55.08433103146648;51.638170228060396
2022-12-13;0.5;0.5;0.5;0.5;;50.90249750886098;51.76826562758212
2022-12-14;0.9;0.9;0.9;0.9;;58.1121991684482;52.34876903421696
2022-12-15;0.71;0.71;0.71;0.71;;54.051994642245944;52.23091082591889
2022-12-16;0.71;0.71;0.71;0.71;;54.051994642245944;52.674002523405015
2022-12-19;0.89;0.89;0.89;0.89;;57.327770690135125;53.304534497161065
2022-12-20;0.47;0.47;0.47;0.47;;48.61801059784845;53.1855189570986
2022-12-21;0.21;0.21;0.21;0.21;;44.14657578950884;52.529498752322084
2022-12-22;0.48;0.48;0.48;0.48;;49.355598621290774;51.998234452173165
2022-12-23;0.67;0.67;0.67;0.67;;52.69873240882787;52.25045985649937
2022-12-27;0.26;0.26;0.26;0.26;;45.689735090015375;51.80636067972614
2022-12-28;0.53;0.53;0.53;0.53;;50.3709273260638;52.16011429429797
2022-12-29;0.44;0.44;0.44;0.44;;48.85916329182215;51.739561560017684
2022-12-30;0.44;0.44;0.44;0.44;;48.859163291822156;51.29490672147166
2023-01-03;0.51;0.51;0.51;0.51;;50.20718123301082;50.94653887872482
2023-01-04;0.63;0.63;0.63;0.63;;52.51779121887156;51.06191700086844
2023-01-05;0.51;0.51;0.51;0.51;;50.018179798079295;50.483772760127806
2023-01-06;0.33;0.33;0.33;0.33;;46.447092068153026;49.94056543340688
2023-01-09;0.42;0.42;0.42;0.42;;48.429656665175855;49.53896986361615
2023-01-10;0.63;0.63;0.63;0.63;;52.81875354741847;49.216897210564966
2023-01-11;0.3;0.3;0.3;0.3;;46.169008147444124;49.04196846410752
2023-01-12;0.75;0.75;0.75;0.75;;54.56856838653251;49.78639650675206
2023-01-13;0.42;0.42;0.42;0.42;;48.58190527734685;49.731132696470354
2023-01-17;0.75;0.75;0.75;0.75;;54.01495364507355;49.82514849905933
2023-01-18;0.26;0.26;0.26;0.26;;46.207538867100475;49.86213448313684
2023-01-19;0.3;0.3;0.3;0.3;;46.88250107555607;49.612961179529144
2023-01-20;0.47;0.47;0.47;0.47;;49.767316523365466;49.67782926749652
2023-01-23;0.69;0.69;0.69;0.69;;53.30189869831812;49.995167510817666
2023-01-24;0.72;0.72;0.72;0.72;;53.77950446111763;50.25033345568243
2023-01-25;0.51;0.51;0.51;0.51;;49.92991937143702;50.065485466579965
2023-01-26;0.35;0.35;0.35;0.35;;47.160065255703785;49.861334427838855
2023-01-27;0.55;0.55;0.55;0.55;;50.831829407107044;50.17452995204986
2023-01-30;0.39;0.39;0.39;0.39;;47.96057573891225;50.14102417160246
2023-01-31;0.29;0.29;0.29;0.29;;46.20394849188845;49.66853809620745
2023-02-01;0.34;0.34;0.34;0.34;;47.24439209968132;49.74535123565296
2023-02-02;0.51;0.51;0.51;0.51;;50.73326784600723;49.47140119704402
2023-02-03;0.51;0.51;0.51;0.51;;50.73326784600723;49.625069951948326
2023-02-06;0.23;0.23;0.23;0.23;;45.04311695206825;48.984224473876516
2023-02-07;0.64;0.64;0.64;0.64;;53.30229764593288;49.490992958078834
2023-02-08;0.53;0.53;0.53;0.53;;51.08412989549432;49.79110930236014
2023-02-09;0.28;0.28;0.28;0.28;;46.36195365093487;49.54786909718653
2023-02-10;0.57;0.57;0.57;0.57;;51.91473849939021;49.44878622583453
2023-02-13;0.51;0.51;0.51;0.51;;50.7442618069484;49.231983179108155
2023-02-14;0.44;0.44;0.44;0.44;;49.346416250853615;49.19030438478077
2023-02-15;0.34;0.34;0.34;0.34;;47.340150192680994;49.20316759456485
2023-02-16;0.18;0.18;0.18;0.18;;44.24086738461053;48.732384592957956
2023-02-17;0.56;0.56;0.56;0.56;;52.238442909515975;49.03794653371536
2023-02-21;0.53;0.53;0.53;0.53;;51.609094811384296;49.42402841367936
2023-02-22;0.76;0.76;0.76;0.76;;55.987060378765094;50.04850471932819
2023-02-23;0.34;0.34;0.34;0.34;;47.530609728134436;49.81974342519442
2023-02-24;0.35;0.35;0.35;0.35;;47.733034256084856;49.60544102591425
2023-02-27;0.64;0.64;0.64;0.64;;53.35334473559404;50.199028724737516
2023-02-28;0.44;0.44;0.44;0.44;;49.40747823224511;49.920827338045534
2023-03-01;0.45;0.45;0.45;0.45;;49.60815434981975;49.815400513354504
2023-03-02;0.61;0.61;0.61;0.61;;52.83191141227243;50.277540353450036
2023-03-03;0.25;0.25;0.25;0.25;;45.74138394994135;49.83658645706083
2023-03-06;0.43;0.43;0.43;0.43;;49.39819810835925;49.74043905001876
2023-03-07;0.12;0.12;0.12;0.12;;43.90953148562022;49.35209013821636
2023-03-08;0.35;0.35;0.35;0.35;;48.48311067072575;49.43373017236242
2023-03-09;0.28;0.28;0.28;0.28;;47.22111388223885;49.64660492219301
2023-03-10;0.41;0.41;0.41;0.41;;49.83278085541482;49.47477191832865
2023-03-13;0.41;0.41;0.41;0.41;;49.83278085541482;49.347892350045115
2023-03-14;0.55;0.55;0.55;0.55;;52.75281269060483;49.11687465803366
2023-03-15;0.44;0.44;0.44;0.44;;50.27662800383236;49.31301882058351
2023-03-16;0.72;0.72;0.72;0.72;;55.94528106264471;49.899607878194935
2023-03-17;0.54;0.54;0.54;0.54;;51.85276509643393;49.79242361825492
2023-03-20;0.32;0.32;0.32;0.32;;47.298587592468735;49.64178857255661
2023-03-21;0.9;0.9;0.9;0.9;;57.817296557229675;50.22815587308589
2023-03-22;0.29;0.29;0.29;0.29;;47.156928094794196;49.82279992183744
2023-03-23;0.38;0.38;0.38;0.38;;48.66096836791577;50.03134166597847
2023-03-24;0.48;0.48;0.48;0.48;;50.351862977989704;50.09946058523779
2023-03-27;0.4;0.4;0.4;0.4;;48.962526753450696;50.46038881865426
2023-03-28;0.74;0.74;0.74;0.74;;54.685276600560115;50.90340067078528
2023-03-29;0.39;0.39;0.39;0.39;;48.63917293334826;51.00469060300738
2023-03-30;0.27;0.27;0.27;0.27;;46.73146258752246;50.78316786958651
2023-03-31;0.48;0.48;0.48;0.48;;50.39793752360189;50.82353620302843
2023-04-03;0.38;0.38;0.38;0.38;;48.67966931082806;50.532597390187235
2023-04-04;0.24;0.24;0.24;0.24;;46.299711825407584;50.24853194887118
2023-04-05;0.26;0.26;0.26;0.26;;46.70060668603985;49.58819806482797
2023-04-06;0.29;0.29;0.29;0.29;;47.335712412453695;49.265551444543675
2023-04-10;0.42;0.42;0.42;0.42;;50.10995503152868;49.466363404476525
2023-04-11;0.85;0.85;0.85;0.85;;57.99247541495253;49.478876180028166
2023-04-12;0.34;0.34;0.34;0.34;;48.25437392893557;49.55726516818112
2023-04-13;0.4;0.4;0.34;0.34;;48.25437392893557;49.528222708253956
2023-04-14;0.4;0.4;0.4;0.4;;49.41338793608151;49.461188776689085
2023-04-17;0.75;0.75;0.75;0.75;;55.653291870969056;49.93910057079754
2023-04-18;0.42;0.42;0.42;0.42;;49.458663406796305;49.56577105695727
2023-04-19;0.41;0.41;0.41;0.41;;49.279659361098396;49.61152008751085
2023-04-20;0.36;0.36;0.36;0.36;;48.337638355707654;49.726246928095506
2023-04-21;0.25;0.25;0.25;0.25;;46.24328973061111;49.429486371453315
2023-04-24;0.44;0.44;0.44;0.44;;50.25268430808979;49.54184458554344
2023-04-25;0.38;0.38;0.38;0.38;;49.00957481559306;49.73540622769955
2023-04-26;0.3;0.3;0.3;0.3;;47.328465474596186;49.780253284024994
2023-04-27;0.59;0.59;0.59;0.59;;53.548685273336574;50.22403705980235
2023-04-28;0.35;0.35;0.35;0.35;;48.44932795573656;50.10542084010291
2023-05-01;0.54;0.54;0.54;0.54;;52.32035897672509;49.7002696659438
2023-05-02;0.42;0.42;0.42;0.42;;49.777970927468395;49.809098022981864
2023-05-03;1.13;1.13;1.13;1.13;;61.6515307012089;50.76603779242996
2023-05-04;0.22;0.22;0.22;0.22;;46.48286703141411;50.556714870667996
2023-05-05;0.51;0.51;0.51;0.51;;50.649951738884496;50.19933343266196
2023-05-08;0.55;0.55;0.55;0.55;;51.21421203214518;50.324729763044026
2023-05-09;0.42;0.42;0.42;0.42;;49.24356240172486;50.32215140880305
2023-05-10;0.48;0.48;0.48;0.48;;50.19608434958206;50.45489755122266
2023-05-11;0.34;0.34;0.34;0.34;;47.935590107439296;50.575776149567524
2023-05-12;0.49;0.49;0.49;0.49;;50.50730361815532;50.59396324314363
2023-05-15;0.66;0.66;0.66;0.66;;53.321417331965115;50.90195199431307
2023-05-16;0.39;0.39;0.39;0.39;;48.595400942169206;50.992447384853996
2023-05-17;0.59;0.59;0.59;0.59;;51.98991001236811;50.88110629478481
2023-05-18;0.22;0.22;0.22;0.22;;45.945248160995725;50.70224345230332
2023-05-19;0.5;0.5;0.5;0.5;;50.623801508076696;50.581060775971295
2023-05-22;0.14;0.14;0.14;0.14;;45.20622444490332;50.25450745578808
2023-05-23;0.36;0.36;0.36;0.36;;48.81141582543726;49.33735639323296
2023-05-24;0.87;0.87;0.87;0.87;;56.033337528017576;50.01953285727607
2023-05-25;1.08;1.08;1.08;1.08;;58.62204222774157;50.588967892194425
2023-05-26;0.35;0.35;0.35;0.35;;48.03439252130237;50.361837927134225
2023-05-30;0.32;0.32;0.32;0.32;;47.65348776958714;50.24826116769582
2023-05-31;0.3;0.3;0.3;0.3;;47.3837220974286;50.04737814968486
2023-06-01;0.43;0.43;0.43;0.43;;49.38926819812294;50.151212299019406
2023-06-02;0.27;0.27;0.27;0.27;;47.01406044715633;49.901694929662334
2023-06-05;0.32;0.32;0.32;0.32;;47.857961868799194;49.51144811086477
2023-06-06;0.85;0.85;0.85;0.85;;55.879568776589636;50.03174581332337
2023-06-07;0.7;0.7;0.7;0.7;;53.37677109251419;50.13080731904809
2023-06-08;0.45;0.45;0.45;0.45;;49.40506073925202;50.37793678892354
2023-06-09;0.58;0.58;0.58;0.58;;51.42896808996025;50.43544868762951
2023-06-12;0.39;0.39;0.39;0.39;;48.38269696323112;50.662339581795784
2023-06-13;0.4;0.4;0.4;0.4;;48.555412543120276;50.64405363305885
2023-06-14;0.24;0.24;0.24;0.24;;45.90853236856434;49.92085326452649
2023-06-15;0.29;0.29;0.29;0.29;;46.88299439975345;49.08234984824163
2023-06-16;1;1;1;1;;58.355677254206405;49.81958447202049
2023-06-20;0.48;0.48;0.48;0.48;;49.86141473317936;49.9772935408485
2023-06-21;0.34;0.34;0.34;0.34;;47.84228664842039;50.010048151633626
2023-06-22;0.29;0.29;0.29;0.29;;47.108574204423185;49.84714143779792
2023-06-23;0.18;0.18;0.18;0.18;;45.456911929551;49.73591654368325
2023-06-26;0.32;0.32;0.32;0.32;;47.95781492109019;49.743048904561185
2023-06-27;0.32;0.32;0.32;0.32;;47.95781492109018;49.17720934345408
2023-06-28;0.24;0.24;0.24;0.24;;46.54349571256585;48.689118244886345
2023-06-29;0.35;0.35;0.35;0.35;;48.780223400908035;48.64448700643321
2023-06-30;0.34;0.34;0.34;0.34;;48.58121430679875;48.44107602192167
2023-07-03;0.43;0.43;0.43;0.43;;50.53706723126028;48.59495961249518
2023-07-05;0.56;0.56;0.56;0.56;;53.300279119546005;48.933878653668444
2023-07-06;0.56;0.56;0.56;0.56;;53.300279119546005;49.46186056445284
2023-07-07;0.31;0.31;0.31;0.31;;47.395091328202085;49.49843891648489
2023-07-10;0.51;0.51;0.51;0.51;;51.97875087686694;49.04294417524636
2023-07-11;0.6;0.6;0.6;0.6;;53.92435596574349;49.33315426328665
2023-07-12;0.48;0.48;0.48;0.48;;50.95971792974256;49.55582792623824
2023-07-13;0.83;0.83;0.83;0.83;;58.18124849701956;50.34673323285227
2023-07-14;0.55;0.55;0.55;0.55;;51.63095013975453;50.78773596215252
2023-07-17;0.4;0.4;0.4;0.4;;48.48192714988692;50.825172549923714
2023-07-18;0.41;0.41;0.41;0.41;;48.70653306655047;50.878652417456586
2023-07-19;0.76;0.76;0.76;0.76;;55.94590078437749;51.55025277972885
2023-07-20;0.39;0.39;0.39;0.39;;48.201044010015316;51.508882823236505
2023-07-21;0.18;0.18;0.18;0.18;;44.44069451219526;51.21313140933626
2023-07-24;0.23;0.23;0.23;0.23;;45.53028243997729;50.85550392424462
2023-07-25;0.51;0.51;0.51;0.51;;51.291128292102144;50.711993150855776
2023-07-26;0.85;0.85;0.85;0.85;;57.209282400473185;50.991207670922
2023-07-27;0.91;0.91;0.91;0.91;;58.175045688196164;51.761204410921586
2023-07-28;0.29;0.29;0.29;0.29;;46.49697833571592;51.3696492294108
2023-07-31;0.47;0.47;0.47;0.47;;49.65664929909146;51.06481303893565
2023-08-01;0.27;0.27;0.27;0.27;;46.37924938127425;50.73763671404505
2023-08-02;0.86;0.86;0.86;0.86;;55.67363779203585;50.55852166368908
2023-08-03;0.41;0.41;0.41;0.41;;48.7350018591752;50.351668215076266
2023-08-04;0.67;0.67;0.67;0.67;;52.42439028962573;50.633272725057616
2023-08-07;0.48;0.48;0.48;0.48;;49.61439206112565;50.6981197960987
2023-08-08;0.71;0.71;0.71;0.71;;52.90521414302092;50.48092789314466
2023-08-09;0.61;0.61;0.61;0.61;;51.335317714721434;50.70480458633796
2023-08-10;0.98;0.98;0.98;0.98;;56.48094566575575;51.56482252587799
2023-08-11;0.39;0.39;0.39;0.39;;47.801347831411654;51.727041482409014
2023-08-14;0.49;0.49;0.49;0.49;;49.22556244049993;51.57950106443742
2023-08-15;0.75;0.75;0.75;0.75;;52.82924868505686;51.26664151333626
2023-08-16;0.67;0.67;0.67;0.67;;51.61535106846589;50.79809189764124
2023-08-17;0.31;0.31;0.31;0.31;;46.44367409906461;50.794284452166146
2023-08-18;0.76;0.76;0.76;0.76;;52.80881580404125;51.019439202519706
2023-08-21;0.44;0.44;0.44;0.44;;48.40332178490839;51.16401580277928
2023-08-22;0.47;0.47;0.47;0.47;;48.834268263554186;50.67548940788773
2023-08-23;0.34;0.34;0.34;0.34;;47.002261271522755;50.55172222305542
2023-08-24;0.75;0.75;0.75;0.75;;52.99189632752264;50.59225836861948
2023-08-25;0.2;0.2;0.2;0.2;;45.55425123580089;50.30224830966772
2023-08-28;0.41;0.41;0.41;0.41;;48.52498518098759;49.989374812379616
2023-08-29;0.27;0.27;0.27;0.27;;46.69574587381519;49.65797682374346
2023-08-30;0.53;0.53;0.53;0.53;;50.432800863861495;49.22596648075102
2023-08-31;0.29;0.29;0.29;0.29;;47.14697864808235;49.17922582479893
2023-09-01;0.71;0.71;0.71;0.71;;52.926954245401895;49.443610953720494
2023-09-05;0.6;0.6;0.6;0.6;;51.34327285558718;49.33746982304409
2023-09-06;0.46;0.46;0.46;0.46;;49.32053893238062;49.173554670466565
2023-09-07;0.57;0.57;0.57;0.57;;50.955454233437386;49.49582468006462
2023-09-08;0.33;0.33;0.33;0.33;;47.36519475229656;49.10699460494
2023-09-11;0.28;0.28;0.28;0.28;;46.62809497703455;48.98019269009187
2023-09-12;0.37;0.37;0.37;0.37;;48.190988691189624;48.93424414920869
2023-09-13;0.8;0.8;0.8;0.8;;54.97492571282243;49.5037201807301
2023-09-14;0.44;0.44;0.44;0.44;;49.17001466300765;49.23072863326474
2023-09-15;0.42;0.42;0.42;0.42;;48.861334712078204;49.46694888157027
2023-09-18;0.59;0.59;0.59;0.59;;51.64037364157697;49.68947662875523
2023-09-19;0.45;0.45;0.45;0.45;;49.26596203129226;49.87306349714644
2023-09-20;0.43;0.43;0.43;0.43;;48.919911961300286;49.765000004106355
2023-09-21;0.77;0.77;0.77;0.77;;54.74012555814046;50.30736764053908
2023-09-22;0.51;0.51;0.51;0.51;;50.04421040159648;50.101457365981545
2023-09-25;0.27;0.27;0.27;0.27;;46.11188118791742;49.72778653257656
2023-09-26;0.67;0.67;0.67;0.67;;52.77263223941936;49.974364625936474
2023-09-27;0.71;0.71;0.71;0.71;;53.393023670932074;50.14847672861466
2023-09-28;0.37;0.37;0.37;0.37;;47.661814825913716;50.169663876730176
2023-09-29;0.83;0.83;0.83;0.83;;54.74025293529577;50.7491037308917
2023-10-02;0.68;0.68;0.68;0.68;;52.25830749419745;51.039626502535114
2023-10-03;0.75;0.75;0.75;0.75;;53.321935430088075;50.921555768054084
2023-10-04;1.2;1.2;1.2;1.2;;59.55940721655479;51.66365523616461
2023-10-05;1.57;1.57;1.57;1.57;;63.83818619232399;52.733430341896444
2023-10-06;0.5;0.5;0.5;0.5;;48.01631335878102;52.4745688931253
2023-10-09;0.83;0.83;0.83;0.83;;51.97002134295624;52.66771598681559
2023-10-10;0.46;0.46;0.46;0.46;;47.59877062012415;52.57334874816014
2023-10-11;0.51;0.51;0.51;0.51;;48.23244109468036;52.10851414362728
2023-10-12;0.89;0.89;0.89;0.89;;52.89463805318184;52.31211611874051
2023-10-13;0.64;0.64;0.64;0.64;;49.72198567459382;52.56998072493168
2023-10-16;0.45;0.45;0.45;0.45;;47.39526590467873;52.18588312959307
2023-10-17;0.39;0.39;0.39;0.39;;46.65283508895305;51.70444108802314
2023-10-18;0.49;0.49;0.49;0.49;;48.111728824650356;51.73657780221861
2023-10-19;0.67;0.67;0.67;0.67;;50.72392398388693;51.449697162832265
2023-10-20;0.86;0.86;0.86;0.86;;53.391212549639036;51.530618952506664
2023-10-23;0.25;0.25;0.25;0.25;;44.97419548939693;50.93435181388587
2023-10-24;0.44;0.44;0.44;0.44;;47.73785238492213;50.08995504019782
2023-10-25;0.79;0.79;0.79;0.79;;52.47323529360683;49.2781728331466
2023-10-26;0.58;0.58;0.58;0.58;;49.571007293627325;49.38922239992133
2023-10-27;0.53;0.53;0.53;0.53;;48.877835244996206;49.16835196435276
2023-10-30;0.27;0.27;0.27;0.27;;45.328305580920855;49.00617589012395
2023-10-31;0.44;0.44;0.44;0.44;;47.98794707208622;48.98871203136723
2023-11-01;0.45;0.45;0.45;0.45;;48.147742370674706;48.649648054045294
2023-11-02;0.75;0.75;0.75;0.75;;52.82976962250383;48.87163262175314
2023-11-03;0.73;0.73;0.73;0.73;;52.48949303442506;49.235505988163595
2023-11-06;0.76;0.76;0.76;0.76;;52.978734890112555;49.6873559739607
2023-11-07;0.88;0.88;0.88;0.88;;54.975942645649624;50.177656961174925
2023-11-08;0.43;0.43;0.43;0.43;;46.92654368593465;49.90641551132119
2023-11-09;0.86;0.86;0.86;0.86;;53.87610468810999;49.941050664069124
2023-11-10;1;1;1;1;;55.90077903917421;50.72152091762465
2023-11-13;0.78;0.78;0.78;0.78;;52.035272890331434;51.028479525153884
2023-11-14;1.01;1.01;1.01;1.01;;55.49977295300146;51.244660786539214
2023-11-15;0.26;0.26;0.26;0.26;;44.27051041820259;50.86605386686602
2023-11-16;0.38;0.38;0.38;0.38;;46.14795403398271;50.67106235179362
2023-11-17;0.4;0.4;0.4;0.4;;46.47162173004083;50.752727791016476
2023-11-20;0.56;0.56;0.56;0.56;;49.106924481556696;50.8326547488358
2023-11-21;0.33;0.33;0.33;0.33;;45.62929934465661;50.65276596126307
2023-11-22;0.35;0.35;0.35;0.35;;45.98749572059785;50.164032111126936
2023-11-24;0.45;0.45;0.45;0.45;;47.83789748533725;49.83177528619209
2023-11-27;0.57;0.57;0.57;0.57;;50.04935573056262;49.62253391765281
2023-11-28;0.46;0.46;0.46;0.46;;48.0388186073204;49.12702505777215
2023-11-29;0.34;0.34;0.34;0.34;;45.873847923251034;49.051832503294754
2023-11-30;0.3;0.3;0.3;0.3;;45.14351893439071;48.4280763780291
2023-12-01;0.3;0.3;0.3;0.3;;45.14351893439071;47.65970065625884
2023-12-04;0.21;0.21;0.21;0.21;;43.34289439941156;47.038816478336
2023-12-05;0.33;0.33;0.33;0.33;;46.412046061105414;46.38969312891485
2023-12-06;0.36;0.36;0.36;0.36;;47.18235981284821;46.59768237138953
2023-12-07;0.5;0.5;0.5;0.5;;50.74094996148126;46.925753509068
2023-12-08;0.6;0.6;0.5;0.5;;50.74094996148126;47.23070552559947
2023-12-11;0.32;0.32;0.32;0.32;;46.10866407934561;47.01654406829868
2023-12-12;0.82;0.82;0.82;0.82;;57.66914671726024;47.876533166341794
2023-12-13;0.43;0.43;0.43;0.43;;48.86419376282385;48.08201159792936
2023-12-14;0.36;0.36;0.36;0.36;;47.4634429945143;48.05526484858486
2023-12-15;0.16;0.16;0.16;0.16;;43.61632227785486;47.59576245910574
2023-12-18;0.47;0.47;0.47;0.47;;50.3358120282502;47.759833417743586
2023-12-19;0.32;0.32;0.32;0.32;;47.3926885008614;47.868322030430036
2023-12-20;0.35;0.35;0.35;0.35;;48.04695859133905;48.07571057735492
2023-12-21;0.5;0.5;0.5;0.5;;51.30776739786286;48.51601403903151
2023-12-22;0.5;0.5;0.5;0.5;;51.30776739786286;49.084933538920886
2023-12-26;0.31;0.31;0.31;0.31;;46.976392917645384;49.12524402867374
2023-12-27;0.27;0.27;0.27;0.27;;46.0941673014876;49.04751599214798
2023-12-28;0.19;0.19;0.19;0.19;;44.302160782332116;48.587602479351624
2023-12-29;0.45;0.45;0.45;0.45;;50.97322311553871;48.60419341892715
2024-01-02;0.2;0.2;0.2;0.2;;45.348848269729885;48.54992086109746
2024-01-03;0.36;0.36;0.36;0.36;;49.21130703103289;47.94578945493837
2024-01-04;0.52;0.52;0.52;0.52;;52.803495042899144;48.22716811780089
2024-01-05;0.75;0.75;0.75;0.75;;57.461178919853566;48.941292112467984
2024-01-08;0.3;0.3;0.3;0.3;;47.56972424917275;49.22367796756212
2024-01-09;0.46;0.46;0.46;0.46;;50.81190896002483;49.257684891260304
2024-01-10;0.44;0.44;0.44;0.44;;50.39242480179023;49.47195176989808
2024-01-11;0.5;0.5;0.5;0.5;;51.681185436681226;49.73153940170823
2024-01-12;0.18;0.18;0.18;0.18;;44.97092340775548;49.27890768812914
2024-01-16;0.37;0.37;0.37;0.37;;49.1893461720308;49.12759188628399
2024-01-17;0.44;0.44;0.44;0.44;;50.689133343843736;49.39278763101243
2024-01-18;0.43;0.43;0.43;0.43;;50.459989260313336;49.70463205664284
2024-01-19;0.37;0.37;0.37;0.37;;49.02789064489931;50.04218418968336
2024-01-22;0.19;0.19;0.19;0.19;;44.91000039092408;49.60909685221088
2024-01-23;0.42;0.42;0.42;0.42;;50.617485340063354;49.98542807152042
2024-01-24;0.54;0.54;0.54;0.54;;53.33399185855142;50.279905559200316
2024-01-25;0.49;0.49;0.49;0.49;;52.049222303435194;50.2260289349529
2024-01-26;0.18;0.18;0.18;0.18;;44.83750123539392;49.3243376717772
2024-01-29;0.54;0.54;0.54;0.54;;52.98439727384385;49.71110003068228
2024-01-30;0.4;0.4;0.4;0.4;;49.898068439668826;49.64582570779971
2024-01-31;0.62;0.62;0.62;0.62;;54.39377212926934;49.93163623119107
2024-02-01;0.54;0.54;0.54;0.54;;52.54728829991019;49.99350072142171
2024-02-02;0.9;0.9;0.9;0.9;;59.250935777553764;51.01350160497873
2024-02-05;0.32;0.32;0.32;0.32;;47.58692416140441;50.89904288993399
2024-02-06;0.28;0.28;0.28;0.28;;46.901193909978424;50.628475787515036
2024-02-07;0.39;0.39;0.39;0.39;;49.0744877924733;50.52951139695504
2024-02-08;0.54;0.54;0.54;0.54;;51.961862321963565;50.739080802459625
2024-02-09;0.36;0.36;0.36;0.36;;48.414473006650084;50.98940027501148
2024-02-12;0.38;0.38;0.38;0.38;;48.83245817616047;50.8618983347327
2024-02-13;0.27;0.27;0.27;0.27;;46.59615610659433;50.380624352450056
2024-02-14;0.37;0.37;0.37;0.37;;48.88775616230623;50.15480534236941
2024-02-15;0.17;0.17;0.17;0.17;;44.75166429285059;50.14867413218774
2024-02-16;0.36;0.36;0.36;0.36;;49.152805999503954;49.87498904116347
2024-02-20;0.45;0.45;0.45;0.45;;51.138386714890416;49.9635832036793
2024-02-21;0.86;0.86;0.86;0.86;;58.99421095818635;50.29218597717336
2024-02-22;0.37;0.37;0.37;0.37;;48.87961305860336;50.03020917422288
2024-02-23;0.66;0.66;0.66;0.66;;53.915549498819075;49.649110154313256
2024-02-26;0.48;0.48;0.48;0.48;;50.584631877187235;49.86323213401204
2024-02-27;0.69;0.69;0.69;0.69;;54.14403491922931;50.3805779203871
2024-02-28;0.52;0.52;0.52;0.52;;50.94491663366037;50.51417998047189
2024-02-29;0.47;0.47;0.47;0.47;;50.009007505937355;50.37469035075573
2024-03-01;0.37;0.37;0.37;0.37;;48.10555208852638;50.35262457088975
2024-03-04;0.34;0.34;0.34;0.34;;47.52118244114259;50.25896201838848
2024-03-05;0.81;0.81;0.81;0.81;;56.44740601271896;50.96262272596881
2024-03-06;0.35;0.35;0.35;0.35;;47.86604921885172;50.889643658579196
2024-03-07;0.72;0.72;0.72;0.72;;53.932506320968635;51.54541808915906
2024-03-08;0.48;0.48;0.48;0.48;;49.87817489208801;51.59723015291506
2024-03-11;0.62;0.62;0.62;0.62;;52.138428029933536;51.66866167541814
2024-03-12;0.44;0.44;0.44;0.44;;49.074256418331565;50.96009349399994
2024-03-13;0.34;0.34;0.34;0.34;;47.40734336062438;50.85493137271573
2024-03-14;0.42;0.42;0.42;0.42;;48.90265671366475;50.496867602347564
2024-03-15;0.19;0.19;0.19;0.19;;44.94606438664596;50.094112781594625
2024-03-18;0.29;0.29;0.29;0.29;;46.95555333355233;49.580649811189126
2024-03-19;0.7;0.7;0.7;0.7;;54.317835593011736;49.82157259399993
2024-03-20;0.27;0.27;0.27;0.27;;46.956779518205806;49.60355630916197
2024-03-21;0.51;0.51;0.51;0.51;;50.95204841053555;49.80687747501977
2024-03-22;0.67;0.67;0.67;0.67;;53.46832424725359;50.23167331831341
2024-03-25;0.31;0.31;0.31;0.31;;47.556585425976316;49.59661470497465
2024-03-26;0.63;0.63;0.63;0.63;;52.57595758100117;49.93303673084247
2024-03-27;0.67;0.67;0.67;0.67;;53.179200123317194;49.87922914529594
2024-03-28;0.27;0.27;0.27;0.27;;46.77205545082201;49.6573634709198
2024-04-01;0.2;0.2;0.2;0.2;;45.73361641195069;49.19987692677817
2024-04-02;0.68;0.68;0.68;0.68;;53.37755934648267;49.507255707360386
2024-04-03;0.97;0.97;0.97;0.97;;57.29173184016404;50.21328345589893
2024-04-04;0.77;0.77;0.77;0.77;;53.929059996664265;50.57231226182746
2024-04-05;1.18;1.18;1.18;1.18;;59.214022999260926;51.591452162728544
2024-04-08;0.59;0.59;0.59;0.59;;50.27622775498964;51.8286431928312
2024-04-09;0.99;0.99;0.99;0.99;;55.212051739920355;51.89251577475325
2024-04-10;0.48;0.48;0.48;0.48;;48.58939889743159;52.00913144469796
2024-04-11;0.66;0.66;0.66;0.66;;50.831089648558944;52.0004915331282
2024-04-12;0.42;0.42;0.42;0.42;;47.836055364710134;51.59818661294652
2024-04-15;0.43;0.43;0.43;0.43;;47.97360819389035;51.627973953511805
2024-04-16;0.39;0.39;0.39;0.39;;47.43479183127293;51.26074782853122
2024-04-17;0.51;0.51;0.51;0.51;;49.275406608514906;50.98190543461677
2024-04-18;0.66;0.66;0.66;0.66;;51.55876668779499;51.32381338011485
2024-04-19;0.67;0.67;0.67;0.67;;51.71481646046923;51.75104195500902
2024-04-22;0.43;0.43;0.43;0.43;;47.73992219579586;51.34835358710283
2024-04-23;0.82;0.82;0.82;0.82;;53.935917336245225;51.10865255110862
2024-04-24;0.53;0.53;0.53;0.53;;49.259147644825646;50.775087383120145
2024-04-25;0.43;0.43;0.43;0.43;;47.722488031911254;49.95426345688089
2024-04-26;1.36;1.36;1.36;1.36;;60.167514465221544;50.66078393618317
2024-04-29;0.46;0.46;0.46;0.46;;48.20732210084551;50.16044610482068
2024-04-30;0.53;0.53;0.53;0.53;;49.05555121572455;50.193742698984465
2024-05-01;0.57;0.57;0.57;0.57;;49.563866570206784;50.103226764816455
2024-05-02;0.37;0.37;0.37;0.37;;47.03673299283357;50.04613230968241
2024-05-03;0.81;0.81;0.81;0.81;;52.74516267444249;50.386957629721856
2024-05-06;0.73;0.73;0.73;0.73;;51.65503702007223;50.68840371463609
2024-05-07;0.75;0.75;0.75;0.75;;51.92255930000378;50.877486049742444
2024-05-08;0.53;0.53;0.53;0.53;;48.72831942450469;50.675311245221714
2024-05-09;0.42;0.42;0.42;0.42;;47.16591177030593;50.350389481638615
2024-05-10;0.52;0.52;0.52;0.52;;48.773947925949344;50.42424846236387
2024-05-13;0.45;0.45;0.45;0.45;;47.67999036419818;49.977396535789076
2024-05-14;0.78;0.78;0.78;0.78;;53.02866357433726;50.246647673611335
2024-05-15;0.35;0.35;0.35;0.35;;46.37579671912585;50.15045543698381
2024-05-16;0.46;0.46;0.46;0.46;;48.16727323347108;49.29329534900164
2024-05-17;0.49;0.49;0.49;0.49;;48.670921090356536;49.32640956253814
2024-05-20;0.71;0.71;0.71;0.71;;52.32908007517501;49.56023305249888
2024-05-21;0.3;0.3;0.3;0.3;;45.78078554695579;49.290012979409525
2024-05-22;0.17;0.17;0.17;0.17;;43.904751122021864;49.06629998863726
2024-05-23;0.24;0.24;0.24;0.24;;45.206789196745305;48.527844740230314
2024-05-24;0.28;0.28;0.28;0.28;;45.97842344319854;48.122372341882205
2024-05-28;0.29;0.29;0.29;0.29;;46.18247183803765;47.7123660945989
2024-05-29;0.41;0.41;0.41;0.41;;48.68718335198703;47.70942780370478
2024-05-30;0.55;0.55;0.55;0.55;;51.521908475181526;48.02057042548161
2024-05-31;0.56;0.56;0.56;0.56;;51.72704624017317;48.23150601935474
2024-06-03;0.36;0.36;0.36;0.36;;47.40637217576976;48.211961863038425
2024-06-04;0.92;0.92;0.92;0.92;;57.98794969462845;48.56619658591637
2024-06-05;0.4;0.4;0.4;0.4;;48.27521537867241;48.70186934731255
2024-06-06;0.33;0.33;0.33;0.33;;47.130789036058886;48.62783476178311
2024-06-07;0.39;0.39;0.39;0.39;;48.262937257352064;48.598693059425656
2024-06-10;0.5;0.5;0.5;0.5;;50.36160787993952;48.45815933119455
2024-06-11;0.48;0.48;0.48;0.48;;49.96475614767237;48.75701437410288
2024-06-12;0.42;0.42;0.42;0.42;;48.72430327578614;49.10126809937175
2024-06-13;0.31;0.31;0.31;0.31;;46.447602694176055;49.18989763490252
2024-06-14;0.22;0.22;0.22;0.22;;44.610912549844436;49.09221828537723
2024-06-17;0.38;0.38;0.38;0.38;;48.509120964168396;49.258407508672285
2024-06-18;0.31;0.31;0.31;0.31;;46.95222440991236;49.134481869952666
2024-06-20;0.46;0.46;0.46;0.46;;50.61028406309586;49.06936584051798
2024-06-21;0.5;0.5;0.5;0.5;;51.569369170343364;49.058103192672995
2024-06-24;0.3;0.3;0.3;0.3;;46.68760391141921;49.00676260236224
2024-06-25;0.22;0.22;0.22;0.22;;44.85835384048764;48.068934327066465
2024-06-26;0.19;0.19;0.19;0.19;;44.159618422012215;47.77496311587645
2024-06-27;0.13;0.13;0.13;0.13;;42.7261827805814;47.46034838334234
2024-06-28;0.3;0.3;0.3;0.3;;47.887679474058466;47.43354425596423
2024-07-01;0.43;0.43;0.43;0.43;;51.48805133380088;47.51400450266861
2024-07-02;0.48;0.48;0.48;0.48;;52.83767742642258;47.719213165436486
2024-07-03;0.46;0.46;0.46;0.46;;52.21195833873659;47.968331384218665
2024-07-05;0.55;0.55;0.55;0.55;;54.8056425458103;48.56533423076396
2024-07-08;0.25;0.25;0.25;0.25;;45.868893607602594;48.65519002060383
2024-07-09;0.49;0.49;0.49;0.49;;52.53675254430452;48.94287799061356
2024-07-10;0.68;0.68;0.68;0.68;;57.04756086974921;49.663973452030476
2024-07-11;0.37;0.37;0.37;0.37;;48.88437368133332;49.54069413904744
2024-07-12;0.48;0.48;0.48;0.48;;51.534525874167706;49.538205332177746
2024-07-15;0.34;0.34;0.34;0.34;;48.11535462003612;49.64018752565038
2024-07-16;0.43;0.43;0.43;0.43;;50.393895625131925;50.03558336741069
2024-07-17;0.47;0.47;0.47;0.47;;51.41512028422419;50.553833500425824
2024-07-18;0.61;0.61;0.61;0.61;;54.913638106394444;51.42436602369819
2024-07-19;0.32;0.32;0.32;0.32;;47.313481963279685;51.38335191578541
2024-07-22;0.39;0.39;0.39;0.39;;49.143166994118275;51.21586017723666
2024-07-23;0.87;0.87;0.87;0.87;;59.52343121180156;51.69341401904944
2024-07-24;0.94;0.94;0.94;0.94;;60.78062226278274;52.3054614421956
2024-07-25;0.67;0.67;0.67;0.67;;53.83497797020207;52.23612825822358
2024-07-26;0.62;0.62;0.62;0.62;;52.63543303922142;52.719452503339205
2024-07-29;0.26;0.26;0.26;0.26;;44.881279601647385;52.172633007435124
2024-07-30;1.77;1.77;1.77;1.77;;66.9046047967725;52.876707573651075
2024-07-31;0.47;0.47;0.47;0.47;;48.81928271662346;52.872058219028936
2024-08-01;0.59;0.59;0.59;0.59;;50.158598721851455;52.77377770814921
2024-08-02;0.73;0.73;0.73;0.73;;51.745132387777836;53.03304754870219
2024-08-05;0.41;0.41;0.41;0.41;;47.98525661514466;52.861001905131666
2024-08-06;0.88;0.88;0.88;0.88;;53.34711192916107;52.99900130834145
2024-08-07;0.71;0.71;0.71;0.71;;51.287725635889245;52.74000756044821
2024-08-08;1.13;1.13;1.13;1.13;;55.82493817281077;53.347968718271865
2024-08-09;0.86;0.86;0.86;0.86;;52.443206749014664;53.5836858436216
2024-08-12;0.62;0.62;0.62;0.62;;49.568779952357545;52.872639325089885
2024-08-13;0.71;0.71;0.71;0.71;;50.66089706783418;52.149801811164984
2024-08-14;0.61;0.61;0.61;0.61;;49.38129656786735;51.83168171099822
2024-08-15;0.69;0.69;0.69;0.69;;50.45934419284622;51.67624679339999
2024-08-16;0.54;0.54;0.54;0.54;;48.37884118813748;51.926072621006426
2024-08-19;0.4;0.4;0.4;0.4;;46.45367475649997;50.4652919038441
2024-08-20;0.48;0.48;0.48;0.48;;47.73359262658746;50.38774261169867
2024-08-21;0.5;0.5;0.5;0.5;;48.067798330735634;50.238399726618965
2024-08-22;0.63;0.63;0.63;0.63;;50.29269313943582;50.13465406602311
2024-08-23;1.3;1.3;1.3;1.3;;59.841806509384874;50.98155048704027
2024-08-26;0.37;0.37;0.37;0.37;;46.49107091062321;50.49183327143042
2024-08-27;0.57;0.57;0.57;0.57;;49.12000265182272;50.33699591542567
2024-08-28;0.53;0.53;0.53;0.53;;48.60565761534141;49.82133301846358
2024-08-29;0.54;0.54;0.54;0.54;;48.75013955081742;49.55754250430663
2024-08-30;0.14;0.14;0.14;0.14;;43.484215928787386;49.12293078833733
2024-09-03;0.43;0.43;0.43;0.43;;47.879901415864765;48.92428824176808
2024-09-04;0.53;0.53;0.53;0.53;;49.34303083054035;48.921554974816154
2024-09-05;0.17;0.17;0.17;0.17;;44.499924830733974;48.49588216323671
2024-09-06;1.04;1.04;1.04;1.04;;55.79255288047867;49.025432998403936
2024-09-09;0.95;0.95;0.95;0.95;;54.55589080055623;49.60416271583653
2024-09-10;0.42;0.42;0.42;0.42;;47.832125659524245;49.611200789617726
2024-09-11;0.45;0.45;0.45;0.45;;48.2211291763121;49.62215299287319
2024-09-12;0.62;0.62;0.62;0.62;;50.47479251653942;49.63516009123773
2024-09-13;0.73;0.73;0.73;0.73;;51.9326500693834;49.070220345523346
2024-09-16;0.36;0.36;0.36;0.36;;46.928616018015745;49.10147356747996
2024-09-17;0.43;0.43;0.43;0.43;;47.950444020130185;49.017933665216205
2024-09-18;0.41;0.41;0.41;0.41;;47.66804617589171;48.95096141954122
2024-09-19;0.32;0.32;0.32;0.32;;46.34531443805345;48.77918819720094
2024-09-20;0.86;0.86;0.86;0.86;;54.50293877468256;49.566239829050595
2024-09-23;0.54;0.54;0.54;0.54;;49.68236017269139;49.69498688310963
2024-09-24;0.98;0.98;0.98;0.98;;55.50924466776041;50.13543072862535
2024-09-25;0.21;0.21;0.21;0.21;;45.5650290827253;50.211509603767595
2024-09-26;1.05;1.05;1.05;1.05;;55.029677025773076;50.15701847128862
2024-09-27;0.24;0.24;0.24;0.24;;46.613274508422606;49.58968873613623
2024-09-30;0.45;0.45;0.45;0.45;;48.79963393319793;49.65879646997006
2024-10-01;0.41;0.41;0.41;0.41;;48.39309972473384;49.67108008057162
2024-10-02;0.88;0.88;0.88;0.88;;53.31446316611799;49.87391369839865
2024-10-03;0.23;0.23;0.23;0.23;;46.68397272677406;49.499008173926555
2024-10-04;0.31;0.31;0.31;0.31;;47.548580571805054;49.54329135634008
2024-10-07;0.27;0.27;0.27;0.27;;47.136978249562354;49.48518665844238
2024-10-08;0.54;0.54;0.54;0.54;;50.266498408725404;49.67079038935907
2024-10-09;0.5;0.5;0.5;0.5;;49.7961684888349;49.91727996441489
2024-10-10;0.73;0.73;0.73;0.73;;52.54566033804264;49.77747436179776
2024-10-11;0.35;0.35;0.35;0.35;;47.880028974870655;49.648736419096274
2024-10-14;0.49;0.49;0.49;0.49;;49.65368886675523;49.23048243331019
2024-10-15;0.34;0.34;0.34;0.34;;47.777662305224325;49.38852766348869
2024-10-16;0.61;0.61;0.61;0.61;;51.34138877165072;49.125078502479944
2024-10-17;0.61;0.61;0.61;0.61;;51.341388771650735;49.46280094985338
2024-10-18;1.02;1.02;1.02;1.02;;56.56184955921896;50.017244923140595
2024-10-21;0.42;0.42;0.42;0.42;;48.38136027322365;50.01640639088987
2024-10-22;1.12;1.12;1.12;1.12;;56.31881965839112;50.23100328319509
2024-10-23;0.97;0.97;0.97;0.97;;54.388797394179136;50.78134790229546
2024-10-24;0.68;0.68;0.68;0.68;;50.766552033006185;51.01120300666696
2024-10-25;0.67;0.67;0.67;0.67;;50.64130714712259;51.26151221363555
2024-10-28;1.19;1.19;1.19;1.19;;56.63275997204507;51.7162451824441
2024-10-29;0.74;0.74;0.74;0.74;;50.87722421271249;51.79346344843536
2024-10-30;1.21;1.21;1.21;1.21;;55.91645832551403;52.034234733254735
2024-10-31;1.27;1.27;1.27;1.27;;56.52953389246952;52.652056513083224
2024-11-01;2.3;2.3;2.3;2.3;;65.42014079389375;53.77823165073588
2024-11-04;3.04;3.04;3.04;3.04;;70.144478660108;55.375861390370424
2024-11-05;0.91;0.91;0.91;0.91;;49.276170383058854;55.2283457911853
2024-11-06;0.69;0.69;0.69;0.69;;47.697761521057515;54.96808670185721
2024-11-07;0.98;0.98;0.98;0.98;;49.97259964735763;54.49742599386712
2024-11-08;0.66;0.66;0.66;0.66;;47.51668633992981;54.43566357006041
2024-11-11;0.4;0.4;0.4;0.4;;45.55761555513338;53.66700613411343
2024-11-12;0.69;0.69;0.69;0.69;;48.12658058042773;53.21970493313119
2024-11-13;0.6;0.6;0.6;0.6;;47.37937589879998;52.97776378068789
2024-11-14;0.6;0.6;0.6;0.6;;47.37937589879998;52.74476869152198
2024-11-15;0.87;0.87;0.87;0.87;;50.07620125947836;52.27644306919579
2024-11-18;0.56;0.56;0.56;0.56;;47.09200989974952;52.00607061826986
2024-11-19;0.43;0.43;0.43;0.43;;45.8578392286015;51.287597825633256
2024-11-20;0.43;0.43;0.43;0.43;;45.857839228601506;50.52533392107125
2024-11-21;0.54;0.54;0.54;0.54;;47.21538369419667;49.224994128235736
2024-11-22;0.84;0.84;0.84;0.84;;50.83597235217609;47.8458151062406
2024-11-25;0.75;0.75;0.75;0.75;;49.73384993684905;47.8785065029399
2024-11-26;0.5;0.5;0.5;0.5;;46.704826418108674;47.80758256701498
2024-11-27;0.27;0.27;0.27;0.27;;44.046926139802316;47.38432017361817
2024-11-29;0.66;0.66;0.66;0.66;;49.31418660880248;47.51271304996622
2024-12-02;0.32;0.32;0.32;0.32;;45.30966459340062;47.4950022669853
2024-12-03;0.29;0.29;0.29;0.29;;44.96272136023979;47.26901232268617
2024-12-04;0.3;0.3;0.3;0.3;;45.11358890991724;47.10717039490884
2024-12-05;0.32;0.32;0.32;0.32;;45.435741643380695;46.96833937666461
2024-12-06;0.52;0.52;0.52;0.52;;48.67966898972201;46.86858707168201
2024-12-09;0.2;0.2;0.2;0.2;;44.156317126744604;46.65889473075309
2024-12-10;0.29;0.29;0.29;0.29;;45.6849738234757;46.64654720181553
2024-12-11;0.45;0.45;0.45;0.45;;48.38976596581393;46.82739911161643
2024-12-12;0.27;0.27;0.27;0.27;;45.636408687940936;46.71461518259816
2024-12-13;0.29;0.29;0.29;0.29;;46.004039995328526;46.369477157109046
2024-12-16;0.73;0.73;0.73;0.73;;53.460510867175415;46.63566722356093
2024-12-17;0.66;0.66;0.66;0.66;;52.22490554926571;47.029958590072155
2024-12-18;0.46;0.46;0.46;0.46;;48.757499308308354;47.366428102108294
2024-12-19;0.73;0.73;0.73;0.73;;53.268332744074826;47.648867111770606
2024-12-20;1.2;1.2;1.2;1.2;;59.887782942663115;48.69016127957507
2024-12-23;0.49;0.49;0.49;0.49;;48.671886365698526;48.95510163710784
2024-12-24;1.05;1.05;1.05;1.05;;55.71642836881958;49.71244731274372
2024-12-26;0.64;0.64;0.64;0.64;;50.27593677383098;50.05817553634731
2024-12-27;0.66;0.66;0.66;0.66;;50.52970090357075;50.19032067305079
2024-12-30;0.56;0.56;0.56;0.56;;49.17827692862457;50.549032087470785
2024-12-31;0.41;0.41;0.41;0.41;;47.14158647375509;50.653075848205035
2025-01-02;0.69;0.69;0.69;0.69;;51.204028224798556;50.854094580989646
2025-01-03;0.31;0.31;0.31;0.31;;46.03326072757629;50.88244115524931
2025-01-06;0.66;0.66;0.66;0.66;;50.946727247248866;51.23549024467219
2025-01-07;0.26;0.26;0.26;0.26;;45.81305959033664;50.68924372489799
2025-01-08;0.55;0.55;0.55;0.55;;49.76525450884929;50.51355436486825
2025-01-10;0.49;0.49;0.49;0.49;;48.96944911240089;50.528693636589146
2025-01-13;0.79;0.79;0.79;0.79;;53.015144956694364;50.5106087946334
2025-01-14;0.93;0.93;0.93;0.93;;54.81544322434158;50.14829881475329
2025-01-15;0.69;0.69;0.69;0.69;;51.19406350959542;50.32845432503164
2025-01-16;0.25;0.25;0.25;0.25;;45.28701005151048;49.583495873795286
2025-01-17;0.32;0.32;0.32;0.32;;46.34765506195123;49.30290432294673
2025-01-21;0.46;0.46;0.46;0.46;;48.49804870449472;49.15778630872701
2025-01-22;0.19;0.19;0.19;0.19;;44.771147368856056;48.84299134017213
2025-01-23;0.31;0.31;0.31;0.31;;46.73046436787675;48.81362547546653
2025-01-24;0.27;0.27;0.27;0.27;;46.14283113115301;48.452111397348986
2025-01-27;0.64;0.64;0.64;0.64;;52.13827103527667;48.88818356218473
2025-01-28;0.42;0.42;0.42;0.42;;48.66901963360372;48.725490161210075
2025-01-29;0.19;0.19;0.19;0.19;;45.277085218571706;48.68720627751258
2025-01-30;0.17;0.17;0.17;0.17;;44.98349949723758;48.34565234811174
2025-01-31;0.78;0.78;0.78;0.78;;54.64356192333481;48.7509461203213
2025-02-03;0.79;0.79;0.79;0.79;;54.78372595833776;48.8772733347244
2025-02-04;0.38;0.38;0.38;0.38;;48.20611313879785;48.40517832861413
2025-02-05;0.52;0.52;0.52;0.52;;50.396196184510636;48.3481878053938
2025-02-06;0.42;0.42;0.42;0.42;;48.808617591021516;48.599731201073155
2025-02-07;0.32;0.32;0.32;0.32;;47.20710795914804;48.661120693730076
2025-02-10;0.24;0.24;0.24;0.24;;45.909305941006785;48.476210496338076
2025-02-11;0.34;0.34;0.34;0.34;;47.83965651490499;48.695389721055854
2025-02-12;0.53;0.53;0.53;0.53;;51.389292826324656;49.02816318237357
2025-02-13;0.4;0.4;0.4;0.4;;48.93547854273965;49.2276379974869
2025-02-14;0.26;0.26;0.26;0.26;;46.36772014559042;48.815455791080744
2025-02-18;0.3;0.3;0.3;0.3;;47.21987277853856;48.711945301433225
2025-02-19;0.31;0.31;0.31;0.31;;47.44469146883868;48.86677431930944
2025-02-20;0.43;0.43;0.43;0.43;;50.186726463034844;49.23843338829495
2025-02-21;0.38;0.38;0.38;0.38;;49.03865636195679;48.83808299105367
2025-02-24;0.57;0.57;0.57;0.57;;53.40104171233791;48.73931983062511
2025-02-25;0.76;0.76;0.76;0.76;;57.334252307672;49.39132977125898
2025-02-26;0.47;0.47;0.47;0.47;;50.3488753594811;49.38794971232829
2025-02-27;0.2;0.2;0.2;0.2;;44.867854601291;49.106466641633254
2025-02-28;0.64;0.64;0.64;0.64;;53.711278691194224;49.57105026535084
2025-03-03;0.43;0.43;0.43;0.43;;49.62030844710418;49.83612187292923
2025-03-04;0.61;0.61;0.61;0.61;;52.929682450006595;50.19969515400793
2025-03-05;0.25;0.25;0.25;0.25;;46.36921520745908;49.841118181231806
2025-03-06;1.22;1.22;1.22;1.22;;60.555672518822966;50.67113203666633
2025-03-07;0.98;0.98;0.98;0.98;;56.568554632358996;51.399763071435515
2025-03-10;0.59;0.59;0.59;0.59;;50.723947328188274;51.65005411069621
2025-03-11;0.6;0.6;0.6;0.6;;50.864131495838706;51.89429982691049
2025-03-12;0.41;0.41;0.41;0.41;;48.06617532488178;51.742831888470995
2025-03-13;0.44;0.44;0.44;0.44;;48.54744506470924;51.70774536723901
2025-03-14;0.7;0.7;0.7;0.7;;52.64340320924488;51.65362833130381
2025-03-17;0.71;0.71;0.71;0.71;;52.79903945173499;51.32968455587973
2025-03-18;0.21;0.21;0.21;0.21;;44.860368883755406;50.93764837904218
2025-03-19;0.51;0.51;0.51;0.51;;49.74300346901639;51.28587329816542
2025-03-20;0.45;0.45;0.45;0.45;;48.81204133654504;50.93592777283334
2025-03-21;0.44;0.44;0.44;0.44;;48.64862179563743;50.86652158344286
2025-03-24;0.41;0.41;0.41;0.41;;48.12804930621472;50.52354778745772
2025-03-25;0.33;0.33;0.33;0.33;;46.69316335006342;50.546686940500884
2025-03-26;0.31;0.31;0.31;0.31;;46.32134996056982;49.52994961491138
2025-03-27;0.54;0.54;0.54;0.54;;51.13982152748317;49.142182964563105
2025-03-28;0.61;0.61;0.61;0.61;;52.536268601396266;49.27163448407796
2025-03-31;0.46;0.46;0.46;0.46;;49.2856373179354;49.15888489994201
2025-04-01;0.5;0.5;0.5;0.5;;50.171045793606666;49.30923279056521
2025-04-02;0.67;0.67;0.67;0.67;;53.858117824768144;49.688566559140845
2025-04-03;0.44;0.44;0.44;0.44;;48.61669844306758;49.40094479012818
2025-04-04;0.6;0.6;0.6;0.6;;52.108376007067754;49.35161168693766
2025-04-07;0.82;0.82;0.82;0.82;;56.48682487844432;50.182072829415446
2025-04-08;0.62;0.62;0.62;0.62;;51.84626685139522;50.33230592815679
2025-04-09;1.01;1.01;1.01;1.01;;58.93145872558274;51.0551214559452
2025-04-10;0.61;0.61;0.61;0.61;;50.69293888921785;51.20114410548666
2025-04-11;0.53;0.53;0.53;0.53;;49.21117033853161;51.278509893509295
2025-04-14;0.77;0.77;0.77;0.77;;53.593616282689325;51.771399388696864
2025-04-15;0.66;0.66;0.66;0.66;;51.404273736279826;52.13446537267614
2025-04-16;0.52;0.52;0.52;0.52;;48.67868975266329;51.9586702459033
2025-04-17;0.52;0.52;0.52;0.52;;48.67868975266329;51.683128899565226
2025-04-21;0.61;0.61;0.61;0.61;;50.63035005851924;51.77917980960693
2025-04-22;0.84;0.84;0.84;0.84;;55.30779111741224;52.146090189878755
2025-04-23;0.61;0.61;0.61;0.61;;50.187137654576745;51.88387732057937
2025-04-24;0.51;0.51;0.51;0.51;;48.10188807156145;51.84710515118608
2025-04-25;0.62;0.62;0.62;0.62;;50.53648975451456;51.734827561718
2025-04-28;0.24;0.24;0.24;0.24;;43.02725627705505;50.773429804475896
2025-04-29;0.52;0.52;0.52;0.52;;49.03636485024139;50.57272251867919
2025-04-30;0.32;0.32;0.32;0.32;;45.356443341710445;49.60307856268832
2025-05-01;0.51;0.51;0.51;0.51;;49.25264967282998;49.50020076151776
2025-05-02;0.78;0.78;0.78;0.78;;54.24532484638455;49.8597832263644
2025-05-05;0.52;0.52;0.52;0.52;;49.22323623984957;49.54761322330442
2025-05-06;0.49;0.49;0.49;0.49;;48.66340498637221;49.351836884025296
2025-05-07;0.52;0.52;0.52;0.52;;49.28457676157267;49.39511452751882
2025-05-08;0.21;0.21;0.21;0.21;;43.43588835363885;49.02062871330279
2025-05-09;0.35;0.35;0.35;0.35;;46.52241657648719;48.72720489315765
2025-05-12;0.92;0.92;0.92;0.92;;56.84698543094948;48.837147344124595
2025-05-13;0.7;0.7;0.7;0.7;;52.624027611194606;49.011210912454445
2025-05-14;0.39;0.39;0.39;0.39;;47.29279113532233;48.953418274151645
2025-05-15;0.22;0.22;0.22;0.22;;44.62301594225734;48.53102728756185
2025-05-16;0.28;0.28;0.28;0.28;;45.78627386017373;48.72809997207032
2025-05-19;0.54;0.54;0.54;0.54;;50.62631487426858;48.84166783092941
2025-05-20;0.27;0.27;0.27;0.27;;46.03051876424149;48.88981607539591
2025-05-21;0.52;0.52;0.52;0.52;;50.510331971353395;48.979650525290445
2025-05-22;0.57;0.57;0.57;0.57;;51.3795826210262;48.77495465205056
2025-05-23;0.65;0.65;0.65;0.65;;52.80783530273668;49.030997442256776
2025-05-27;0.38;0.38;0.38;0.38;;47.71351510384744;48.96314816493359
2025-05-28;0.39;0.39;0.39;0.39;;47.913930176925646;48.8652448374588
2025-05-29;0.14;0.14;0.14;0.14;;43.431902995987876;48.86496016905516
2025-05-30;0.38;0.38;0.38;0.38;;48.42015765736347;49.00051310340346
2025-06-02;0.58;0.58;0.58;0.58;;52.20270041758953;48.66877845959204
2025-06-03;0.42;0.42;0.42;0.42;;49.10053648881647;48.41710052227932
2025-06-04;0.39;0.39;0.39;0.39;;48.518347840171145;48.504640286911375
2025-06-05;0.43;0.43;0.43;0.43;;49.38017769070858;48.844437554657894
2025-06-06;0.4;0.4;0.4;0.4;;48.721406167923654;49.05408986235432
2025-06-09;1.36;1.36;1.36;1.36;;64.8715353178293;50.07160560832294
2025-06-10;0.68;0.68;0.68;0.68;;52.3052355039472;50.51979966115906
2025-06-11;0.36;0.36;0.36;0.36;;47.629450235906674;50.31402239434143
2025-06-12;0.38;0.38;0.38;0.38;;47.94267489546538;50.0685289853728
2025-06-13;0.37;0.37;0.37;0.37;;47.78877108831824;49.710024398628626
2025-06-16;0.36;0.36;0.36;0.36;;47.62412976873521;49.70363973183489
2025-06-17;0.31;0.31;0.31;0.31;;46.75674472237859;49.620983627938685
2025-06-18;0.39;0.39;0.39;0.39;;48.37681675467162;49.97419175355895
2025-06-20;0.53;0.53;0.53;0.53;;51.17657601491324;50.17107877909821
2025-06-23;0.86;0.86;0.86;0.86;;57.084808200847796;50.519800763616665
2025-06-24;0.32;0.32;0.32;0.32;;47.05105927333792;50.37340953393963
2025-06-25;0.55;0.55;0.55;0.55;;51.00148887276906;50.550776750553766
2025-06-26;0.54;0.54;0.54;0.54;;50.823942318887696;50.6539027954237
2025-06-27;0.34;0.34;0.34;0.34;;47.27897584667064;50.55087205819135
2025-06-30;0.82;0.82;0.82;0.82;;55.3316420211883;49.86945110843128
2025-07-01;0.52;0.52;0.52;0.52;;50.17348212031308;49.71718300960026
2025-07-02;0.14;0.14;0.14;0.14;;44.512980229340116;49.49457800913122
2025-07-03;0.4;0.4;0.4;0.4;;48.77157336238621;49.55378504248271
2025-07-07;0.58;0.58;0.58;0.58;;51.54427830714781;49.822035558113384
2025-07-08;0.47;0.47;0.47;0.47;;49.77140617444715;49.975412444235666
2025-07-09;0.93;0.93;0.93;0.93;;56.50821216988425;50.671945833343216
2025-07-10;0.43;0.43;0.43;0.43;;48.84028367107614;50.70505061308641
2025-07-11;0.69;0.69;0.69;0.69;;52.453338426969864;50.796247928233306
2025-07-14;0.63;0.63;0.63;0.63;;51.54859418614577;50.4008040700403
2025-07-15;0.75;0.75;0.75;0.75;;53.28412319213828;50.84602292138319
2025-07-16;0.32;0.32;0.32;0.32;;46.81320692513757;50.5468599251238
2025-07-17;0.49;0.49;0.49;0.49;;49.428033826629765;50.447152175676806
2025-07-18;0.55;0.55;0.55;0.55;;50.355708014931885;50.66691875912404
2025-07-21;0.22;0.22;0.22;0.22;;45.420710580536806;49.958995084791795
2025-07-22;0.68;0.68;0.68;0.68;;52.42052386671502;50.11949806667764
2025-07-23;0.63;0.63;0.63;0.63;;51.64519605108663;50.62894205394525
2025-07-24;0.66;0.66;0.66;0.66;;52.1029464589351;50.866897275127315
2025-07-25;0.56;0.56;0.56;0.56;;50.3905602225303;50.78448884051177
2025-07-28;0.54;0.54;0.54;0.54;;50.03636728637756;50.803414634221085
2025-07-29;1.07;1.07;1.07;1.07;;58.38429248195901;50.93742037079785
2025-07-30;0.76;0.76;0.76;0.76;;52.824825905074874;51.22203053036919
2025-07-31;0.33;0.33;0.33;0.33;;46.24660566485521;50.77869247593243
2025-08-01;0.42;0.42;0.42;0.42;;47.71422236188948;50.50480877419984
2025-08-04;0.36;0.36;0.36;0.36;;46.79690978010122;50.041436387625765
2025-08-05;0.63;0.63;0.63;0.63;;51.33127661255236;50.36415565101254
2025-08-06;0.66;0.66;0.66;0.66;;51.82259763546945;50.535195923072514
2025-08-07;0.37;0.37;0.37;0.37;;46.89430052947945;50.28795253125448
2025-08-08;0.43;0.43;0.43;0.43;;47.99622172561261;50.47191761304561
2025-08-11;0.27;0.27;0.27;0.27;;45.29703696343542;49.96309711995421
2025-08-12;0.5;0.5;0.5;0.5;;49.678059425166694;49.82258736095993
2025-08-13;0.34;0.34;0.34;0.34;;46.86615360590598;49.44853072860071
2025-08-14;0.26;0.26;0.26;0.26;;45.48000020896534;49.0977764419175
2025-08-15;0.53;0.53;0.53;0.53;;50.772030984033144;49.15032384889289
2025-08-18;0.7;0.7;0.7;0.7;;53.81197606886353;48.823729819386074
2025-08-19;0.88;0.88;0.88;0.88;;56.85033786302797;49.11126638781129
2025-08-20;0.4;0.4;0.4;0.4;;47.817042140031525;49.223440421752464
2025-08-21;1.25;1.25;1.25;1.25;;59.95238834149425;50.09759513458137
2025-08-22;0.42;0.42;0.42;0.42;;48.171947720094224;50.19581213029516
2025-08-25;0.9;0.9;0.9;0.9;;53.82299146079037;50.37379176231216
2025-08-26;0.78;0.78;0.78;0.78;;52.28805308526319;50.40703858015456
2025-08-27;0.29;0.29;0.29;0.29;;46.46145054279188;50.376120723962586
2025-08-28;0.47;0.47;0.47;0.47;;48.72195561051954;50.4279588585988
2025-08-29;0.34;0.34;0.34;0.34;;47.17283099284503;50.56194414641377
2025-09-02;0.53;0.53;0.53;0.53;;49.690543853598676;50.562835891301766
2025-09-03;0.34;0.34;0.34;0.34;;47.264659583739096;50.59130060400413
2025-09-04;1.28;1.28;1.28;1.28;;58.15017327887027;51.496312966140195
2025-09-05;0.2;0.2;0.2;0.2;;46.31988706405323;51.178302686141635
2025-09-08;0.31;0.31;0.31;0.31;;47.4916142827105;50.72684827284498
2025-09-09;0.55;0.55;0.55;0.55;;50.05328479591886;50.2413444823372
2025-09-10;0.35;0.35;0.35;0.35;;47.953761403446364;50.25111014400968
2025-09-11;0.5;0.5;0.5;0.5;;49.659268773427684;49.51588731771921
2025-09-12;0.64;0.64;0.64;0.64;;51.26447687952008;49.7367822576782
2025-09-15;1.11;1.11;1.11;1.11;;56.30211272162652;49.913862347737926
2025-09-16;0.51;0.51;0.51;0.51;;49.29665289548124;49.70019090561065
2025-09-17;0.59;0.59;0.59;0.59;;50.18663496195352;49.96627550697933
2025-09-18;0.75;0.75;0.75;0.75;;52.00126903071689;50.20051217985058
2025-09-19;0.54;0.54;0.54;0.54;;49.454815467602636;50.363511070904686
2025-09-22;0.33;0.33;0.33;0.33;;46.977418239419016;50.16971638417757
2025-09-23;0.53;0.53;0.53;0.53;;49.56851824095176;50.33427771683562
2025-09-24;0.35;0.35;0.35;0.35;;47.32691526105998;49.5611878584206
2025-09-25;0.49;0.49;0.49;0.49;;49.24927739292864;49.77043002476885
2025-09-26;0.35;0.35;0.35;0.35;;47.38681029400059;49.76294402557528
2025-09-29;0.33;0.33;0.33;0.33;;47.112707505662584;49.55290279055697
2025-09-30;0.92;0.92;0.92;0.92;;55.32280916368426;50.079263344859676
2025-10-01;0.43;0.43;0.43;0.43;;48.57805569071099;50.00203383895134
2025-10-02;0.81;0.81;0.81;0.81;;53.33000510981874;50.149571569686955
2025-10-03;0.29;0.29;0.29;0.29;;46.93780292576184;49.48069229855377
2025-10-06;0.34;0.34;0.34;0.34;;47.58831941213699;49.35866847831489
2025-10-07;0.5;0.5;0.5;0.5;;49.71285833444264;49.32482729063555
2025-10-08;0.37;0.37;0.37;0.37;;48.0100081565038;49.039737228191754
2025-10-09;0.33;0.33;0.33;0.33;;47.471193773447766;48.898049964323555
2025-10-10;0.71;0.71;0.71;0.71;;52.88133571782776;49.31975835563846
2025-10-13;0.35;0.35;0.35;0.35;;47.853003979798295;49.19722162269893
2025-10-14;0.61;0.61;0.61;0.61;;51.44403861275608;49.4913018621058
2025-10-15;0.48;0.48;0.48;0.48;;49.60467498542337;49.51668740442686
2025-10-16;1.04;1.04;1.04;1.04;;56.774406058726704;50.18722995905015
2025-10-17;0.61;0.61;0.61;0.61;;50.79819399362934;50.450478993904916
2025-10-20;0.81;0.81;0.81;0.81;;53.26244861391359;50.30331038320701
2025-10-21;0.88;0.88;0.88;0.88;;54.12841495102191;50.69976461608636
2025-10-22;0.35;0.35;0.35;0.35;;47.02415893363908;50.24934703207352
2025-10-23;0.91;0.91;0.91;0.91;;53.907791113955874;50.747203331230246
2025-10-24;0.42;0.42;0.42;0.42;;48.027214274982825;50.77855296429066
2025-10-27;0.43;0.43;0.43;0.43;;48.15152054072091;50.66702883616768
2025-10-28;0.73;0.73;0.73;0.73;;51.870583728076674;50.94278423413717
2025-10-29;0.94;0.94;0.94;0.94;;54.339578510318795;51.43338314391367
2025-10-30;0.77;0.77;0.77;0.77;;52.013420036258914;51.371389166658766
2025-10-31;0.5;0.5;0.5;0.5;;48.464880064672734;51.41509460129266
2025-11-03;0.6;0.6;0.6;0.6;;49.83008722034226;51.299812358977384
2025-11-04;0.36;0.36;0.36;0.36;;46.636924207494594;51.08783016055391
2025-11-05;0.67;0.67;0.67;0.67;;51.004318304751536;50.67568103526997
2025-11-06;0.85;0.85;0.85;0.85;;53.389705431297976;50.86078899510344
2025-11-07;1.04;1.04;1.04;1.04;;55.83400731246537;51.04447175928571
2025-11-10;1.08;1.08;1.08;1.08;;56.35294948939808;51.20336708345543
2025-11-11;0.33;0.33;0.33;0.33;;45.546723028397224;51.09783594736673
2025-11-12;0.63;0.63;0.63;0.63;;49.701583114739286;50.79739251885126
2025-11-13;0.6;0.6;0.6;0.6;;49.29651016550921;50.88805651103172
2025-11-14;0.76;0.76;0.76;0.76;;51.56384714897354;51.131794125906914
2025-11-17;0.52;0.52;0.52;0.52;;48.090013173688014;50.86175337202201
2025-11-18;0.59;0.59;0.59;0.59;;49.16571509994946;50.49219169985276
2025-11-19;0.75;0.75;0.75;0.75;;51.63287840095755;50.46501015447409
2025-11-20;0.73;0.73;0.73;0.73;;51.297732399911865;50.66735674984831
2025-11-21;0.44;0.44;0.44;0.44;;46.57677772641522;50.434977500282095
2025-11-24;0.79;0.79;0.79;0.79;;52.28430090710457;50.83836155025423
2025-11-25;0.7;0.7;0.7;0.7;;50.78190046399851;50.822474561629015
2025-11-26;0.43;0.43;0.43;0.43;;46.467961860451894;50.32806430656858
2025-11-28;1.45;1.45;1.45;1.45;;60.21726619046831;50.64115422642594
2025-12-01;0.67;0.67;0.67;0.67;;49.70400518775538;50.16622963345146
2025-12-02;0.4;0.4;0.4;0.4;;46.66677278384195;50.246233187411804
2025-12-03;0.94;0.94;0.94;0.94;;52.86976104715297;50.47253161115564
2025-12-04;0.69;0.69;0.69;0.69;;49.97201142147926;50.52078170086778
2025-12-05;0.76;0.76;0.76;0.76;;50.785385473187745;50.46517729545452
2025-12-08;0.68;0.68;0.68;0.68;;49.78909014979131;50.58653993660476
2025-12-09;0.54;0.54;0.54;0.54;;48.013922961526646;50.504269069574555
2025-12-10;0.64;0.64;0.64;0.64;;49.40163141519125;50.34489428487696
2025-12-11;0.57;0.57;0.57;0.57;;48.42712962872398;50.139851229792114
2025-12-12;0.76;0.76;0.76;0.76;;51.238748419657036;50.47284913645224
2025-12-15;0.67;0.67;0.67;0.67;;49.85233041276576;50.29913695828519
2025-12-16;0.54;0.54;0.54;0.54;;47.83878537498264;50.088914451926904
2025-12-17;0.82;0.82;0.82;0.82;;52.306961067879946;50.50598582388606
2025-12-18;0.19;0.19;0.19;0.19;;43.31613757507612;49.29876235135804
2025-12-19;0.29;0.29;0.29;0.29;;44.934094306389;48.95805443126044
2025-12-22;0.45;0.45;0.45;0.45;;47.515425981443386;49.018672516803406
2025-12-23;0.32;0.32;0.32;0.32;;45.64325427270111;48.50249346148541
2025-12-24;0.61;0.61;0.61;0.61;;50.34355855096864;48.52903254216322
2025-12-26;0.24;0.24;0.24;0.24;;44.99732825437835;48.11559988367684
2025-12-29;0.29;0.29;0.29;0.29;;45.83443338997901;47.83312440083311
2025-12-30;0.37;0.37;0.37;0.37;;47.21857957509762;47.77631415894531
2025-12-31;0.38;0.38;0.38;0.38;;47.399523100501284;47.63330642218175
2026-01-02;0.47;0.47;0.47;0.47;;49.091066579396944;47.68073049008695
2026-01-05;0.44;0.44;0.44;0.44;;48.53082595811981;47.48730745712002
2026-01-06;0.51;0.51;0.51;0.51;;49.9656603186124;47.49540245039477
2026-01-07;0.36;0.36;0.36;0.36;;46.94552323663134;47.431598011941105
2026-01-08;0.58;0.58;0.58;0.58;;51.5692515794457;47.37890447705295
2026-01-09;0.49;0.49;0.49;0.49;;49.662460891162326;47.83221328534482
2026-01-12;0.91;0.91;0.91;0.91;;57.5506100079907;48.73339297831637
2026-01-13;0.39;0.39;0.39;0.39;;47.60418518644417;48.73973292153071
2026-01-14;0.4;0.4;0.4;0.4;;47.79105679131418;48.89314738714593
2026-01-15;0.53;0.53;0.53;0.53;;50.27395367153795;48.88817561004374
2026-01-16;0.28;0.28;0.28;0.28;;45.766390877704005;48.94310865456699
2026-01-20;0.44;0.44;0.44;0.44;;48.92278079365085;49.16370489768642
2026-01-21;0.41;0.41;0.41;0.41;;48.354523260377;49.24484373234923
2026-01-22;0.38;0.38;0.38;0.38;;47.75713454904394;49.27038740724514
2026-01-23;0.33;0.33;0.33;0.33;;46.72111829738492;49.10110538710142
2026-01-26;0.53;0.53;0.53;0.53;;51.27445424475148;49.29707883614653
2026-01-27;0.28;0.28;0.28;0.28;;45.984184916444455;49.01268773599168
2026-01-28;0.25;0.25;0.25;0.25;;45.37912445007566;48.90080210838057
2026-01-29;0.4;0.4;0.4;0.4;;48.99301212902611;48.71678500477917
2026-01-30;0.32;0.32;0.32;0.32;;47.19937075566357;48.540849995100686
2026-02-02;0.24;0.24;0.24;0.24;;45.40905902267223;47.673596353292226
2026-02-03;0.51;0.51;0.51;0.51;;52.02331697754221;47.98924862408494
2026-02-04;0.61;0.61;0.61;0.61;;54.23496137962593;48.44952752325006
2026-02-05;0.69;0.69;0.69;0.69;;55.98311292170367;48.85732461254762
2026-02-06;0.74;0.74;0.74;0.74;;57.08644052560989;49.66589958739803
2026-02-09;0.67;0.67;0.67;0.67;;55.007602768422984;50.10052972845319
2026-02-10;0.56;0.56;0.56;0.56;;51.81446277163365;50.34766826497152
2026-02-11;0.29;0.29;0.29;0.29;;44.92150935704986;50.14512360840052
2026-02-12;0.67;0.67;0.67;0.67;;54.163584711132366;50.676728352239614
2026-02-13;0.44;0.44;0.44;0.44;;48.823531472691016;50.501662439949584
2026-02-17;0.36;0.36;0.36;0.36;;47.084671670149255;50.58026863664279
2026-02-18;0.25;0.25;0.25;0.25;;44.72592091767351;50.5336112414712
2026-02-19;0.35;0.35;0.35;0.35;;47.31009586588493;50.41340293696112
2026-02-20;0.4;0.4;0.4;0.4;;48.603948573870134;50.51372992397587
2026-02-23;0.44;0.44;0.44;0.44;;49.66875286532203;50.81799376987943
2026-02-24;0.38;0.38;0.38;0.38;;48.06032107561844;50.53492263402773
2026-02-25;0.29;0.29;0.29;0.29;;45.671202099399544;49.92322554258299
2026-02-26;0.28;0.28;0.28;0.28;;45.40114222392682;49.16737049274178
2026-02-27;0.43;0.43;0.43;0.43;;50.161689418537385;48.67274541366517