time;US_2Y;US_10Y;spread_10Y_minus_2Y
2020-05-12;110.132;139.084;28.951999999999998
2020-05-13;110.136;139.208;29.072000000000003
2020-05-14;110.168;139.395;29.227000000000004
2020-05-15;110.173;139.304;29.131
2020-05-18;110.117;138.704;28.587000000000003
2020-05-19;110.151;139.047;28.896
2020-05-20;110.159;139.046;28.886999999999986
2020-05-21;110.16;139.077;28.917
2020-05-22;110.166;139.201;29.034999999999997
2020-05-25;110.181;139.214;29.033
2020-05-26;110.164;138.995;28.831000000000003
2020-05-27;110.159;139.072;28.912999999999997
2020-05-28;110.155;139.035;28.879999999999995
2020-05-29;110.184;139.334;29.150000000000006
2020-06-01;110.185;139.29;29.10499999999999
2020-06-02;110.168;139.115;28.947000000000003
2020-06-03;110.107;138.585;28.47800000000001
2020-06-04;110.097;138.03;27.933000000000007
2020-06-05;110.06;137.448;27.388000000000005
2020-06-08;110.034;137.612;27.57799999999999
2020-06-09;110.091;138.017;27.926000000000002
2020-06-10;110.169;138.922;28.753
2020-06-11;110.118;139.123;29.004999999999995
2020-06-12;110.135;138.948;28.813000000000002
2020-06-15;110.144;138.815;28.670999999999992
2020-06-16;110.127;138.718;28.590999999999994
2020-06-17;110.132;138.778;28.645999999999987
2020-06-18;110.138;138.948;28.810000000000002
2020-06-19;110.152;139.019;28.867000000000004
2020-06-22;110.153;138.906;28.753
2020-06-23;110.159;138.919;28.760000000000005
2020-06-24;110.165;139.119;28.953999999999994
2020-06-25;110.17;139.074;28.90400000000001
2020-06-26;110.215;139.396;29.180999999999983
2020-06-29;110.248;139.591;29.343000000000004
2020-06-30;110.246;139.37;29.12400000000001
2020-07-01;110.22;139.195;28.974999999999994
2020-07-02;110.243;139.395;29.152000000000015
2020-07-03;110.247;139.393;29.146
2020-07-06;110.233;139.228;28.995000000000005
2020-07-07;110.241;139.46;29.21900000000001
2020-07-08;110.241;139.27;29.02900000000001
2020-07-09;110.258;139.58;29.322000000000017
2020-07-10;110.254;139.327;29.072999999999993
2020-07-13;110.257;139.538;29.281000000000006
2020-07-14;110.251;139.52;29.269000000000005
2020-07-15;110.261;139.486;29.224999999999994
2020-07-16;110.279;139.608;29.329000000000008
2020-07-17;110.28;139.543;29.263000000000005
2020-07-20;110.286;139.598;29.312000000000012
2020-07-21;110.299;139.705;29.406000000000006
2020-07-22;110.286;139.671;29.38499999999999
2020-07-23;110.283;139.777;29.493999999999986
2020-07-24;110.293;139.728;29.435000000000002
2020-07-27;110.291;139.563;29.27199999999999
2020-07-28;110.312;139.842;29.530000000000015
2020-07-29;110.329;139.918;29.589000000000013
2020-07-30;110.355;140.118;29.76299999999999
2020-07-31;110.384;140.272;29.88799999999999
2020-08-03;110.374;140.123;29.748999999999995
2020-08-04;110.383;140.48;30.096999999999994
2020-08-05;110.365;140.165;29.799999999999997
2020-08-06;110.371;140.256;29.885000000000005
2020-08-07;110.346;140.066;29.72
2020-08-10;110.347;139.964;29.617000000000004
2020-08-11;110.306;139.492;29.185999999999993
2020-08-12;110.285;139.223;28.938000000000017
2020-08-13;110.282;139.017;28.735
2020-08-14;110.319;139.234;28.915000000000006
2020-08-17;110.313;139.382;29.069000000000003
2020-08-18;110.33;139.489;29.159000000000006
2020-08-19;110.332;139.408;29.075999999999993
2020-08-20;110.334;139.593;29.258999999999986
2020-08-21;110.34;139.731;29.39099999999999
2020-08-24;110.326;139.535;29.209000000000003
2020-08-25;110.331;139.361;29.029999999999987
2020-08-26;110.329;139.389;29.060000000000016
2020-08-27;110.308;138.98;28.671999999999983
2020-08-28;110.403;139.354;28.951000000000008
2020-08-31;110.397;139.411;29.013999999999996
2020-09-01;110.394;139.643;29.248999999999995
2020-09-02;110.39;139.767;29.376999999999995
2020-09-03;110.399;139.874;29.474999999999994
2020-09-04;110.368;139.262;28.894000000000005
2020-09-07;110.382;139.304;28.921999999999997
2020-09-08;110.378;139.614;29.236000000000004
2020-09-09;110.367;139.472;29.105000000000004
2020-09-10;110.383;139.626;29.24300000000001
2020-09-11;110.408;139.796;29.38799999999999
2020-09-14;110.39;139.712;29.32199999999999
2020-09-15;110.383;139.664;29.28099999999999
2020-09-16;110.383;139.537;29.15400000000001
2020-09-17;110.392;139.581;29.188999999999993
2020-09-18;110.384;139.533;29.148999999999987
2020-09-21;110.394;139.746;29.352000000000004
2020-09-22;110.402;139.728;29.326000000000008
2020-09-23;110.391;139.68;29.289
2020-09-24;110.404;139.709;29.305000000000007
2020-09-25;110.412;139.801;29.38899999999998
2020-09-28;110.422;139.842;29.420000000000016
2020-09-29;110.422;139.871;29.449000000000012
2020-09-30;110.415;139.651;29.236000000000004
2020-10-01;110.416;139.696;29.28
2020-10-02;110.405;139.537;29.132000000000005
2020-10-05;110.371;138.906;28.53500000000001
2020-10-06;110.372;139.248;28.87599999999999
2020-10-07;110.361;138.839;28.477999999999994
2020-10-08;110.365;138.916;28.551000000000002
2020-10-09;110.354;138.929;28.575000000000003
2020-10-12;110.364;139.049;28.685000000000002
2020-10-13;110.392;139.329;28.937000000000012
2020-10-14;110.388;139.327;28.938999999999993
2020-10-15;110.393;139.231;28.837999999999994
2020-10-16;110.382;139.166;28.783999999999992
2020-10-19;110.376;138.957;28.58099999999999
2020-10-20;110.384;138.893;28.509
2020-10-21;110.377;138.61;28.23300000000002
2020-10-22;110.366;138.389;28.02300000000001
2020-10-23;110.363;138.418;28.055000000000007
2020-10-26;110.376;138.725;28.34899999999999
2020-10-27;110.381;138.989;28.608000000000004
2020-10-28;110.385;138.925;28.540000000000006
2020-10-29;110.382;138.563;28.180999999999983
2020-10-30;110.379;138.233;27.854
2020-11-02;110.373;138.399;28.025999999999996
2020-11-03;110.346;138.084;27.738
2020-11-04;110.389;139.036;28.647000000000006
2020-11-05;110.386;139.034;28.647999999999996
2020-11-06;110.371;138.657;28.286000000000016
2020-11-09;110.338;137.886;27.548000000000002
2020-11-10;110.319;137.555;27.236000000000004
2020-11-11;110.312;137.663;27.351000000000013
2020-11-12;110.328;138.271;27.942999999999984
2020-11-13;110.321;138.128;27.806999999999988
2020-11-16;110.326;138.091;27.765000000000015
2020-11-17;110.343;138.418;28.075000000000003
2020-11-18;110.339;138.306;27.967000000000013
2020-11-19;110.359;138.57;28.211
2020-11-20;110.368;138.584;28.216000000000008
2020-11-23;110.366;138.391;28.02499999999999
2020-11-24;110.37;138.31;27.939999999999998
2020-11-25;110.379;138.293;27.914
2020-11-26;110.4;138.509;28.10899999999998
2020-11-27;110.408;138.615;28.207000000000008
2020-11-30;110.424;138.603;28.179000000000002
2020-12-01;110.373;137.941;27.567999999999998
2020-12-02;110.385;137.922;27.536999999999992
2020-12-03;110.4;138.169;27.769000000000005
2020-12-04;110.4;137.789;27.38899999999998
2020-12-07;110.42;138.154;27.733999999999995
2020-12-08;110.404;138.15;27.74600000000001
2020-12-09;110.404;138.021;27.61699999999999
2020-12-10;110.432;138.236;27.803999999999988
2020-12-11;110.471;138.421;27.94999999999999
2020-12-14;110.475;138.44;27.965000000000003
2020-12-15;110.475;138.311;27.836000000000013
2020-12-16;110.471;138.276;27.805000000000007
2020-12-17;110.463;138.163;27.700000000000017
2020-12-18;110.467;138.096;27.629000000000005
2020-12-21;110.471;138.148;27.676999999999992
2020-12-22;110.482;138.316;27.834000000000003
2020-12-23;110.475;138.14;27.664999999999992
2020-12-24;110.482;138.247;27.765000000000015
2020-12-28;110.479;138.278;27.798999999999992
2020-12-29;110.479;138.196;27.717
2020-12-30;110.479;138.27;27.79100000000001
2020-12-31;110.482;138.329;27.84700000000001
2021-01-04;110.49;138.439;27.948999999999998
2021-01-05;110.475;138.107;27.632000000000005
2021-01-06;110.439;137.524;27.085000000000008
2021-01-07;110.439;137.16;26.721000000000004
2021-01-08;110.447;136.874;26.426999999999992
2021-01-11;110.424;136.565;26.14099999999999
2021-01-12;110.424;136.671;26.246999999999986
2021-01-13;110.428;137.059;26.631
2021-01-14;110.436;136.789;26.35299999999998
2021-01-15;110.451;137.177;26.726
2021-01-18;110.447;137.119;26.671999999999997
2021-01-19;110.455;137.177;26.721999999999994
2021-01-20;110.463;137.252;26.789000000000016
2021-01-21;110.471;137.107;26.635999999999996
2021-01-22;110.479;137.26;26.78099999999999
2021-01-25;110.482;137.64;27.157999999999987
2021-01-26;110.481;137.589;27.108000000000004
2021-01-27;110.486;137.695;27.20899999999999
2021-01-28;110.482;137.472;26.99000000000001
2021-01-29;110.502;137.406;26.90400000000001
2021-02-01;110.498;137.347;26.849000000000004
2021-02-02;110.49;137.172;26.682000000000002
2021-02-03;110.482;136.917;26.435000000000002
2021-02-04;110.486;136.961;26.47500000000001
2021-02-05;110.506;136.879;26.37299999999999
2021-02-08;110.49;136.774;26.284000000000006
2021-02-09;110.482;136.848;26.366000000000014
2021-02-10;110.498;137.126;26.628
2021-02-11;110.494;136.966;26.47200000000001
2021-02-12;110.494;136.634;26.139999999999986
2021-02-15;110.486;136.341;25.855000000000004
2021-02-16;110.475;135.774;25.299000000000007
2021-02-17;110.506;136.052;25.545999999999992
2021-02-18;110.506;135.923;25.417
2021-02-19;110.506;135.606;25.099999999999994
2021-02-22;110.494;135.423;24.929000000000002
2021-02-23;110.494;135.654;25.159999999999997
2021-02-24;110.497;135.371;24.87400000000001
2021-02-25;110.374;133.674;23.30000000000001
2021-02-26;110.467;134.325;23.85799999999999
2021-03-01;110.48;134.562;24.082000000000008
2021-03-02;110.48;134.836;24.35600000000001
2021-03-03;110.44;134.062;23.622000000000014
2021-03-04;110.432;133.397;22.96499999999999
2021-03-05;110.444;133.324;22.88000000000001
2021-03-08;110.38;132.931;22.551000000000016
2021-03-09;110.392;133.456;23.063999999999993
2021-03-10;110.399;133.572;23.173000000000002
2021-03-11;110.434;133.53;23.096000000000004
2021-03-12;110.414;132.859;22.445000000000007
2021-03-15;110.403;132.939;22.535999999999987
2021-03-16;110.409;132.897;22.487999999999985
2021-03-17;110.444;132.918;22.474000000000004
2021-03-18;110.393;132.326;21.932999999999993
2021-03-19;110.4;132.174;21.774
2021-03-22;110.407;132.38;21.973
2021-03-23;110.42;132.936;22.516000000000005
2021-03-24;110.424;133.036;22.611999999999995
2021-03-25;110.441;132.852;22.411
2021-03-26;110.433;132.512;22.078999999999994
2021-03-29;110.425;132.23;21.804999999999993
2021-03-30;110.416;132.141;21.724999999999994
2021-03-31;110.389;131.785;21.396
2021-04-01;110.385;132.278;21.892999999999986
2021-04-02;110.33;131.799;21.46900000000001
2021-04-05;110.368;132.033;21.664999999999992
2021-04-06;110.387;132.447;22.060000000000002
2021-04-07;110.402;132.406;22.004000000000005
2021-04-08;110.406;132.804;22.397999999999996
2021-04-09;110.402;132.511;22.108999999999995
2021-04-12;110.373;132.402;22.028999999999982
2021-04-13;110.393;132.816;22.423000000000002
2021-04-14;110.385;132.633;22.248000000000005
2021-04-15;110.392;133.078;22.686000000000007
2021-04-16;110.384;132.958;22.573999999999998
2021-04-19;110.395;132.834;22.439000000000007
2021-04-20;110.414;133.2;22.785999999999987
2021-04-21;110.418;133.174;22.756
2021-04-22;110.417;133.258;22.841000000000008
2021-04-23;110.401;133.044;22.643000000000015
2021-04-26;110.381;132.935;22.554000000000002
2021-04-27;110.369;132.58;22.211000000000013
2021-04-28;110.396;132.726;22.33
2021-04-29;110.396;132.512;22.116
2021-04-30;110.403;132.643;22.239999999999995
2021-05-03;110.398;132.848;22.450000000000017
2021-05-04;110.406;132.901;22.495000000000005
2021-05-05;110.417;133.126;22.709000000000003
2021-05-06;110.409;133.053;22.64399999999999
2021-05-07;110.432;133.168;22.736000000000004
2021-05-10;110.42;133.028;22.60799999999999
2021-05-11;110.408;132.861;22.45299999999999
2021-05-12;110.392;132.317;21.92500000000001
2021-05-13;110.411;132.621;22.210000000000008
2021-05-14;110.422;132.822;22.400000000000006
2021-05-17;110.41;132.611;22.200999999999993
2021-05-18;110.421;132.758;22.337000000000003
2021-05-19;110.405;132.419;22.01400000000001
2021-05-20;110.428;132.832;22.403999999999996
2021-05-21;110.416;132.806;22.390000000000015
2021-05-24;110.427;132.916;22.48899999999999
2021-05-25;110.443;133.25;22.807000000000002
2021-05-26;110.434;133.147;22.712999999999994
2021-05-27;110.434;132.901;22.467000000000013
2021-05-28;110.441;132.954;22.513000000000005
2021-05-31;110.439;132.942;22.503000000000014
2021-06-01;110.431;132.915;22.483999999999995
2021-06-02;110.43;133.047;22.61699999999999
2021-06-03;110.398;132.675;22.277000000000015
2021-06-04;110.421;133.279;22.85799999999999
2021-06-07;110.399;133.139;22.74000000000001
2021-06-08;110.407;133.413;23.006000000000014
2021-06-09;110.41;133.749;23.339
2021-06-10;110.421;134.133;23.712000000000003
2021-06-11;110.417;133.903;23.48599999999999
2021-06-14;110.391;133.511;23.11999999999999
2021-06-15;110.383;133.517;23.134
2021-06-16;110.289;132.594;22.304999999999993
2021-06-17;110.272;132.954;22.682000000000002
2021-06-18;110.186;133.33;23.144000000000005
2021-06-21;110.176;133.049;22.873000000000005
2021-06-22;110.23;133.275;23.045
2021-06-23;110.19;133.029;22.839
2021-06-24;110.178;132.972;22.79400000000001
2021-06-25;110.178;132.805;22.62700000000001
2021-06-28;110.203;133.074;22.87100000000001
2021-06-29;110.206;133.096;22.89
2021-06-30;110.214;133.133;22.91900000000001
2021-07-01;110.201;133.17;22.968999999999994
2021-07-02;110.244;133.569;23.32499999999999
2021-07-05;110.25;133.447;23.197000000000003
2021-07-06;110.28;134.111;23.83099999999999
2021-07-07;110.291;134.305;24.01400000000001
2021-07-08;110.33;134.563;24.23299999999999
2021-07-09;110.294;134.129;23.834999999999994
2021-07-12;110.265;134.099;23.83399999999999
2021-07-13;110.208;133.681;23.473000000000013
2021-07-14;110.264;134.189;23.924999999999997
2021-07-15;110.267;134.446;24.179000000000002
2021-07-16;110.27;134.499;24.229
2021-07-19;110.288;135.207;24.918999999999997
2021-07-20;110.323;135.165;24.842
2021-07-21;110.303;134.653;24.349999999999994
2021-07-22;110.314;134.737;24.423000000000002
2021-07-23;110.317;134.775;24.458000000000013
2021-07-26;110.323;134.666;24.343000000000004
2021-07-27;110.334;134.954;24.620000000000005
2021-07-28;110.341;135.023;24.682000000000002
2021-07-29;110.329;134.73;24.400999999999996
2021-07-30;110.375;135.097;24.72200000000001
2021-08-02;110.393;135.443;25.05000000000001
2021-08-03;110.396;135.496;25.10000000000001
2021-08-04;110.368;135.282;24.914000000000016
2021-08-05;110.333;134.896;24.562999999999988
2021-08-06;110.308;134.4;24.092
2021-08-09;110.283;134.135;23.85199999999999
2021-08-10;110.247;133.921;23.673999999999992
2021-08-11;110.282;134.021;23.73899999999999
2021-08-12;110.27;133.917;23.647000000000006
2021-08-13;110.296;134.471;24.174999999999997
2021-08-16;110.295;134.583;24.287999999999997
2021-08-17;110.286;134.573;24.287000000000006
2021-08-18;110.29;134.578;24.287999999999997
2021-08-19;110.285;134.615;24.330000000000013
2021-08-20;110.277;134.48;24.20299999999999
2021-08-23;110.279;134.513;24.23400000000001
2021-08-24;110.274;134.206;23.931999999999988
2021-08-25;110.278;133.883;23.605000000000004
2021-08-26;110.271;133.763;23.492000000000004
2021-08-27;110.329;134.169;23.840000000000018
2021-08-30;110.355;134.398;24.042999999999992
2021-08-31;110.342;134.218;23.87599999999999
2021-09-01;110.341;134.305;23.964000000000013
2021-09-02;110.347;134.392;24.045
2021-09-03;110.35;134.18;23.830000000000013
2021-09-06;110.357;134.034;23.676999999999992
2021-09-07;110.316;133.742;23.425999999999988
2021-09-08;110.318;133.971;23.653000000000006
2021-09-09;110.325;134.231;23.90599999999999
2021-09-10;110.323;133.893;23.570000000000007
2021-09-13;110.323;133.997;23.67400000000002
2021-09-14;110.329;134.257;23.92800000000001
2021-09-15;110.323;134.124;23.801000000000002
2021-09-16;110.298;133.739;23.441000000000003
2021-09-17;110.285;133.496;23.211000000000013
2021-09-20;110.3;133.899;23.599000000000004
2021-09-21;110.306;133.844;23.537999999999997
2021-09-22;110.25;133.837;23.58699999999999
2021-09-23;110.194;132.84;22.646
2021-09-24;110.169;132.723;22.554000000000016
2021-09-27;110.137;132.34;22.203000000000003
2021-09-28;110.136;132.066;21.930000000000007
2021-09-29;110.161;132.232;22.070999999999998
2021-09-30;110.191;132.507;22.316000000000003
2021-10-01;110.217;132.782;22.565000000000012
2021-10-04;110.185;132.635;22.44999999999999
2021-10-05;110.172;132.298;22.126000000000005
2021-10-06;110.147;132.275;22.128
2021-10-07;110.114;131.891;21.776999999999987
2021-10-08;110.089;131.57;21.480999999999995
2021-10-11;110.007;131.345;21.337999999999994
2021-10-12;110.017;131.636;21.619
2021-10-13;109.964;131.832;21.867999999999995
2021-10-14;109.959;132.029;22.069999999999993
2021-10-15;109.879;131.426;21.546999999999983
2021-10-18;109.804;131.091;21.287000000000006
2021-10-19;109.854;130.974;21.11999999999999
2021-10-20;109.852;130.888;21.036
2021-10-21;109.726;130.411;20.685000000000002
2021-10-22;109.746;130.921;21.174999999999997
2021-10-25;109.794;130.993;21.198999999999998
2021-10-26;109.781;131.064;21.282999999999987
2021-10-27;109.717;131.418;21.701000000000008
2021-10-28;109.746;131.066;21.320000000000007
2021-10-29;109.71;131.09;21.38000000000001
2021-11-01;109.715;131.131;21.415999999999997
2021-11-02;109.813;131.312;21.49900000000001
2021-11-03;109.772;130.944;21.171999999999983
2021-11-04;109.865;131.595;21.730000000000004
2021-11-05;109.91;132.136;22.226
2021-11-08;109.829;131.644;21.815000000000012
2021-11-09;109.873;132.06;22.186999999999998
2021-11-10;109.68;131.019;21.339
2021-11-11;109.622;130.652;21.029999999999987
2021-11-12;109.677;130.942;21.265
2021-11-15;109.661;130.576;20.914999999999992
2021-11-16;109.655;130.413;20.75800000000001
2021-11-17;109.704;130.765;21.060999999999993
2021-11-18;109.713;130.821;21.108000000000004
2021-11-19;109.711;130.97;21.259
2021-11-22;109.572;130.166;20.593999999999994
2021-11-23;109.602;129.971;20.369
2021-11-24;109.53;130.043;20.513000000000005
2021-11-25;109.521;130.052;20.53099999999999
2021-11-26;109.742;131.375;21.632999999999996
2021-11-29;109.825;131.454;21.629000000000005
2021-11-30;109.649;131.666;22.016999999999996
2021-12-01;109.666;132.004;22.337999999999994
2021-12-02;109.526;131.523;21.997
2021-12-03;109.597;132.27;22.673000000000016
2021-12-06;109.498;131.569;22.070999999999984
2021-12-07;109.373;131.199;21.826000000000008
2021-12-08;109.382;130.97;21.587999999999994
2021-12-09;109.356;131.119;21.763000000000005
2021-12-10;109.439;131.253;21.813999999999993
2021-12-13;109.485;131.684;22.198999999999998
2021-12-14;109.427;131.424;21.997
2021-12-15;109.404;131.353;21.949000000000012
2021-12-16;109.515;131.942;22.427000000000007
2021-12-17;109.473;131.934;22.461
2021-12-20;109.487;131.877;22.390000000000015
2021-12-21;109.42;131.492;22.07199999999999
2021-12-22;109.415;131.499;22.08399999999999
2021-12-23;109.369;131.24;21.87100000000001
2021-12-27;109.329;131.301;21.971999999999994
2021-12-28;109.322;131.308;21.98599999999999
2021-12-29;109.315;130.86;21.545000000000016
2021-12-30;109.352;131.119;21.766999999999996
2021-12-31;109.333;131.001;21.668000000000006
2022-01-03;109.269;130.112;20.84299999999999
2022-01-04;109.286;130.01;20.72399999999999
2022-01-05;109.134;129.484;20.35000000000001
2022-01-06;109.053;129.224;20.170999999999992
2022-01-07;109.059;128.965;19.906000000000006
2022-01-10;108.986;128.862;19.87599999999999
2022-01-11;109.016;129.011;19.99499999999999
2022-01-12;108.939;128.94;20.001000000000005
2022-01-13;108.993;129.309;20.316000000000003
2022-01-14;108.849;128.61;19.76100000000001
2022-01-17;108.746;128.305;19.55900000000001
2022-01-18;108.688;127.793;19.105000000000004
2022-01-19;108.665;127.864;19.198999999999998
2022-01-20;108.729;128.405;19.676000000000002
2022-01-21;108.785;128.71;19.92500000000001
2022-01-24;108.846;128.655;19.808999999999997
2022-01-25;108.82;128.662;19.842000000000013
2022-01-26;108.535;127.745;19.210000000000008
2022-01-27;108.462;128.129;19.666999999999987
2022-01-28;108.513;128.434;19.920999999999992
2022-01-31;108.473;128.425;19.952000000000012
2022-02-01;108.498;128.308;19.809999999999988
2022-02-02;108.522;128.425;19.903000000000006
2022-02-03;108.433;127.947;19.513999999999996
2022-02-04;108.213;127.265;19.052000000000007
2022-02-07;108.253;127.225;18.971999999999994
2022-02-08;108.152;126.826;18.673999999999992
2022-02-09;108.12;126.959;18.839
2022-02-10;107.689;126.058;18.369000000000014
2022-02-11;107.84;126.755;18.914999999999992
2022-02-14;107.685;126.308;18.623000000000005
2022-02-15;107.678;125.971;18.293000000000006
2022-02-16;107.786;126.073;18.286999999999992
2022-02-17;107.879;126.707;18.82799999999999
2022-02-18;107.911;126.918;19.007000000000005
2022-02-21;107.954;127.106;19.152
2022-02-22;107.739;126.729;18.989999999999995
2022-02-23;107.693;126.393;18.700000000000003
2022-02-24;107.727;126.666;18.938999999999993
2022-02-25;107.726;126.632;18.906000000000006
2022-02-28;108.035;127.784;19.74900000000001
2022-03-01;108.222;128.83;20.60800000000002
2022-03-02;107.883;127.528;19.64500000000001
2022-03-03;107.834;127.823;19.98899999999999
2022-03-04;107.968;128.713;20.74499999999999
2022-03-07;107.802;128.252;20.450000000000003
2022-03-08;107.701;127.592;19.891000000000005
2022-03-09;107.532;126.791;19.259
2022-03-10;107.474;126.366;18.891999999999996
2022-03-11;107.369;126.285;18.915999999999997
2022-03-14;107.119;125.073;17.953999999999994
2022-03-15;107.123;125.008;17.88499999999999
2022-03-16;106.926;124.504;17.578000000000003
2022-03-17;106.964;124.69;17.726
2022-03-18;106.919;124.813;17.894000000000005
2022-03-21;106.542;123.522;16.980000000000004
2022-03-22;106.44;122.846;16.406000000000006
2022-03-23;106.57;123.517;16.947000000000003
2022-03-24;106.457;122.873;16.41600000000001
2022-03-25;106.24;121.916;15.676000000000002
2022-03-28;106.102;121.956;15.854
2022-03-29;106.108;122.47;16.361999999999995
2022-03-30;106.236;122.875;16.638999999999996
2022-03-31;106.174;122.841;16.666999999999987
2022-04-01;105.927;122.338;16.410999999999987
2022-04-04;105.995;122.315;16.319999999999993
2022-04-05;105.8;121.108;15.308000000000007
2022-04-06;105.902;120.949;15.046999999999997
2022-04-07;105.922;120.603;14.680999999999997
2022-04-08;105.811;120.303;14.49199999999999
2022-04-11;105.857;119.874;14.016999999999996
2022-04-12;106.065;120.575;14.510000000000005
2022-04-13;106.185;120.886;14.700999999999993
2022-04-14;105.984;120.039;14.055000000000007
2022-04-18;105.994;119.795;13.801000000000002
2022-04-19;105.722;119.042;13.320000000000007
2022-04-20;105.759;119.634;13.875
2022-04-21;105.556;118.865;13.308999999999997
2022-04-22;105.61;119.129;13.519000000000005
2022-04-25;105.695;119.732;14.037000000000006
2022-04-26;105.962;120.621;14.658999999999992
2022-04-27;105.821;119.806;13.985
2022-04-28;105.773;119.772;13.99900000000001
2022-04-29;105.576;118.909;13.333000000000013
2022-05-02;105.552;118.527;12.974999999999994
2022-05-03;105.464;118.494;13.030000000000001
2022-05-04;105.725;119.07;13.344999999999999
2022-05-05;105.588;118.348;12.760000000000005
2022-05-06;105.559;117.736;12.177000000000007
2022-05-09;105.83;118.558;12.728000000000009
2022-05-10;105.8;118.884;13.084000000000003
2022-05-11;105.743;119.257;13.51400000000001
2022-05-12;105.902;119.787;13.885000000000005
2022-05-13;105.877;119.378;13.501000000000005
2022-05-16;105.892;119.699;13.807000000000002
2022-05-17;105.658;118.79;13.132000000000005
2022-05-18;105.733;119.492;13.759
2022-05-19;105.843;119.864;14.021
2022-05-20;105.904;120.222;14.317999999999998
2022-05-23;105.829;119.683;13.854000000000013
2022-05-24;106.099;120.51;14.411000000000001
2022-05-25;106.146;120.664;14.518
2022-05-26;106.183;120.74;14.556999999999988
2022-05-27;106.161;120.673;14.512
2022-05-30;105.973;120.09;14.117000000000004
2022-05-31;106.027;119.858;13.831000000000003
2022-06-01;105.839;119.226;13.387
2022-06-02;105.858;119.285;13.426999999999992
2022-06-03;105.827;119.109;13.281999999999996
2022-06-06;105.665;118.344;12.678999999999988
2022-06-07;105.657;118.779;13.122
2022-06-08;105.551;118.462;12.911000000000001
2022-06-09;105.453;118.286;12.832999999999998
2022-06-10;104.935;117.184;12.248999999999995
2022-06-13;104.35;115.668;11.318000000000012
2022-06-14;104.254;114.802;10.548000000000002
2022-06-15;104.735;116.248;11.513000000000005
2022-06-16;104.856;116.895;12.039000000000001
2022-06-17;104.725;116.577;11.852000000000004
2022-06-20;104.592;116.292;11.700000000000003
2022-06-21;104.722;116.311;11.589000000000013
2022-06-22;105.044;117.263;12.219000000000008
2022-06-23;105.148;117.902;12.754000000000005
2022-06-24;105.095;117.601;12.506
2022-06-27;105.0;117.072;12.072000000000003
2022-06-28;104.996;117.256;12.260000000000005
2022-06-29;105.121;117.879;12.75800000000001
2022-06-30;105.309;118.58;13.271
2022-07-01;105.598;119.79;14.192000000000007
2022-07-04;105.457;119.489;14.03200000000001
2022-07-05;105.603;120.221;14.61800000000001
2022-07-06;105.258;119.152;13.894000000000005
2022-07-07;105.222;118.647;13.425000000000011
2022-07-08;105.03;118.032;13.001999999999995
2022-07-11;105.12;118.6;13.47999999999999
2022-07-12;105.175;118.878;13.703000000000003
2022-07-13;104.987;119.031;14.044000000000011
2022-07-14;105.006;118.729;13.722999999999999
2022-07-15;105.045;118.991;13.945999999999998
2022-07-18;104.945;118.479;13.534000000000006
2022-07-19;104.81;118.177;13.367000000000004
2022-07-20;104.841;118.079;13.238
2022-07-21;105.127;119.359;14.232
2022-07-22;105.366;120.342;14.975999999999999
2022-07-25;105.275;120.033;14.757999999999996
2022-07-26;105.209;119.903;14.694000000000003
2022-07-27;105.299;120.244;14.944999999999993
2022-07-28;105.557;121.21;15.652999999999992
2022-07-29;105.506;121.379;15.873000000000005
2022-08-01;105.513;121.82;16.306999999999988
2022-08-02;105.184;120.314;15.129999999999995
2022-08-03;105.145;120.592;15.447000000000003
2022-08-04;105.188;120.791;15.602999999999994
2022-08-05;104.839;119.661;14.822000000000003
2022-08-08;104.882;120.056;15.173999999999992
2022-08-09;104.78;119.77;14.989999999999995
2022-08-10;104.894;119.907;15.012999999999991
2022-08-11;104.874;119.261;14.387
2022-08-12;104.829;119.555;14.726000000000013
2022-08-15;104.94;119.887;14.947000000000003
2022-08-16;104.787;119.602;14.814999999999998
2022-08-17;104.709;118.847;14.137999999999991
2022-08-18;104.854;118.968;14.114000000000004
2022-08-19;104.818;118.354;13.536000000000001
2022-08-22;104.677;117.96;13.282999999999987
2022-08-23;104.716;117.8;13.084000000000003
2022-08-24;104.607;117.334;12.727000000000004
2022-08-25;104.591;117.877;13.286000000000001
2022-08-26;104.516;117.608;13.091999999999999
2022-08-29;104.443;117.169;12.725999999999999
2022-08-30;104.394;117.138;12.744
2022-08-31;104.279;116.434;12.155000000000001
2022-09-01;104.258;116.066;11.808000000000007
2022-09-02;104.491;116.684;12.192999999999998
2022-09-05;104.367;116.37;12.003
2022-09-06;104.222;115.573;11.350999999999999
2022-09-07;104.369;116.182;11.813000000000002
2022-09-08;104.218;115.814;11.59599999999999
2022-09-09;104.121;115.83;11.709000000000003
2022-09-12;104.114;115.68;11.566000000000003
2022-09-13;103.768;115.055;11.287000000000006
2022-09-14;103.676;114.961;11.284999999999997
2022-09-15;103.51;114.585;11.074999999999989
2022-09-16;103.543;114.741;11.197999999999993
2022-09-19;103.415;114.412;10.997
2022-09-20;103.333;113.896;10.563000000000002
2022-09-21;103.14;113.958;10.817999999999998
2022-09-22;102.946;112.723;9.777000000000001
2022-09-23;102.792;112.707;9.914999999999992
2022-09-26;102.548;111.081;8.533000000000001
2022-09-27;102.68;111.049;8.369
2022-09-28;102.971;112.674;9.703000000000003
2022-09-29;102.868;112.174;9.306000000000012
2022-09-30;102.71;111.798;9.088000000000008
2022-10-03;103.037;113.282;10.24499999999999
2022-10-04;103.067;113.376;10.309000000000012
2022-10-05;102.96;112.531;9.571000000000012
2022-10-06;102.751;111.906;9.155000000000001
2022-10-07;102.643;111.453;8.810000000000002
2022-10-10;102.63;111.108;8.478000000000009
2022-10-11;102.662;111.123;8.460999999999999
2022-10-12;102.686;111.467;8.780999999999992
2022-10-13;102.336;111.06;8.724000000000004
2022-10-14;102.301;110.56;8.259
2022-10-17;102.411;110.762;8.350999999999999
2022-10-18;102.425;110.84;8.415000000000006
2022-10-19;102.166;109.933;7.76700000000001
2022-10-20;102.035;109.37;7.335000000000008
2022-10-21;102.338;109.792;7.454000000000008
2022-10-24;102.302;109.697;7.394999999999996
2022-10-25;102.394;110.588;8.193999999999988
2022-10-26;102.513;111.134;8.620999999999995
2022-10-27;102.735;111.821;9.085999999999999
2022-10-28;102.452;111.009;8.557000000000002
2022-10-31;102.317;110.734;8.417000000000002
2022-11-01;102.171;110.57;8.398999999999987
2022-11-02;102.021;110.273;8.251999999999995
2022-11-03;101.839;109.89;8.051000000000002
2022-11-04;101.931;110.022;8.091000000000008
2022-11-07;101.801;109.662;7.861000000000004
2022-11-08;101.952;110.318;8.366
2022-11-09;102.07;110.622;8.552000000000007
2022-11-10;102.547;112.567;10.019999999999996
2022-11-11;102.528;112.317;9.788999999999987
2022-11-14;102.446;112.175;9.729
2022-11-15;102.542;112.753;10.210999999999999
2022-11-16;102.513;113.175;10.661999999999992
2022-11-17;102.336;112.643;10.307000000000002
2022-11-18;102.185;112.237;10.051999999999992
2022-11-21;102.141;112.22;10.078999999999994
2022-11-22;102.155;112.595;10.439999999999998
2022-11-23;102.222;113.033;10.811000000000007
2022-11-24;102.325;113.347;11.021999999999991
2022-11-25;102.243;113.115;10.872
2022-11-28;102.317;113.138;10.821000000000012
2022-11-29;102.234;112.726;10.492000000000004
2022-11-30;102.571;113.859;11.287999999999997
2022-12-01;102.756;114.47;11.713999999999999
2022-12-02;102.672;114.519;11.847000000000008
2022-12-05;102.436;113.746;11.309999999999988
2022-12-06;102.47;113.982;11.512
2022-12-07;102.698;114.842;12.144000000000005
2022-12-08;102.594;114.267;11.673000000000002
2022-12-09;102.522;113.77;11.24799999999999
2022-12-12;102.483;113.621;11.137999999999991
2022-12-13;102.811;114.527;11.715999999999994
2022-12-14;102.84;114.732;11.891999999999996
2022-12-15;102.768;114.766;11.998000000000005
2022-12-16;102.869;114.534;11.665000000000006
2022-12-19;102.733;113.932;11.198999999999998
2022-12-20;102.735;113.295;10.560000000000002
2022-12-21;102.803;113.422;10.619
2022-12-22;102.708;113.268;10.560000000000002
2022-12-23;102.634;113.021;10.387
2022-12-27;102.491;112.28;9.789000000000001
2022-12-28;102.466;112.017;9.551000000000002
2022-12-29;102.443;112.347;9.903999999999996
2022-12-30;102.353;112.037;9.684000000000012
2023-01-03;102.439;112.779;10.340000000000003
2023-01-04;102.495;113.218;10.722999999999999
2023-01-05;102.291;112.83;10.539000000000001
2023-01-06;102.688;114.159;11.471000000000004
2023-01-09;102.782;114.337;11.555000000000007
2023-01-10;102.702;113.84;11.138000000000005
2023-01-11;102.759;114.341;11.581999999999994
2023-01-12;102.901;115.108;12.207000000000008
2023-01-13;102.743;114.642;11.899000000000001
2023-01-16;102.735;114.508;11.772999999999996
2023-01-17;102.8;114.432;11.632000000000005
2023-01-18;103.03;115.746;12.715999999999994
2023-01-19;102.958;115.498;12.540000000000006
2023-01-20;102.878;114.923;12.045000000000002
2023-01-23;102.771;114.617;11.846000000000004
2023-01-24;102.816;114.947;12.131
2023-01-25;102.864;115.106;12.24199999999999
2023-01-26;102.761;114.686;11.925000000000011
2023-01-27;102.72;114.564;11.843999999999994
2023-01-30;102.66;114.289;11.629000000000005
2023-01-31;102.732;114.526;11.793999999999997
2023-02-01;102.909;115.246;12.336999999999989
2023-02-02;102.915;115.404;12.48899999999999
2023-02-03;102.566;114.345;11.778999999999996
2023-02-06;102.225;113.321;11.096000000000004
2023-02-07;102.242;113.183;10.941000000000003
2023-02-08;102.31;113.544;11.233999999999995
2023-02-09;102.188;113.093;10.905000000000001
2023-02-10;102.108;112.611;10.503
2023-02-13;102.117;112.79;10.673000000000002
2023-02-14;101.909;112.323;10.413999999999987
2023-02-15;101.883;111.99;10.107
2023-02-16;101.866;111.672;9.805999999999997
2023-02-17;101.922;111.955;10.033000000000001
2023-02-20;101.859;111.711;9.852000000000004
2023-02-21;101.731;110.995;9.26400000000001
2023-02-22;101.741;111.138;9.397000000000006
2023-02-23;101.735;111.359;9.623999999999995
2023-02-24;101.534;110.834;9.299999999999997
2023-02-27;101.611;111.12;9.509
2023-02-28;101.559;111.039;9.480000000000004
2023-03-01;101.405;110.515;9.11
2023-03-02;101.39;110.053;8.662999999999997
2023-03-03;101.451;110.648;9.197000000000003
2023-03-06;101.405;110.646;9.241
2023-03-07;101.177;110.495;9.317999999999998
2023-03-08;101.053;110.329;9.275999999999996
2023-03-09;101.476;111.205;9.729
2023-03-10;102.047;112.563;10.516000000000005
2023-03-13;103.263;113.868;10.60499999999999
2023-03-14;102.704;113.017;10.313000000000002
2023-03-15;103.449;114.858;11.409000000000006
2023-03-16;102.9;113.734;10.833999999999989
2023-03-17;103.561;115.039;11.477999999999994
2023-03-20;103.269;114.586;11.316999999999993
2023-03-21;102.876;113.672;10.795999999999992
2023-03-22;103.342;115.062;11.719999999999999
2023-03-23;103.559;115.402;11.843000000000004
2023-03-24;103.682;115.686;12.004000000000005
2023-03-27;103.248;114.572;11.323999999999998
2023-03-28;102.993;114.172;11.179000000000002
2023-03-29;102.968;114.099;11.131
2023-03-30;102.896;114.119;11.222999999999999
2023-03-31;103.094;114.715;11.62100000000001
2023-04-03;103.209;115.197;11.988
2023-04-04;103.492;115.84;12.347999999999999
2023-04-05;103.565;116.001;12.436000000000007
2023-04-06;103.466;116.052;12.586000000000013
2023-04-07;103.206;115.41;12.203999999999994
2023-04-10;103.132;115.168;12.036000000000001
2023-04-11;103.118;115.126;12.00800000000001
2023-04-12;103.234;115.489;12.25500000000001
2023-04-13;103.216;115.166;11.950000000000003
2023-04-14;102.959;114.579;11.61999999999999
2023-04-17;102.789;113.985;11.195999999999998
2023-04-18;102.775;114.146;11.370999999999995
2023-04-19;102.672;113.979;11.307000000000002
2023-04-20;102.873;114.42;11.546999999999997
2023-04-21;102.811;114.16;11.34899999999999
2023-04-24;102.999;114.782;11.783000000000001
2023-04-25;103.269;115.472;12.202999999999989
2023-04-26;103.164;115.15;11.986000000000004
2023-04-27;102.94;114.508;11.567999999999998
2023-04-28;103.055;115.23;12.174999999999997
2023-05-01;102.797;114.269;11.472000000000008
2023-05-02;103.123;115.396;12.272999999999996
2023-05-03;103.449;116.243;12.793999999999997
2023-05-04;103.481;116.038;12.557000000000002
2023-05-05;103.221;115.551;12.329999999999998
2023-05-08;103.066;115.035;11.968999999999994
2023-05-09;103.024;114.962;11.938000000000002
2023-05-10;103.235;115.606;12.370999999999995
2023-05-11;103.245;115.876;12.631
2023-05-12;103.071;115.225;12.153999999999996
2023-05-15;103.043;115.052;12.009
2023-05-16;102.897;114.761;11.86399999999999
2023-05-17;102.755;114.453;11.698000000000008
2023-05-18;102.57;113.818;11.248000000000005
2023-05-19;102.549;113.495;10.945999999999998
2023-05-22;102.45;113.322;10.872
2023-05-23;102.44;113.498;11.058000000000007
2023-05-24;102.24;113.066;10.826000000000008
2023-05-25;101.969;112.431;10.462000000000003
2023-05-26;101.888;112.454;10.565999999999988
2023-05-29;101.848;112.584;10.736000000000004
2023-05-30;102.142;113.243;11.100999999999999
2023-05-31;102.246;113.53;11.284000000000006
2023-06-01;102.381;113.926;11.545000000000002
2023-06-02;102.049;113.002;10.952999999999989
2023-06-05;102.123;113.148;11.024999999999991
2023-06-06;102.066;113.234;11.167999999999992
2023-06-07;101.92;112.34;10.420000000000002
2023-06-08;101.987;112.922;10.935000000000002
2023-06-09;101.83;112.634;10.804000000000002
2023-06-12;101.884;112.75;10.866
2023-06-13;101.68;112.106;10.425999999999988
2023-06-14;101.631;112.253;10.622
2023-06-15;101.71;112.772;11.062000000000012
2023-06-16;101.579;112.376;10.797000000000011
2023-06-19;101.513;112.071;10.557999999999993
2023-06-20;101.659;112.639;10.97999999999999
2023-06-21;101.61;112.615;11.004999999999995
2023-06-22;101.459;112.079;10.61999999999999
2023-06-23;101.554;112.428;10.873999999999995
2023-06-26;101.578;112.574;10.995999999999995
2023-06-27;101.435;112.224;10.789000000000001
2023-06-28;101.522;112.62;11.097999999999999
2023-06-29;101.22;111.61;10.39
2023-06-30;101.156;111.5;10.343999999999994
2023-07-03;101.101;111.367;10.266000000000005
2023-07-04;101.156;111.373;10.216999999999999
2023-07-05;101.081;110.837;9.756
2023-07-06;101.002;110.161;9.159000000000006
2023-07-07;101.064;109.966;8.902000000000001
2023-07-10;101.239;110.687;9.447999999999993
2023-07-11;101.214;110.788;9.573999999999998
2023-07-12;101.483;111.744;10.260999999999996
2023-07-13;101.703;112.474;10.771
2023-07-14;101.455;111.945;10.489999999999995
2023-07-17;101.521;112.154;10.632999999999996
2023-07-18;101.476;112.239;10.763000000000005
2023-07-19;101.481;112.449;10.968000000000004
2023-07-20;101.339;111.678;10.338999999999999
2023-07-21;101.344;111.779;10.435000000000002
2023-07-24;101.231;111.49;10.259
2023-07-25;101.209;111.357;10.147999999999996
2023-07-26;101.25;111.535;10.284999999999997
2023-07-27;101.092;110.671;9.579000000000008
2023-07-28;101.188;111.044;9.855999999999995
2023-07-31;101.206;111.027;9.820999999999998
2023-08-01;101.149;110.707;9.557999999999993
2023-08-02;101.209;110.434;9.224999999999994
2023-08-03;101.206;109.943;8.736999999999995
2023-08-04;101.402;110.963;9.560999999999993
2023-08-07;101.418;110.689;9.270999999999987
2023-08-08;101.457;111.101;9.644000000000005
2023-08-09;101.362;111.046;9.684000000000012
2023-08-10;101.309;110.399;9.090000000000003
2023-08-11;101.215;109.954;8.73899999999999
2023-08-14;101.093;109.664;8.570999999999998
2023-08-15;101.117;109.562;8.444999999999993
2023-08-16;101.101;109.32;8.218999999999994
2023-08-17;101.177;109.233;8.055999999999997
2023-08-18;101.153;109.35;8.196999999999989
2023-08-21;101.059;108.826;7.766999999999996
2023-08-22;100.987;108.817;7.829999999999998
2023-08-23;101.144;109.651;8.50699999999999
2023-08-24;101.052;109.346;8.293999999999997
2023-08-25;100.954;109.244;8.290000000000006
2023-08-28;101.044;109.498;8.454000000000008
2023-08-29;101.266;110.171;8.905000000000001
2023-08-30;101.294;110.224;8.930000000000007
2023-08-31;101.326;110.292;8.966000000000008
2023-09-01;101.292;109.909;8.617000000000004
2023-09-04;101.239;109.707;8.46799999999999
2023-09-05;101.136;109.388;8.25200000000001
2023-09-06;101.008;109.168;8.16000000000001
2023-09-07;101.149;109.446;8.296999999999997
2023-09-08;101.076;109.281;8.205000000000013
2023-09-11;101.09;109.196;8.105999999999995
2023-09-12;101.025;109.195;8.169999999999987
2023-09-13;101.127;109.434;8.307000000000002
2023-09-14;101.042;109.206;8.164000000000001
2023-09-15;101.0;108.901;7.900999999999996
2023-09-18;100.975;109.058;8.083000000000013
2023-09-19;100.898;108.644;7.746000000000009
2023-09-20;100.736;108.245;7.509
2023-09-21;100.795;107.846;7.051000000000002
2023-09-22;100.862;108.225;7.3629999999999995
2023-09-25;100.853;107.729;6.876000000000005
2023-09-26;100.865;107.758;6.893000000000001
2023-09-27;100.737;107.226;6.489000000000004
2023-09-28;100.894;107.496;6.60199999999999
2023-09-29;100.934;107.58;6.646000000000001
2023-10-02;100.821;106.912;6.091000000000008
2023-10-03;100.734;106.233;5.499000000000009
2023-10-04;100.922;106.659;5.737000000000009
2023-10-05;101.001;106.851;5.849999999999994
2023-10-06;100.877;106.343;5.466000000000008
2023-10-09;101.171;107.434;6.262999999999991
2023-10-10;101.11;107.315;6.204999999999998
2023-10-11;101.081;107.74;6.658999999999992
2023-10-12;100.928;106.921;5.993000000000009
2023-10-13;100.966;107.394;6.4280000000000115
2023-10-16;100.889;106.85;5.9609999999999985
2023-10-17;100.687;105.905;5.2180000000000035
2023-10-18;100.669;105.459;4.790000000000006
2023-10-19;100.794;105.106;4.311999999999998
2023-10-20;100.95;105.673;4.722999999999999
2023-10-23;101.019;106.079;5.059999999999988
2023-10-24;100.903;106.084;5.180999999999997
2023-10-25;100.83;105.326;4.495999999999995
2023-10-26;100.986;106.033;5.046999999999997
2023-10-27;101.046;106.163;5.11699999999999
2023-10-30;100.97;105.821;4.850999999999999
2023-10-31;100.909;105.608;4.698999999999998
2023-11-01;101.17;106.923;5.753
2023-11-02;101.089;107.24;6.150999999999996
2023-11-03;101.371;107.979;6.608000000000004
2023-11-06;101.21;107.466;6.256
2023-11-07;101.246;107.892;6.646000000000001
2023-11-08;101.219;108.21;6.991
2023-11-09;101.068;107.304;6.236000000000004
2023-11-10;100.981;107.051;6.070000000000007
2023-11-13;101.04;107.177;6.1370000000000005
2023-11-14;101.419;108.618;7.198999999999998
2023-11-15;101.276;108.046;6.77000000000001
2023-11-16;101.417;108.691;7.274000000000001
2023-11-17;101.328;108.588;7.259999999999991
2023-11-20;101.295;108.667;7.372
2023-11-21;101.366;108.891;7.525000000000006
2023-11-22;101.324;108.71;7.385999999999996
2023-11-23;101.275;108.434;7.158999999999992
2023-11-24;101.247;108.314;7.066999999999993
2023-11-27;101.412;108.857;7.444999999999993
2023-11-28;101.646;109.437;7.790999999999997
2023-11-29;101.835;109.877;8.042000000000002
2023-11-30;101.767;109.462;7.695000000000007
2023-12-01;102.044;110.353;8.308999999999997
2023-12-04;101.859;109.9;8.041000000000011
2023-12-05;101.984;110.449;8.465000000000003
2023-12-06;101.942;110.764;8.822000000000003
2023-12-07;101.938;110.52;8.581999999999994
2023-12-08;101.682;109.918;8.236000000000004
2023-12-11;101.713;109.9;8.187000000000012
2023-12-12;101.665;110.123;8.457999999999998
2023-12-13;102.267;111.582;9.314999999999998
2023-12-14;102.347;112.093;9.74600000000001
2023-12-15;102.239;112.066;9.826999999999998
2023-12-18;102.233;111.971;9.738
2023-12-19;102.253;111.96;9.706999999999994
2023-12-20;102.463;112.541;10.078000000000003
2023-12-21;102.439;112.312;9.873000000000005
2023-12-22;102.492;112.301;9.808999999999997
2023-12-26;102.424;112.226;9.801999999999992
2023-12-27;102.557;112.9;10.343000000000004
2023-12-28;102.487;112.546;10.059000000000012
2023-12-29;102.53;112.317;9.786999999999992
2024-01-02;102.417;112.009;9.591999999999999
2024-01-03;102.405;112.091;9.685999999999993
2024-01-04;102.289;111.582;9.292999999999992
2024-01-05;102.29;111.337;9.046999999999997
2024-01-08;102.319;111.492;9.173000000000002
2024-01-09;102.339;111.62;9.281000000000006
2024-01-10;102.347;111.563;9.216000000000008
2024-01-11;102.57;112.082;9.512
2024-01-12;102.758;112.304;9.546000000000006
2024-01-15;102.7;112.115;9.414999999999992
2024-01-16;102.623;111.606;8.98299999999999
2024-01-17;102.348;111.127;8.778999999999996
2024-01-18;102.368;110.929;8.561000000000007
2024-01-19;102.298;110.996;8.697999999999993
2024-01-22;102.296;111.15;8.854
2024-01-23;102.344;111.014;8.670000000000002
2024-01-24;102.262;110.722;8.459999999999994
2024-01-25;102.426;111.148;8.721999999999994
2024-01-26;102.322;110.95;8.628
2024-01-29;102.393;111.384;8.991
2024-01-30;102.367;111.561;9.194000000000003
2024-01-31;102.605;112.392;9.786999999999992
2024-02-01;102.605;112.584;9.979
2024-02-02;102.287;111.512;9.224999999999994
2024-02-05;102.102;110.622;8.519999999999996
2024-02-06;102.239;111.047;8.807999999999993
2024-02-07;102.188;110.91;8.721999999999994
2024-02-08;102.134;110.62;8.486000000000004
2024-02-09;102.077;110.483;8.406000000000006
2024-02-12;102.086;110.466;8.379999999999995
2024-02-13;101.724;109.456;7.731999999999999
2024-02-14;101.872;109.898;8.025999999999996
2024-02-15;101.897;110.042;8.144999999999996
2024-02-16;101.784;109.672;7.887999999999991
2024-02-19;101.777;109.466;7.688999999999993
2024-02-20;101.868;109.8;7.932000000000002
2024-02-21;101.772;109.508;7.73599999999999
2024-02-22;101.678;109.372;7.694000000000003
2024-02-23;101.722;109.782;8.060000000000002
2024-02-26;101.676;109.608;7.932000000000002
2024-02-27;101.675;109.507;7.832000000000008
2024-02-28;101.781;109.807;8.025999999999996
2024-02-29;101.817;109.874;8.057000000000002
2024-03-01;101.993;110.424;8.431000000000012
2024-03-04;101.853;110.207;8.354
2024-03-05;101.947;110.618;8.670999999999992
2024-03-06;101.948;110.918;8.970000000000013
2024-03-07;102.058;111.126;9.067999999999998
2024-03-08;102.114;111.256;9.141999999999996
2024-03-11;102.008;111.054;9.046000000000006
2024-03-12;101.896;110.656;8.760000000000005
2024-03-13;101.797;110.381;8.584000000000003
2024-03-14;101.685;109.717;8.031999999999996
2024-03-15;101.589;109.521;7.932000000000002
2024-03-18;101.596;109.428;7.831999999999994
2024-03-19;101.686;109.667;7.9809999999999945
2024-03-20;101.859;109.921;8.062000000000012
2024-03-21;101.79;109.895;8.10499999999999
2024-03-22;101.893;110.383;8.489999999999995
2024-03-25;101.834;110.072;8.238
2024-03-26;101.831;110.171;8.340000000000003
2024-03-27;101.875;110.426;8.551000000000002
2024-03-28;101.755;110.26;8.50500000000001
2024-04-01;101.624;109.596;7.972000000000008
2024-04-02;101.664;109.369;7.704999999999998
2024-04-03;101.704;109.436;7.7320000000000135
2024-04-04;101.756;109.69;7.9339999999999975
2024-04-05;101.558;109.058;7.5
2024-04-08;101.492;108.888;7.396000000000001
2024-04-09;101.582;109.266;7.684000000000012
2024-04-10;101.128;107.917;6.7890000000000015
2024-04-11;101.152;107.658;6.506
2024-04-12;101.266;108.146;6.8799999999999955
2024-04-15;101.25;107.694;6.444000000000003
2024-04-16;101.126;107.248;6.122
2024-04-17;101.237;107.799;6.562000000000012
2024-04-18;101.136;107.446;6.310000000000002
2024-04-19;101.137;107.513;6.376000000000005
2024-04-22;101.184;107.607;6.423000000000002
2024-04-23;101.255;107.737;6.481999999999999
2024-04-24;101.233;107.509;6.275999999999996
2024-04-25;101.101;107.062;5.9609999999999985
2024-04-26;101.11;107.301;6.1910000000000025
2024-04-29;101.16;107.66;6.5
2024-04-30;101.045;107.197;6.152000000000001
2024-05-01;101.186;107.608;6.421999999999997
2024-05-02;101.343;108.018;6.674999999999997
2024-05-03;101.448;108.507;7.059000000000012
2024-05-06;101.448;108.648;7.200000000000003
2024-05-07;101.45;108.794;7.343999999999994
2024-05-08;101.439;108.581;7.14200000000001
2024-05-09;101.482;108.804;7.322000000000003
2024-05-10;101.391;108.514;7.1229999999999905
2024-05-13;101.414;108.576;7.161999999999992
2024-05-14;101.5;108.908;7.408000000000001
2024-05-15;101.669;109.601;7.932000000000002
2024-05-16;101.541;109.31;7.7690000000000055
2024-05-17;101.488;108.987;7.498999999999995
2024-05-20;101.456;108.848;7.391999999999996
2024-05-21;101.5;109.072;7.572000000000003
2024-05-22;101.423;108.92;7.497
2024-05-23;101.311;108.552;7.241
2024-05-24;101.297;108.634;7.337000000000003
2024-05-27;101.318;108.65;7.332000000000008
2024-05-28;101.266;108.095;6.8289999999999935
2024-05-29;101.227;107.717;6.489999999999995
2024-05-30;101.309;108.157;6.847999999999999
2024-05-31;101.418;108.471;7.052999999999997
2024-06-03;101.546;109.214;7.667999999999992
2024-06-04;101.636;109.653;8.01700000000001
2024-06-05;101.74;109.984;8.244
2024-06-06;101.744;109.926;8.182000000000002
2024-06-07;101.43;108.886;7.455999999999989
2024-06-10;101.449;108.74;7.290999999999997
2024-06-11;101.543;109.149;7.6059999999999945
2024-06-12;101.718;109.807;8.088999999999999
2024-06-13;101.842;110.309;8.466999999999999
2024-06-14;101.838;110.422;8.584000000000003
2024-06-17;101.713;110.012;8.299000000000007
2024-06-18;101.822;110.39;8.567999999999998
2024-06-19;101.818;110.33;8.512
2024-06-20;101.78;110.148;8.367999999999995
2024-06-21;101.784;110.166;8.38199999999999
2024-06-24;101.814;110.318;8.504000000000005
2024-06-25;101.772;110.181;8.408999999999992
2024-06-26;101.679;109.686;8.007000000000005
2024-06-27;101.752;109.955;8.203000000000003
2024-06-28;101.671;109.35;7.678999999999988
2024-07-01;101.663;108.956;7.293000000000006
2024-07-02;101.698;109.178;7.480000000000004
2024-07-03;101.772;109.664;7.891999999999996
2024-07-04;101.76;109.605;7.844999999999999
2024-07-05;101.971;110.28;8.308999999999997
2024-07-08;101.94;110.244;8.304000000000002
2024-07-09;101.951;110.17;8.219000000000008
2024-07-10;101.959;110.22;8.260999999999996
2024-07-11;102.162;110.77;8.60799999999999
2024-07-12;102.279;110.96;8.680999999999997
2024-07-15;102.286;110.721;8.435000000000002
2024-07-16;102.352;111.162;8.810000000000002
2024-07-17;102.321;111.15;8.829000000000008
2024-07-18;102.247;110.888;8.641000000000005
2024-07-19;102.173;110.58;8.406999999999996
2024-07-22;102.169;110.528;8.359000000000009
2024-07-23;102.22;110.564;8.343999999999994
2024-07-24;102.259;110.442;8.182999999999993
2024-07-25;102.26;110.696;8.435999999999993
2024-07-26;102.348;111.026;8.677999999999997
2024-07-29;102.325;111.132;8.807000000000002
2024-07-30;102.404;111.4;8.99600000000001
2024-07-31;102.594;112.121;9.527000000000001
2024-08-01;102.815;112.577;9.762
2024-08-02;103.326;113.954;10.628
2024-08-05;103.261;113.856;10.594999999999999
2024-08-06;103.152;113.204;10.051999999999992
2024-08-07;103.168;112.942;9.773999999999987
2024-08-08;103.023;112.556;9.533000000000001
2024-08-09;102.981;112.81;9.829000000000008
2024-08-12;103.059;113.117;10.058000000000007
2024-08-13;103.219;113.543;10.324000000000012
2024-08-14;103.168;113.53;10.361999999999995
2024-08-15;102.907;112.863;9.956000000000003
2024-08-16;102.985;113.054;10.069000000000003
2024-08-19;102.962;113.096;10.134
2024-08-20;103.106;113.522;10.416000000000011
2024-08-21;103.203;113.65;10.447000000000003
2024-08-22;103.059;113.232;10.173000000000002
2024-08-23;103.219;113.642;10.423000000000002
2024-08-26;103.188;113.482;10.293999999999997
2024-08-27;103.262;113.516;10.254000000000005
2024-08-28;103.235;113.442;10.206999999999994
2024-08-29;103.175;113.266;10.091000000000008
2024-08-30;103.138;112.992;9.854
2024-09-02;103.118;112.868;9.75
2024-09-03;103.245;113.496;10.25099999999999
2024-09-04;103.475;114.046;10.571000000000012
2024-09-05;103.492;114.176;10.683999999999997
2024-09-06;103.691;114.415;10.724000000000004
2024-09-09;103.668;114.463;10.794999999999987
2024-09-10;103.81;114.904;11.093999999999994
2024-09-11;103.714;114.786;11.072000000000003
2024-09-12;103.705;114.636;10.930999999999997
2024-09-13;103.803;114.828;11.025000000000006
2024-09-16;103.873;115.032;11.158999999999992
2024-09-17;103.758;114.788;11.030000000000001
2024-09-18;103.706;114.42;10.713999999999999
2024-09-19;103.785;114.364;10.579000000000008
2024-09-20;103.76;114.229;10.468999999999994
2024-09-23;103.787;114.184;10.396999999999991
2024-09-24;103.89;114.408;10.518
2024-09-25;103.79;114.024;10.233999999999995
2024-09-26;103.658;113.874;10.215999999999994
2024-09-27;103.798;114.222;10.423999999999992
2024-09-30;103.642;113.944;10.302000000000007
2024-10-01;103.714;114.307;10.593000000000004
2024-10-02;103.645;113.986;10.341000000000008
2024-10-03;103.51;113.508;9.99799999999999
2024-10-04;103.073;112.487;9.414000000000001
2024-10-07;102.952;112.083;9.131
2024-10-08;103.017;112.182;9.165000000000006
2024-10-09;102.885;111.737;8.85199999999999
2024-10-10;103.011;111.882;8.87100000000001
2024-10-11;103.013;111.686;8.673000000000002
2024-10-14;102.982;111.608;8.626000000000005
2024-10-15;103.05;112.082;9.031999999999996
2024-10-16;103.07;112.18;9.110000000000014
2024-10-17;103.004;111.734;8.72999999999999
2024-10-18;103.05;111.833;8.783000000000001
2024-10-21;102.888;111.118;8.22999999999999
2024-10-22;102.865;110.998;8.13300000000001
2024-10-23;102.785;110.692;7.9069999999999965
2024-10-24;102.806;110.869;8.063000000000002
2024-10-25;102.749;110.687;7.938000000000002
2024-10-28;102.691;110.376;7.685000000000002
2024-10-29;102.774;110.6;7.825999999999993
2024-10-30;102.616;110.168;7.552000000000007
2024-10-31;102.629;110.159;7.530000000000001
2024-11-01;102.557;109.619;7.061999999999998
2024-11-04;102.659;110.243;7.583999999999989
2024-11-05;102.614;110.264;7.6499999999999915
2024-11-06;102.451;109.272;6.821000000000012
2024-11-07;102.577;110.056;7.478999999999999
2024-11-08;102.482;110.031;7.549000000000007
2024-11-11;102.431;109.798;7.367000000000004
2024-11-12;102.332;109.226;6.8940000000000055
2024-11-13;102.431;109.2;6.7690000000000055
2024-11-14;102.326;109.174;6.848000000000013
2024-11-15;102.391;109.226;6.834999999999994
2024-11-18;102.445;109.445;7.0
2024-11-19;102.447;109.56;7.1129999999999995
2024-11-20;102.389;109.456;7.067000000000007
2024-11-21;102.345;109.368;7.022999999999996
2024-11-22;102.303;109.514;7.2109999999999985
2024-11-25;102.515;110.351;7.8359999999999985
2024-11-26;102.503;110.152;7.649000000000001
2024-11-27;102.56;110.466;7.905999999999992
2024-11-28;102.571;110.592;8.021
2024-11-29;102.671;110.876;8.204999999999998
2024-12-02;102.665;110.838;8.172999999999988
2024-12-03;102.668;110.638;7.969999999999999
2024-12-04;102.781;110.921;8.14
2024-12-05;102.748;110.924;8.176000000000002
2024-12-06;102.83;111.192;8.361999999999995
2024-12-09;102.792;110.857;8.064999999999998
2024-12-10;102.741;110.688;7.947000000000003
2024-12-11;102.721;110.411;7.689999999999998
2024-12-12;102.645;110.07;7.424999999999997
2024-12-13;102.532;109.59;7.058000000000007
2024-12-16;102.526;109.582;7.055999999999997
2024-12-17;102.536;109.554;7.018000000000001
2024-12-18;102.302;108.652;6.349999999999994
2024-12-19;102.368;108.39;6.022000000000006
2024-12-20;102.402;108.736;6.334000000000003
2024-12-23;102.352;108.323;5.970999999999989
2024-12-24;102.357;108.294;5.936999999999998
2024-12-26;102.373;108.393;6.019999999999996
2024-12-27;102.373;108.162;5.7890000000000015
2024-12-30;102.549;108.81;6.260999999999996
2024-12-31;102.536;108.531;5.9950000000000045
2025-01-02;102.544;108.661;6.117000000000004
2025-01-03;102.476;108.414;5.938000000000002
2025-01-06;102.493;108.267;5.774000000000001
2025-01-07;102.461;107.973;5.5120000000000005
2025-01-08;102.483;107.975;5.49199999999999
2025-01-09;102.525;108.01;5.484999999999999
2025-01-10;102.295;107.31;5.015000000000001
2025-01-13;102.296;107.178;4.881999999999991
2025-01-14;102.319;107.15;4.831000000000003
2025-01-15;102.513;108.119;5.6059999999999945
2025-01-16;102.583;108.418;5.835000000000008
2025-01-17;102.488;108.265;5.777000000000001
2025-01-20;102.552;108.568;6.015999999999991
2025-01-21;102.524;108.572;6.048000000000002
2025-01-22;102.484;108.34;5.856000000000009
2025-01-23;102.507;108.172;5.664999999999992
2025-01-24;102.557;108.33;5.772999999999996
2025-01-27;102.699;108.947;6.248000000000005
2025-01-28;102.709;108.996;6.286999999999992
2025-01-29;102.673;108.968;6.295000000000002
2025-01-30;102.68;109.049;6.369
2025-01-31;102.699;108.896;6.197000000000003
2025-02-03;102.611;108.763;6.152000000000001
2025-02-04;102.677;109.062;6.384999999999991
2025-02-05;102.73;109.626;6.896000000000001
2025-02-06;102.679;109.473;6.793999999999997
2025-02-07;102.537;109.038;6.500999999999991
2025-02-10;102.576;109.094;6.518000000000001
2025-02-11;102.553;108.862;6.3089999999999975
2025-02-12;102.432;108.24;5.807999999999993
2025-02-13;102.521;108.837;6.3160000000000025
2025-02-14;102.61;109.198;6.587999999999994
2025-02-17;102.63;109.128;6.498000000000005
2025-02-18;102.548;108.725;6.1769999999999925
2025-02-19;102.617;108.884;6.266999999999996
2025-02-20;102.62;109.058;6.438000000000002
2025-02-21;102.752;109.514;6.7620000000000005
2025-02-24;102.814;109.756;6.942000000000007
2025-02-25;102.966;110.471;7.50500000000001
2025-02-26;103.023;110.752;7.728999999999999
2025-02-27;103.057;110.754;7.697000000000003
2025-02-28;103.18;111.113;7.932999999999993
2025-03-03;103.258;111.506;8.248000000000005
2025-03-04;103.194;110.928;7.733999999999995
2025-03-05;103.158;110.694;7.536000000000001
2025-03-06;103.242;110.758;7.515999999999991
2025-03-07;103.167;110.586;7.418999999999997
2025-03-10;103.408;111.275;7.867000000000004
2025-03-11;103.282;110.823;7.540999999999997
2025-03-12;103.195;110.621;7.426000000000002
2025-03-13;103.262;110.902;7.640000000000001
2025-03-14;103.138;110.544;7.405999999999992
2025-03-17;103.09;110.577;7.486999999999995
2025-03-18;103.097;110.686;7.589000000000013
2025-03-19;103.236;111.016;7.780000000000001
2025-03-20;103.259;111.062;7.802999999999997
2025-03-21;103.292;111.079;7.786999999999992
2025-03-24;103.128;110.472;7.343999999999994
2025-03-25;103.166;110.644;7.478000000000009
2025-03-26;103.125;110.394;7.2690000000000055
2025-03-27;103.179;110.442;7.262999999999991
2025-03-28;103.349;111.161;7.811999999999998
2025-03-31;103.403;111.398;7.99499999999999
2025-04-01;103.41;111.632;8.222000000000008
2025-04-02;103.439;111.898;8.459000000000003
2025-04-03;103.804;112.804;9.0
2025-04-04;103.874;112.93;9.056000000000012
2025-04-07;103.671;111.792;8.120999999999995
2025-04-08;103.755;111.293;7.538000000000011
2025-04-09;103.375;110.7;7.325000000000003
2025-04-10;103.452;110.294;6.841999999999999
2025-04-11;103.272;109.717;6.444999999999993
2025-04-14;103.497;110.641;7.1440000000000055
2025-04-15;103.499;110.891;7.39200000000001
2025-04-16;103.651;111.408;7.757000000000005
2025-04-17;103.626;111.11;7.483999999999995
2025-04-21;103.671;110.692;7.020999999999987
2025-04-22;103.564;110.646;7.082000000000008
2025-04-23;103.43;110.599;7.168999999999997
2025-04-24;103.573;111.116;7.543000000000006
2025-04-25;103.662;111.631;7.968999999999994
2025-04-28;103.775;111.883;8.10799999999999
2025-04-29;103.856;112.133;8.277000000000001
2025-04-30;103.94;112.322;8.382000000000005
2025-05-01;103.751;111.885;8.134
2025-05-02;103.512;111.213;7.700999999999993
2025-05-05;103.5;111.028;7.528000000000006
2025-05-06;103.6;111.326;7.725999999999999
2025-05-07;103.606;111.544;7.938000000000002
2025-05-08;103.433;110.796;7.3629999999999995
2025-05-09;103.392;110.718;7.326000000000008
2025-05-12;103.179;110.064;6.884999999999991
2025-05-13;103.192;110.111;6.919000000000011
2025-05-14;103.094;109.628;6.534000000000006
2025-05-15;103.26;110.347;7.086999999999989
2025-05-16;103.173;109.988;6.814999999999998
2025-05-19;103.236;110.24;7.003999999999991
2025-05-20;103.253;110.132;6.879000000000005
2025-05-21;103.167;109.46;6.292999999999992
2025-05-22;103.216;109.945;6.728999999999999
2025-05-23;103.222;110.039;6.817000000000007
2025-05-26;103.232;110.082;6.849999999999994
2025-05-27;103.263;110.442;7.178999999999988
2025-05-28;103.212;110.208;6.995999999999995
2025-05-29;103.319;110.646;7.326999999999998
2025-05-30;103.396;110.802;7.406000000000006
2025-06-02;103.322;110.538;7.215999999999994
2025-06-03;103.286;110.444;7.158000000000001
2025-06-04;103.469;111.131;7.662000000000006
2025-06-05;103.358;110.757;7.399000000000001
2025-06-06;103.115;109.898;6.783000000000001
2025-06-09;103.199;110.149;6.950000000000003
2025-06-10;103.162;110.15;6.9879999999999995
2025-06-11;103.303;110.572;7.2690000000000055
2025-06-12;103.398;110.962;7.564000000000007
2025-06-13;103.319;110.728;7.408999999999992
2025-06-16;103.276;110.479;7.203000000000003
2025-06-17;103.322;110.808;7.486000000000004
2025-06-18;103.345;110.777;7.432000000000002
2025-06-19;103.378;110.87;7.492000000000004
2025-06-20;103.42;110.948;7.527999999999992
2025-06-23;103.519;111.231;7.711999999999989
2025-06-24;103.595;111.574;7.978999999999999
2025-06-25;103.629;111.638;8.009
2025-06-26;103.752;112.029;8.277000000000001
2025-06-27;103.697;111.779;8.081999999999994
2025-06-30;103.749;112.061;8.312000000000012
2025-07-01;103.642;111.874;8.232
2025-07-02;103.618;111.64;8.022000000000006
2025-07-03;103.445;111.218;7.77300000000001
2025-07-04;103.475;111.313;7.838000000000008
2025-07-07;103.422;110.986;7.564000000000007
2025-07-08;103.432;110.845;7.412999999999997
2025-07-09;103.517;111.298;7.781000000000006
2025-07-10;103.461;111.142;7.680999999999997
2025-07-11;103.429;110.8;7.370999999999995
2025-07-14;103.41;110.691;7.281000000000006
2025-07-15;103.335;110.316;6.981000000000009
2025-07-16;103.432;110.566;7.134
2025-07-17;103.407;110.582;7.174999999999997
2025-07-18;103.469;110.832;7.3629999999999995
2025-07-21;103.5;111.115;7.614999999999995
2025-07-22;103.554;111.318;7.763999999999996
2025-07-23;103.463;111.021;7.558000000000007
2025-07-24;103.4;110.882;7.481999999999999
2025-07-25;103.379;110.928;7.548999999999992
2025-07-28;103.38;110.789;7.409000000000006
2025-07-29;103.48;111.367;7.8870000000000005
2025-07-30;103.343;110.993;7.6499999999999915
2025-07-31;103.31;110.962;7.652000000000001
2025-08-01;103.824;112.227;8.403000000000006
2025-08-04;103.852;112.4;8.548000000000002
2025-08-05;103.753;112.166;8.412999999999997
2025-08-06;103.776;112.136;8.36
2025-08-07;103.747;112.058;8.311000000000007
2025-08-08;103.68;111.808;8.128
2025-08-11;103.676;111.762;8.085999999999999
2025-08-12;103.746;111.793;8.047000000000011
2025-08-13;103.85;112.2;8.350000000000009
2025-08-14;103.74;111.825;8.085000000000008
2025-08-15;103.696;111.638;7.942000000000007
2025-08-18;103.681;111.545;7.864000000000004
2025-08-19;103.707;111.733;8.02600000000001
2025-08-20;103.718;111.858;8.14
2025-08-21;103.635;111.546;7.911000000000001
2025-08-22;103.81;112.14;8.329999999999998
2025-08-25;103.763;111.953;8.189999999999998
2025-08-26;103.83;112.16;8.329999999999998
2025-08-27;103.908;112.442;8.533999999999992
2025-08-28;103.869;112.582;8.712999999999994
2025-08-29;103.895;112.458;8.563000000000002
2025-09-01;103.869;112.333;8.463999999999999
2025-09-02;103.845;112.225;8.379999999999995
2025-09-03;103.891;112.49;8.59899999999999
2025-09-04;103.96;112.866;8.906000000000006
2025-09-05;104.104;113.381;9.277000000000001
2025-09-08;104.16;113.554;9.394000000000005
2025-09-09;104.023;113.211;9.188000000000002
2025-09-10;104.046;113.43;9.384
2025-09-11;104.052;113.524;9.471999999999994
2025-09-12;104.012;113.196;9.183999999999997
2025-09-15;104.058;113.385;9.326999999999998
2025-09-16;104.126;113.494;9.367999999999995
2025-09-17;104.032;113.026;8.994
2025-09-18;104.008;112.948;8.939999999999998
2025-09-19;103.988;112.792;8.804000000000002
2025-09-22;103.935;112.653;8.718000000000004
2025-09-23;103.965;112.903;8.938000000000002
2025-09-24;103.894;112.591;8.696999999999989
2025-09-25;103.797;112.326;8.528999999999996
2025-09-26;103.815;112.263;8.448000000000008
2025-09-29;103.875;112.514;8.638999999999996
2025-09-30;103.894;112.436;8.542000000000002
2025-10-01;104.041;112.859;8.817999999999998
2025-10-02;104.029;112.922;8.893
2025-10-03;103.957;112.609;8.652000000000001
2025-10-06;103.944;112.422;8.477999999999994
2025-10-07;103.99;112.642;8.652000000000001
2025-10-08;103.958;112.642;8.683999999999997
2025-10-09;103.937;112.502;8.564999999999998
2025-10-10;104.108;113.236;9.128
2025-10-13;104.129;113.174;9.045000000000002
2025-10-14;104.167;113.332;9.164999999999992
2025-10-15;104.136;113.3;9.164000000000001
2025-10-16;104.275;113.722;9.446999999999989
2025-10-17;104.208;113.426;9.218000000000004
2025-10-20;104.217;113.598;9.381
2025-10-21;104.224;113.693;9.468999999999994
2025-10-22;104.243;113.756;9.513000000000005
2025-10-23;104.157;113.396;9.239000000000004
2025-10-24;104.164;113.382;9.218000000000004
2025-10-27;104.153;113.476;9.322999999999993
2025-10-28;104.149;113.476;9.326999999999998
2025-10-29;103.953;112.758;8.804999999999993
2025-10-30;103.933;112.665;8.732
2025-10-31;103.987;112.821;8.834000000000003
2025-11-03;103.946;112.634;8.688000000000002
2025-11-04;104.0;112.806;8.805999999999997
2025-11-05;103.893;112.308;8.415000000000006
2025-11-06;104.041;112.854;8.813000000000002
2025-11-07;104.028;112.823;8.794999999999987
2025-11-10;103.984;112.636;8.652000000000001
2025-11-11;104.057;112.996;8.938999999999993
2025-11-12;104.021;112.966;8.944999999999993
2025-11-13;103.985;112.716;8.730999999999995
2025-11-14;103.945;112.512;8.567000000000007
2025-11-17;103.955;112.576;8.620999999999995
2025-11-18;104.024;112.826;8.801999999999992
2025-11-19;103.984;112.624;8.64
2025-11-20;104.097;113.03;8.933000000000007
2025-11-21;104.146;113.202;9.055999999999997
2025-11-24;104.163;113.422;9.259
2025-11-25;104.202;113.642;9.439999999999998
2025-11-26;104.172;113.642;9.469999999999999
2025-11-27;104.166;113.594;9.427999999999997
2025-11-28;104.138;113.4;9.262
2025-12-01;104.072;112.934;8.861999999999995
2025-12-02;104.11;112.966;8.855999999999995
2025-12-03;104.155;113.136;8.980999999999995
2025-12-04;104.079;112.854;8.775000000000006
2025-12-05;104.0;112.604;8.604
2025-12-08;103.979;112.352;8.373000000000005
2025-12-09;103.892;112.101;8.209000000000003
2025-12-10;104.038;112.412;8.37400000000001
2025-12-11;104.032;112.397;8.365000000000009
2025-12-12;104.063;112.286;8.222999999999999
2025-12-15;104.112;112.394;8.28200000000001
2025-12-16;104.142;112.582;8.439999999999998
2025-12-17;104.152;112.534;8.382000000000005
2025-12-18;104.201;112.784;8.583000000000013
2025-12-19;104.156;112.548;8.391999999999996
2025-12-22;104.12;112.421;8.301000000000002
2025-12-23;104.056;112.342;8.286000000000001
2025-12-24;104.113;112.561;8.448000000000008
2025-12-26;104.164;112.638;8.474000000000004
2025-12-29;104.218;112.792;8.573999999999998
2025-12-30;104.228;112.698;8.469999999999999
2025-12-31;104.192;112.354;8.162000000000006
2026-01-02;104.168;112.227;8.058999999999997
2026-01-05;104.218;112.475;8.25699999999999
2026-01-06;104.197;112.428;8.230999999999995
2026-01-07;104.18;112.536;8.355999999999995
2026-01-08;104.147;112.38;8.23299999999999
2026-01-09;104.068;112.285;8.216999999999999
2026-01-12;104.074;112.236;8.162000000000006
2026-01-13;104.073;112.236;8.163000000000011
2026-01-14;104.118;112.532;8.414000000000001
2026-01-15;104.011;112.203;8.192000000000007
2026-01-16;103.975;111.844;7.869
2026-01-19;103.981;111.654;7.673000000000002
2026-01-20;103.964;111.434;7.469999999999999
2026-01-21;103.982;111.73;7.748000000000005
2026-01-22;103.937;111.636;7.698999999999998
2026-01-23;103.971;111.776;7.804999999999993
2026-01-26;103.986;111.837;7.850999999999999
2026-01-27;104.015;111.728;7.712999999999994
2026-01-28;104.021;111.726;7.704999999999998
2026-01-29;104.047;111.82;7.772999999999996
2026-01-30;104.107;111.866;7.759
2026-02-02;104.032;111.614;7.582000000000008
2026-02-03;104.039;111.66;7.620999999999995
2026-02-04;104.068;111.644;7.576000000000008
2026-02-05;104.258;112.331;8.073000000000008
2026-02-06;104.17;112.112;7.941999999999993
2026-02-09;104.197;112.188;7.991
2026-02-10;104.257;112.515;8.257999999999996
2026-02-11;104.151;112.296;8.14500000000001
2026-02-12;104.25;112.858;8.608000000000004
2026-02-13;104.334;113.218;8.884
2026-02-16;104.342;113.262;8.920000000000002
2026-02-17;104.293;113.105;8.811999999999998
2026-02-18;104.245;112.932;8.686999999999998
2026-02-19;104.243;113.026;8.783000000000001
2026-02-20;104.206;112.947;8.741
2026-02-23;104.272;113.351;9.078999999999994
2026-02-24;104.234;113.32;9.085999999999999
2026-02-25;104.226;113.176;8.950000000000003
2026-02-26;104.317;113.534;9.217000000000013
2026-02-27;104.42;114.002;9.581999999999994